{"hidden19001290": {"Attributes": {"Sign": "Positive", "Measure": "Unit_USD_per_Share", "Tag": "us-gaap:CommonStockParOrStatedValuePerShare", "Fact": 6.25e-07, "Period": "As of 2020-12-31"}, "Labels": {}, "References": {}, "Calculation": {}}, "hidden19002086": {"Attributes": {"Tag": "us-gaap:SharebasedCompensationArrangementBySharebasedPaymentAwardExpirationPeriod", "Fact": "P10Y", "Period": "2018-07-31 to 2018-07-31"}, "Labels": {}, "References": {}, "Calculation": {}}, "hidden19002083": {"Attributes": {"Tag": "us-gaap:ShareBasedCompensationArrangementByShareBasedPaymentAwardAwardVestingPeriod1", "Fact": "P2Y", "Period": "2020-01-01 to 2020-01-01"}, "Labels": {}, "References": {}, "Calculation": {}}, "hidden19002084": {"Attributes": {"Tag": "us-gaap:ShareBasedCompensationArrangementByShareBasedPaymentAwardAwardVestingPeriod1", "Fact": "P4Y", "Period": "2020-01-01 to 2020-01-01"}, "Labels": {}, "References": {}, "Calculation": {}}, "hidden19001357": {"Attributes": {"Sign": "Positive", "Measure": "Unit_USD_per_Share", "Tag": "us-gaap:CommonStockParOrStatedValuePerShare", "Fact": 6.25e-07, "Period": "As of 2020-12-31"}, "Labels": {}, "References": {}, "Calculation": {}}, "hidden19001358": {"Attributes": {"Sign": "Positive", "Measure": "Unit_USD_per_Share", "Tag": "us-gaap:CommonStockParOrStatedValuePerShare", "Fact": 6.25e-07, "Period": "As of 2019-12-31"}, "Labels": {}, "References": {}, "Calculation": {}}, "hidden19001359": {"Attributes": {"Sign": "Positive", "Measure": "Unit_USD_per_Share", "Tag": "us-gaap:CommonStockParOrStatedValuePerShare", "Fact": 6.25e-07, "Period": "As of 2020-12-31"}, "Labels": {}, "References": {}, "Calculation": {}}, "hidden19001360": {"Attributes": {"Sign": "Positive", "Measure": "Unit_USD_per_Share", "Tag": "us-gaap:CommonStockParOrStatedValuePerShare", "Fact": 6.25e-07, "Period": "As of 2019-12-31"}, "Labels": {}, "References": {}, "Calculation": {}}, "hidden19002103": {"Attributes": {"Tag": "dei:EntityIncorporationStateCountryCode", "Fact": "E9", "Period": "2020-01-01 to 2020-01-01"}, "Labels": {}, "References": {}, "Calculation": {}}, "hidden19002940": {"Attributes": {"Tag": "dei:EntityIncorporationStateCountryCode", "Fact": "E9", "Period": "2020-01-01 to 2020-01-01"}, "Labels": {}, "References": {}, "Calculation": {}}, "hidden19002938": {"Attributes": {"Tag": "dei:EntityAddressAddressLine1", "Fact": "Baidu Campus No. 10 Shangdi 10th Street", "Period": "2020-01-01 to 2020-01-01"}, "Labels": {}, "References": {}, "Calculation": {}}, "hidden19002939": {"Attributes": {"Tag": "dei:EntityAddressAddressLine1", "Fact": "Baidu Campus No. 10 Shangdi 10th Street", "Period": "2020-01-01 to 2020-01-01"}, "Labels": {}, "References": {}, "Calculation": {}}, "hidden19002958": {"Attributes": {"Sign": "Positive", "Measure": "Unit_USD_per_Share", "Tag": "us-gaap:PreferredStockParOrStatedValuePerShare", "Fact": 6.25e-07, "Period": "As of 2020-12-31"}, "Labels": {}, "References": {}, "Calculation": {}}, "hidden19002959": {"Attributes": {"Sign": "Positive", "Measure": "Unit_USD_per_Share", "Tag": "us-gaap:PreferredStockParOrStatedValuePerShare", "Fact": 6.25e-07, "Period": "As of 2019-12-31"}, "Labels": {}, "References": {}, "Calculation": {}}, "hidden19003072": {"Attributes": {"Sign": "Positive", "Measure": "Unit_USD_per_Share", "Tag": "us-gaap:PreferredStockParOrStatedValuePerShare", "Fact": 6.25e-07, "Period": "As of 2021-03-01"}, "Labels": {}, "References": {}, "Calculation": {}}, "hidden19002953": {"Attributes": {"Sign": "Positive", "Measure": "Unit_USD_per_Share", "Tag": "us-gaap:CommonStockParOrStatedValuePerShare", "Fact": 6.25e-07, "Period": "As of 2020-12-31"}, "Labels": {}, "References": {}, "Calculation": {}}, "hidden19002954": {"Attributes": {"Sign": "Positive", "Measure": "Unit_USD_per_Share", "Tag": "us-gaap:CommonStockParOrStatedValuePerShare", "Fact": 6.25e-07, "Period": "As of 2020-12-31"}, "Labels": {}, "References": {}, "Calculation": {}}, "Fact_18999402": {"Attributes": {"Format": "zerodash", "Sign": "Positive", "Measure": "Unit_CNY", "Scale": "6", "Tag": "us-gaap:CommonStockValue", "Fact": "\u2014", "Period": "As of 2019-12-31"}, "Labels": {}, "References": {}, "Calculation": {}}, "Fact_18999401": {"Attributes": {"Format": "zerodash", "Sign": "Positive", "Measure": "Unit_CNY", "Scale": "6", "Tag": "us-gaap:CommonStockValue", "Fact": "\u2014", "Period": "As of 2020-12-31"}, "Labels": {}, "References": {}, "Calculation": {}}, "Fact_18999380": {"Attributes": {"Format": "zerodash", "Sign": "Positive", "Measure": "Unit_USD", "Scale": "6", "Tag": "us-gaap:CommonStockValue", "Fact": "\u2014", "Period": "As of 2020-12-31"}, "Labels": {}, "References": {}, "Calculation": {}}, "Fact_18999379": {"Attributes": {"Format": "zerodash", "Sign": "Positive", "Measure": "Unit_CNY", "Scale": "6", "Tag": "us-gaap:CommonStockValue", "Fact": "\u2014", "Period": "As of 2019-12-31"}, "Labels": {}, "References": {}, "Calculation": {}}, "Fact_18999378": {"Attributes": {"Format": "zerodash", "Sign": "Positive", "Measure": "Unit_CNY", "Scale": "6", "Tag": "us-gaap:CommonStockValue", "Fact": "\u2014", "Period": "As of 2020-12-31"}, "Labels": {}, "References": {}, "Calculation": {}}, "Fact_18999377": {"Attributes": {"Format": "zerodash", "Sign": "Positive", "Measure": "Unit_USD", "Scale": "6", "Tag": "us-gaap:CommonStockValue", "Fact": "\u2014", "Period": "As of 2020-12-31"}, "Labels": {}, "References": {}, "Calculation": {}}, "Fact_18999530": {"Attributes": {"Format": "numdotdecimal", "Sign": "Positive", "Measure": "Unit_CNY_per_Share", "Scale": "0", "Tag": "us-gaap:EarningsPerShareDiluted", "Fact": 9.75, "Period": "2018-01-01 to 2018-01-01"}, "Labels": {}, "References": {}, "Calculation": {}}, "Fact_18999529": {"Attributes": {"Format": "numdotdecimal", "Sign": "Positive", "Measure": "Unit_CNY_per_Share", "Scale": "0", "Tag": "us-gaap:EarningsPerShareDiluted", "Fact": 0.7, "Period": "2019-01-01 to 2019-01-01"}, "Labels": {}, "References": {}, "Calculation": {}}, "Fact_18999528": {"Attributes": {"Format": "numdotdecimal", "Sign": "Positive", "Measure": "Unit_CNY_per_Share", "Scale": "0", "Tag": "us-gaap:EarningsPerShareDiluted", "Fact": 8.12, "Period": "2020-01-01 to 2020-01-01"}, "Labels": {}, "References": {}, "Calculation": {}}, "Fact_18999527": {"Attributes": {"Format": "numdotdecimal", "Sign": "Positive", "Measure": "Unit_USD_per_Share", "Scale": "0", "Tag": "us-gaap:EarningsPerShareDiluted", "Fact": 1.24, "Period": "2020-01-01 to 2020-01-01"}, "Labels": {}, "References": {}, "Calculation": {}}, "Fact_18999538": {"Attributes": {"Format": "numdotdecimal", "Sign": "Positive", "Measure": "Unit_CNY_per_Share", "Scale": "0", "Tag": "us-gaap:EarningsPerShareBasic", "Fact": 78.64, "Period": "2018-01-01 to 2018-01-01"}, "Labels": {}, "References": {}, "Calculation": {}}, "Fact_18999537": {"Attributes": {"Format": "numdotdecimal", "Sign": "Positive", "Measure": "Unit_CNY_per_Share", "Scale": "0", "Tag": "us-gaap:EarningsPerShareBasic", "Fact": 5.68, "Period": "2019-01-01 to 2019-01-01"}, "Labels": {}, "References": {}, "Calculation": {}}, "Fact_18999536": {"Attributes": {"Format": "numdotdecimal", "Sign": "Positive", "Measure": "Unit_CNY_per_Share", "Scale": "0", "Tag": "us-gaap:EarningsPerShareBasic", "Fact": 65.54, "Period": "2020-01-01 to 2020-01-01"}, "Labels": {}, "References": {}, "Calculation": {}}, "Fact_18999535": {"Attributes": {"Format": "numdotdecimal", "Sign": "Positive", "Measure": "Unit_USD_per_Share", "Scale": "0", "Tag": "us-gaap:EarningsPerShareBasic", "Fact": 10.04, "Period": "2020-01-01 to 2020-01-01"}, "Labels": {}, "References": {}, "Calculation": {}}, "Fact_18999522": {"Attributes": {"Format": "numdotdecimal", "Sign": "Positive", "Measure": "Unit_shares", "Scale": "6", "Tag": "us-gaap:WeightedAverageNumberOfSharesOutstandingBasic", "Fact": 2792.0, "Period": "2018-01-01 to 2018-01-01"}, "Labels": {}, "References": {}, "Calculation": {}}, "Fact_18999521": {"Attributes": {"Format": "numdotdecimal", "Sign": "Positive", "Measure": "Unit_shares", "Scale": "6", "Tag": "us-gaap:WeightedAverageNumberOfSharesOutstandingBasic", "Fact": 2787.0, "Period": "2019-01-01 to 2019-01-01"}, "Labels": {}, "References": {}, "Calculation": {}}, "Fact_18999520": {"Attributes": {"Format": "numdotdecimal", "Sign": "Positive", "Measure": "Unit_shares", "Scale": "6", "Tag": "us-gaap:WeightedAverageNumberOfSharesOutstandingBasic", "Fact": 2732.0, "Period": "2020-01-01 to 2020-01-01"}, "Labels": {}, "References": {}, "Calculation": {}}, "Fact_18999519": {"Attributes": {"Format": "numdotdecimal", "Sign": "Positive", "Measure": "Unit_shares", "Scale": "6", "Tag": "us-gaap:WeightedAverageNumberOfSharesOutstandingBasic", "Fact": 2732.0, "Period": "2020-01-01 to 2020-01-01"}, "Labels": {}, "References": {}, "Calculation": {}}, "Fact_18999518": {"Attributes": {"Format": "numdotdecimal", "Sign": "Positive", "Measure": "Unit_shares", "Scale": "6", "Tag": "us-gaap:WeightedAverageNumberOfDilutedSharesOutstanding", "Fact": 2814.0, "Period": "2018-01-01 to 2018-01-01"}, "Labels": {}, "References": {}, "Calculation": {}}, "Fact_18999517": {"Attributes": {"Format": "numdotdecimal", "Sign": "Positive", "Measure": "Unit_shares", "Scale": "6", "Tag": "us-gaap:WeightedAverageNumberOfDilutedSharesOutstanding", "Fact": 2791.0, "Period": "2019-01-01 to 2019-01-01"}, "Labels": {}, "References": {}, "Calculation": {}}, "Fact_18999516": {"Attributes": {"Format": "numdotdecimal", "Sign": "Positive", "Measure": "Unit_shares", "Scale": "6", "Tag": "us-gaap:WeightedAverageNumberOfDilutedSharesOutstanding", "Fact": 2756.0, "Period": "2020-01-01 to 2020-01-01"}, "Labels": {}, "References": {}, "Calculation": {}}, "Fact_18999515": {"Attributes": {"Format": "numdotdecimal", "Sign": "Positive", "Measure": "Unit_shares", "Scale": "6", "Tag": "us-gaap:WeightedAverageNumberOfDilutedSharesOutstanding", "Fact": 2756.0, "Period": "2020-01-01 to 2020-01-01"}, "Labels": {}, "References": {}, "Calculation": {}}, "Fact_18999700": {"Attributes": {"Format": "numdotdecimal", "Sign": "Positive", "Measure": "Unit_CNY", "Scale": "6", "Tag": "bidu:PaymentForMicroLoanOriginations", "Fact": 35824.0, "Period": "2018-01-01 to 2018-01-01"}, "Labels": {}, "References": {}, "Calculation": {}}, "Fact_19001033": {"Attributes": {"Format": "zerodash", "Sign": "Positive", "Measure": "Unit_CNY", "Scale": "6", "Tag": "bidu:PaymentForMicroLoanOriginations", "Fact": "\u2014", "Period": "2019-01-01 to 2019-01-01"}, "Labels": {}, "References": {}, "Calculation": {}}, "Fact_18999702": {"Attributes": {"Format": "zerodash", "Sign": "Positive", "Measure": "Unit_CNY", "Scale": "6", "Tag": "bidu:PaymentForMicroLoanOriginations", "Fact": "\u2014", "Period": "2020-01-01 to 2020-01-01"}, "Labels": {}, "References": {}, "Calculation": {}}, "Fact_18999703": {"Attributes": {"Format": "zerodash", "Sign": "Positive", "Measure": "Unit_USD", "Scale": "6", "Tag": "bidu:PaymentForMicroLoanOriginations", "Fact": "\u2014", "Period": "2020-01-01 to 2020-01-01"}, "Labels": {}, "References": {}, "Calculation": {}}, "Fact_18999704": {"Attributes": {"Format": "numdotdecimal", "Sign": "Positive", "Measure": "Unit_CNY", "Scale": "6", "Tag": "us-gaap:ProceedsFromCollectionOfLoansReceivable", "Fact": 38063.0, "Period": "2018-01-01 to 2018-01-01"}, "Labels": {}, "References": {}, "Calculation": {}}, "Fact_19001034": {"Attributes": {"Format": "zerodash", "Sign": "Positive", "Measure": "Unit_CNY", "Scale": "6", "Tag": "us-gaap:ProceedsFromCollectionOfLoansReceivable", "Fact": "\u2014", "Period": "2019-01-01 to 2019-01-01"}, "Labels": {}, "References": {}, "Calculation": {}}, "Fact_18999706": {"Attributes": {"Format": "zerodash", "Sign": "Positive", "Measure": "Unit_CNY", "Scale": "6", "Tag": "us-gaap:ProceedsFromCollectionOfLoansReceivable", "Fact": "\u2014", "Period": "2020-01-01 to 2020-01-01"}, "Labels": {}, "References": {}, "Calculation": {}}, "Fact_18999707": {"Attributes": {"Format": "zerodash", "Sign": "Positive", "Measure": "Unit_USD", "Scale": "6", "Tag": "us-gaap:ProceedsFromCollectionOfLoansReceivable", "Fact": "\u2014", "Period": "2020-01-01 to 2020-01-01"}, "Labels": {}, "References": {}, "Calculation": {}}, "Fact_18999708": {"Attributes": {"Format": "numdotdecimal", "Sign": "Positive", "Measure": "Unit_CNY", "Scale": "6", "Tag": "bidu:PaymentsToAcquireOtherInvestedSecurities", "Fact": 16362.0, "Period": "2018-01-01 to 2018-01-01"}, "Labels": {}, "References": {}, "Calculation": {}}, "Fact_19001035": {"Attributes": {"Format": "zerodash", "Sign": "Positive", "Measure": "Unit_CNY", "Scale": "6", "Tag": "bidu:PaymentsToAcquireOtherInvestedSecurities", "Fact": "\u2014", "Period": "2019-01-01 to 2019-01-01"}, "Labels": {}, "References": {}, "Calculation": {}}, "Fact_18999710": {"Attributes": {"Format": "zerodash", "Sign": "Positive", "Measure": "Unit_CNY", "Scale": "6", "Tag": "bidu:PaymentsToAcquireOtherInvestedSecurities", "Fact": "\u2014", "Period": "2020-01-01 to 2020-01-01"}, "Labels": {}, "References": {}, "Calculation": {}}, "Fact_18999711": {"Attributes": {"Format": "zerodash", "Sign": "Positive", "Measure": "Unit_USD", "Scale": "6", "Tag": "bidu:PaymentsToAcquireOtherInvestedSecurities", "Fact": "\u2014", "Period": "2020-01-01 to 2020-01-01"}, "Labels": {}, "References": {}, "Calculation": {}}, "Fact_18999712": {"Attributes": {"Format": "numdotdecimal", "Sign": "Positive", "Measure": "Unit_CNY", "Scale": "6", "Tag": "bidu:ProceedsFromMaturitiesOfOtherInvestedSecurities", "Fact": 24949.0, "Period": "2018-01-01 to 2018-01-01"}, "Labels": {}, "References": {}, "Calculation": {}}, "Fact_19001036": {"Attributes": {"Format": "zerodash", "Sign": "Positive", "Measure": "Unit_CNY", "Scale": "6", "Tag": "bidu:ProceedsFromMaturitiesOfOtherInvestedSecurities", "Fact": "\u2014", "Period": "2019-01-01 to 2019-01-01"}, "Labels": {}, "References": {}, "Calculation": {}}, "Fact_18999714": {"Attributes": {"Format": "zerodash", "Sign": "Positive", "Measure": "Unit_CNY", "Scale": "6", "Tag": "bidu:ProceedsFromMaturitiesOfOtherInvestedSecurities", "Fact": "\u2014", "Period": "2020-01-01 to 2020-01-01"}, "Labels": {}, "References": {}, "Calculation": {}}, "Fact_18999715": {"Attributes": {"Format": "zerodash", "Sign": "Positive", "Measure": "Unit_USD", "Scale": "6", "Tag": "bidu:ProceedsFromMaturitiesOfOtherInvestedSecurities", "Fact": "\u2014", "Period": "2020-01-01 to 2020-01-01"}, "Labels": {}, "References": {}, "Calculation": {}}, "Fact_18999768": {"Attributes": {"Format": "numdotdecimal", "Sign": "Positive", "Measure": "Unit_CNY", "Scale": "6", "Tag": "bidu:ProceedsFromThirdPartyInvestorsForSaleOfFinancialProducts", "Fact": 15143.0, "Period": "2018-01-01 to 2018-01-01"}, "Labels": {}, "References": {}, "Calculation": {}}, "Fact_18999772": {"Attributes": {"Format": "numdotdecimal", "Sign": "Positive", "Measure": "Unit_CNY", "Scale": "6", "Tag": "bidu:RepaymentToThirdPartyInvestorsForSaleOfFinancialProducts", "Fact": 33376.0, "Period": "2018-01-01 to 2018-01-01"}, "Labels": {}, "References": {}, "Calculation": {}}, "Fact_18999776": {"Attributes": {"Format": "numdotdecimal", "Sign": "Positive", "Measure": "Unit_CNY", "Scale": "6", "Tag": "us-gaap:ProceedsFromIssuanceOfSecuredDebt", "Fact": 10380.0, "Period": "2018-01-01 to 2018-01-01"}, "Labels": {}, "References": {}, "Calculation": {}}, "Fact_18999780": {"Attributes": {"Format": "numdotdecimal", "Sign": "Positive", "Measure": "Unit_CNY", "Scale": "6", "Tag": "us-gaap:RepaymentsOfSecuredDebt", "Fact": 13426.0, "Period": "2018-01-01 to 2018-01-01"}, "Labels": {}, "References": {}, "Calculation": {}}, "Fact_18999820": {"Attributes": {"Format": "numdotdecimal", "Sign": "Positive", "Measure": "Unit_shares", "Scale": "0", "Tag": "us-gaap:CommonStockSharesOutstanding", "Fact": 2785298560.0, "Period": "As of 2017-12-31"}, "Labels": {}, "References": {}, "Calculation": {}}, "Fact_18999856": {"Attributes": {"Format": "numdotdecimal", "Sign": "Positive", "Measure": "Unit_shares", "Scale": "0", "Tag": "us-gaap:StockIssuedDuringPeriodSharesShareBasedCompensation", "Fact": 26070320.0, "Period": "2018-01-01 to 2018-01-01"}, "Labels": {}, "References": {}, "Calculation": {}}, "Fact_18999929": {"Attributes": {"Format": "numdotdecimal", "Sign": "Positive", "Measure": "Unit_shares", "Scale": "0", "Tag": "us-gaap:StockRepurchasedAndRetiredDuringPeriodShares", "Fact": 16573200.0, "Period": "2018-01-01 to 2018-01-01"}, "Labels": {}, "References": {}, "Calculation": {}}, "Fact_18999954": {"Attributes": {"Format": "numdotdecimal", "Sign": "Positive", "Measure": "Unit_shares", "Scale": "0", "Tag": "us-gaap:CommonStockSharesOutstanding", "Fact": 2794795680.0, "Period": "As of 2018-12-31"}, "Labels": {}, "References": {}, "Calculation": {}}, "Fact_18999897": {"Attributes": {"Format": "numdotdecimal", "Sign": "Positive", "Measure": "Unit_shares", "Scale": "0", "Tag": "us-gaap:StockIssuedDuringPeriodSharesShareBasedCompensation", "Fact": 24997040.0, "Period": "2019-01-01 to 2019-01-01"}, "Labels": {}, "References": {}, "Calculation": {}}, "Fact_18999968": {"Attributes": {"Format": "numdotdecimal", "Sign": "Positive", "Measure": "Unit_shares", "Scale": "0", "Tag": "us-gaap:StockRepurchasedAndRetiredDuringPeriodShares", "Fact": 53162720.0, "Period": "2019-01-01 to 2019-01-01"}, "Labels": {}, "References": {}, "Calculation": {}}, "Fact_18999981": {"Attributes": {"Format": "numdotdecimal", "Sign": "Positive", "Measure": "Unit_shares", "Scale": "0", "Tag": "us-gaap:CommonStockSharesOutstanding", "Fact": 2766630000.0, "Period": "As of 2019-12-31"}, "Labels": {}, "References": {}, "Calculation": {}}, "Fact_18999988": {"Attributes": {"Format": "numdotdecimal", "Sign": "Positive", "Measure": "Unit_shares", "Scale": "0", "Tag": "us-gaap:CommonStockSharesOutstanding", "Fact": 2766630000.0, "Period": "As of 2019-12-31"}, "Labels": {}, "References": {}, "Calculation": {}}, "Fact_19000025": {"Attributes": {"Format": "numdotdecimal", "Sign": "Positive", "Measure": "Unit_shares", "Scale": "0", "Tag": "us-gaap:StockIssuedDuringPeriodSharesShareBasedCompensation", "Fact": 38595040.0, "Period": "2020-01-01 to 2020-01-01"}, "Labels": {}, "References": {}, "Calculation": {}}, "Fact_19000050": {"Attributes": {"Format": "numdotdecimal", "Sign": "Positive", "Measure": "Unit_shares", "Scale": "0", "Tag": "us-gaap:StockRepurchasedAndRetiredDuringPeriodShares", "Fact": 126096000.0, "Period": "2020-01-01 to 2020-01-01"}, "Labels": {}, "References": {}, "Calculation": {}}, "Fact_19002591": {"Attributes": {"Format": "zerodash", "Sign": "Positive", "Measure": "Unit_shares", "Scale": "0", "Tag": "us-gaap:StockholdersEquityOtherShares", "Fact": "\u2014", "Period": "2020-01-01 to 2020-01-01"}, "Labels": {}, "References": {}, "Calculation": {}}, "Fact_19000057": {"Attributes": {"Format": "numdotdecimal", "Sign": "Positive", "Measure": "Unit_shares", "Scale": "0", "Tag": "us-gaap:CommonStockSharesOutstanding", "Fact": 2679129040.0, "Period": "As of 2020-12-31"}, "Labels": {}, "References": {}, "Calculation": {}}, "Fact_19000268": {"Attributes": {"Format": "numdotdecimal", "Sign": "Positive", "Measure": "Unit_CNY", "Scale": "6", "Tag": "us-gaap:EquitySecuritiesWithoutReadilyDeterminableFairValueDownwardPriceAdjustmentAnnualAmount", "Fact": 2867.0, "Period": "2018-01-01 to 2018-01-01"}, "Labels": {}, "References": {}, "Calculation": {}}, "Fact_19000269": {"Attributes": {"Format": "numdotdecimal", "Sign": "Positive", "Measure": "Unit_CNY", "Scale": "6", "Tag": "us-gaap:EquitySecuritiesWithoutReadilyDeterminableFairValueDownwardPriceAdjustmentAnnualAmount", "Fact": 1641.0, "Period": "2019-01-01 to 2019-01-01"}, "Labels": {}, "References": {}, "Calculation": {}}, "Fact_19000270": {"Attributes": {"Format": "numdotdecimal", "Sign": "Positive", "Measure": "Unit_CNY", "Scale": "6", "Tag": "us-gaap:EquitySecuritiesWithoutReadilyDeterminableFairValueDownwardPriceAdjustmentAnnualAmount", "Fact": 2679.0, "Period": "2020-01-01 to 2020-01-01"}, "Labels": {}, "References": {}, "Calculation": {}}, "Fact_19000271": {"Attributes": {"Format": "numdotdecimal", "Sign": "Positive", "Measure": "Unit_USD", "Scale": "6", "Tag": "us-gaap:EquitySecuritiesWithoutReadilyDeterminableFairValueDownwardPriceAdjustmentAnnualAmount", "Fact": 411.0, "Period": "2020-01-01 to 2020-01-01"}, "Labels": {}, "References": {}, "Calculation": {}}, "Fact_19000287": {"Attributes": {"Format": "numdotdecimal", "Sign": "Positive", "Measure": "Unit_CNY", "Scale": "6", "Tag": "us-gaap:AssetsCurrent", "Fact": 75578.0, "Period": "As of 2019-12-31"}, "Labels": {}, "References": {}, "Calculation": {}}, "Fact_19000288": {"Attributes": {"Format": "numdotdecimal", "Sign": "Positive", "Measure": "Unit_CNY", "Scale": "6", "Tag": "us-gaap:AssetsCurrent", "Fact": 65782.0, "Period": "As of 2020-12-31"}, "Labels": {}, "References": {}, "Calculation": {}}, "Fact_19000289": {"Attributes": {"Format": "numdotdecimal", "Sign": "Positive", "Measure": "Unit_USD", "Scale": "6", "Tag": "us-gaap:AssetsCurrent", "Fact": 10082.0, "Period": "As of 2020-12-31"}, "Labels": {}, "References": {}, "Calculation": {}}, "Fact_19000290": {"Attributes": {"Format": "numdotdecimal", "Sign": "Positive", "Measure": "Unit_CNY", "Scale": "6", "Tag": "us-gaap:AssetsNoncurrent", "Fact": 127505.0, "Period": "As of 2019-12-31"}, "Labels": {}, "References": {}, "Calculation": {}}, "Fact_19000291": {"Attributes": {"Format": "numdotdecimal", "Sign": "Positive", "Measure": "Unit_CNY", "Scale": "6", "Tag": "us-gaap:AssetsNoncurrent", "Fact": 132417.0, "Period": "As of 2020-12-31"}, "Labels": {}, "References": {}, "Calculation": {}}, "Fact_19000292": {"Attributes": {"Format": "numdotdecimal", "Sign": "Positive", "Measure": "Unit_USD", "Scale": "6", "Tag": "us-gaap:AssetsNoncurrent", "Fact": 20294.0, "Period": "As of 2020-12-31"}, "Labels": {}, "References": {}, "Calculation": {}}, "Fact_19000293": {"Attributes": {"Format": "numdotdecimal", "Sign": "Positive", "Measure": "Unit_CNY", "Scale": "6", "Tag": "us-gaap:LiabilitiesCurrent", "Fact": 74118.0, "Period": "As of 2019-12-31"}, "Labels": {}, "References": {}, "Calculation": {}}, "Fact_19000294": {"Attributes": {"Format": "numdotdecimal", "Sign": "Positive", "Measure": "Unit_CNY", "Scale": "6", "Tag": "us-gaap:LiabilitiesCurrent", "Fact": 61360.0, "Period": "As of 2020-12-31"}, "Labels": {}, "References": {}, "Calculation": {}}, "Fact_19000295": {"Attributes": {"Format": "numdotdecimal", "Sign": "Positive", "Measure": "Unit_USD", "Scale": "6", "Tag": "us-gaap:LiabilitiesCurrent", "Fact": 9404.0, "Period": "As of 2020-12-31"}, "Labels": {}, "References": {}, "Calculation": {}}, "Fact_19000296": {"Attributes": {"Format": "numdotdecimal", "Sign": "Positive", "Measure": "Unit_CNY", "Scale": "6", "Tag": "us-gaap:LiabilitiesNoncurrent", "Fact": 25134.0, "Period": "As of 2019-12-31"}, "Labels": {}, "References": {}, "Calculation": {}}, "Fact_19000297": {"Attributes": {"Format": "numdotdecimal", "Sign": "Positive", "Measure": "Unit_CNY", "Scale": "6", "Tag": "us-gaap:LiabilitiesNoncurrent", "Fact": 36558.0, "Period": "As of 2020-12-31"}, "Labels": {}, "References": {}, "Calculation": {}}, "Fact_19000298": {"Attributes": {"Format": "numdotdecimal", "Sign": "Positive", "Measure": "Unit_USD", "Scale": "6", "Tag": "us-gaap:LiabilitiesNoncurrent", "Fact": 5603.0, "Period": "As of 2020-12-31"}, "Labels": {}, "References": {}, "Calculation": {}}, "Fact_19000299": {"Attributes": {"Format": "numdotdecimal", "Sign": "Positive", "Measure": "Unit_CNY", "Scale": "6", "Tag": "us-gaap:MinorityInterest", "Fact": 2047.0, "Period": "As of 2019-12-31"}, "Labels": {}, "References": {}, "Calculation": {}}, "Fact_19000300": {"Attributes": {"Format": "numdotdecimal", "Sign": "Positive", "Measure": "Unit_CNY", "Scale": "6", "Tag": "us-gaap:MinorityInterest", "Fact": 1566.0, "Period": "As of 2020-12-31"}, "Labels": {}, "References": {}, "Calculation": {}}, "Fact_19000301": {"Attributes": {"Format": "numdotdecimal", "Sign": "Positive", "Measure": "Unit_USD", "Scale": "6", "Tag": "us-gaap:MinorityInterest", "Fact": 240.0, "Period": "As of 2020-12-31"}, "Labels": {}, "References": {}, "Calculation": {}}, "Fact_19000302": {"Attributes": {"Format": "numdotdecimal", "Sign": "Positive", "Measure": "Unit_CNY", "Scale": "6", "Tag": "us-gaap:Revenues", "Fact": 29944.0, "Period": "2018-01-01 to 2018-01-01"}, "Labels": {}, "References": {}, "Calculation": {}}, "Fact_19000303": {"Attributes": {"Format": "numdotdecimal", "Sign": "Positive", "Measure": "Unit_CNY", "Scale": "6", "Tag": "us-gaap:Revenues", "Fact": 34958.0, "Period": "2019-01-01 to 2019-01-01"}, "Labels": {}, "References": {}, "Calculation": {}}, "Fact_19000304": {"Attributes": {"Format": "numdotdecimal", "Sign": "Positive", "Measure": "Unit_CNY", "Scale": "6", "Tag": "us-gaap:Revenues", "Fact": 21704.0, "Period": "2020-01-01 to 2020-01-01"}, "Labels": {}, "References": {}, "Calculation": {}}, "Fact_19000305": {"Attributes": {"Format": "numdotdecimal", "Sign": "Positive", "Measure": "Unit_USD", "Scale": "6", "Tag": "us-gaap:Revenues", "Fact": 3326.0, "Period": "2020-01-01 to 2020-01-01"}, "Labels": {}, "References": {}, "Calculation": {}}, "Fact_19000306": {"Attributes": {"Format": "numdotdecimal", "Sign": "Positive", "Measure": "Unit_CNY", "Scale": "6", "Tag": "us-gaap:GrossProfit", "Fact": 24019.0, "Period": "2018-01-01 to 2018-01-01"}, "Labels": {}, "References": {}, "Calculation": {}}, "Fact_19000307": {"Attributes": {"Format": "numdotdecimal", "Sign": "Positive", "Measure": "Unit_CNY", "Scale": "6", "Tag": "us-gaap:GrossProfit", "Fact": 27627.0, "Period": "2019-01-01 to 2019-01-01"}, "Labels": {}, "References": {}, "Calculation": {}}, "Fact_19000308": {"Attributes": {"Format": "numdotdecimal", "Sign": "Positive", "Measure": "Unit_CNY", "Scale": "6", "Tag": "us-gaap:GrossProfit", "Fact": 16838.0, "Period": "2020-01-01 to 2020-01-01"}, "Labels": {}, "References": {}, "Calculation": {}}, "Fact_19000309": {"Attributes": {"Format": "numdotdecimal", "Sign": "Positive", "Measure": "Unit_USD", "Scale": "6", "Tag": "us-gaap:GrossProfit", "Fact": 2581.0, "Period": "2020-01-01 to 2020-01-01"}, "Labels": {}, "References": {}, "Calculation": {}}, "Fact_19000310": {"Attributes": {"Format": "numdotdecimal", "Sign": "Positive", "Measure": "Unit_CNY", "Scale": "6", "Tag": "us-gaap:IncomeLossFromContinuingOperationsIncludingPortionAttributableToNoncontrollingInterest", "Fact": 3302.0, "Period": "2018-01-01 to 2018-01-01"}, "Labels": {}, "References": {}, "Calculation": {}}, "Fact_19000311": {"Attributes": {"Format": "numdotdecimal", "Sign": "Positive", "Measure": "Unit_CNY", "Scale": "6", "Tag": "us-gaap:IncomeLossFromContinuingOperationsIncludingPortionAttributableToNoncontrollingInterest", "Fact": 4271.0, "Period": "2019-01-01 to 2019-01-01"}, "Labels": {}, "References": {}, "Calculation": {}}, "Fact_19000312": {"Attributes": {"Format": "numdotdecimal", "Sign": "Negative", "Measure": "Unit_CNY", "Scale": "6", "Tag": "us-gaap:IncomeLossFromContinuingOperationsIncludingPortionAttributableToNoncontrollingInterest", "Fact": 827.0, "Period": "2020-01-01 to 2020-01-01"}, "Labels": {}, "References": {}, "Calculation": {}}, "Fact_19000313": {"Attributes": {"Format": "numdotdecimal", "Sign": "Negative", "Measure": "Unit_USD", "Scale": "6", "Tag": "us-gaap:IncomeLossFromContinuingOperationsIncludingPortionAttributableToNoncontrollingInterest", "Fact": 127.0, "Period": "2020-01-01 to 2020-01-01"}, "Labels": {}, "References": {}, "Calculation": {}}, "Fact_19000314": {"Attributes": {"Format": "numdotdecimal", "Sign": "Positive", "Measure": "Unit_CNY", "Scale": "6", "Tag": "bidu:EquityMethodInvestmentSummarizedNetIncomeLoss", "Fact": 2807.0, "Period": "2018-01-01 to 2018-01-01"}, "Labels": {}, "References": {}, "Calculation": {}}, "Fact_19000315": {"Attributes": {"Format": "numdotdecimal", "Sign": "Positive", "Measure": "Unit_CNY", "Scale": "6", "Tag": "bidu:EquityMethodInvestmentSummarizedNetIncomeLoss", "Fact": 3764.0, "Period": "2019-01-01 to 2019-01-01"}, "Labels": {}, "References": {}, "Calculation": {}}, "Fact_19000316": {"Attributes": {"Format": "numdotdecimal", "Sign": "Negative", "Measure": "Unit_CNY", "Scale": "6", "Tag": "bidu:EquityMethodInvestmentSummarizedNetIncomeLoss", "Fact": 2236.0, "Period": "2020-01-01 to 2020-01-01"}, "Labels": {}, "References": {}, "Calculation": {}}, "Fact_19000317": {"Attributes": {"Format": "numdotdecimal", "Sign": "Negative", "Measure": "Unit_USD", "Scale": "6", "Tag": "bidu:EquityMethodInvestmentSummarizedNetIncomeLoss", "Fact": 343.0, "Period": "2020-01-01 to 2020-01-01"}, "Labels": {}, "References": {}, "Calculation": {}}, "Fact_19000318": {"Attributes": {"Format": "numdotdecimal", "Sign": "Positive", "Measure": "Unit_CNY", "Scale": "6", "Tag": "bidu:EquityMethodInvestmentSummarizedFinancialInformationNetIncomeLossAttributableToInvestees", "Fact": 2806.0, "Period": "2018-01-01 to 2018-01-01"}, "Labels": {}, "References": {}, "Calculation": {}}, "Fact_19000319": {"Attributes": {"Format": "numdotdecimal", "Sign": "Positive", "Measure": "Unit_CNY", "Scale": "6", "Tag": "bidu:EquityMethodInvestmentSummarizedFinancialInformationNetIncomeLossAttributableToInvestees", "Fact": 3813.0, "Period": "2019-01-01 to 2019-01-01"}, "Labels": {}, "References": {}, "Calculation": {}}, "Fact_19000320": {"Attributes": {"Format": "numdotdecimal", "Sign": "Negative", "Measure": "Unit_CNY", "Scale": "6", "Tag": "bidu:EquityMethodInvestmentSummarizedFinancialInformationNetIncomeLossAttributableToInvestees", "Fact": 2243.0, "Period": "2020-01-01 to 2020-01-01"}, "Labels": {}, "References": {}, "Calculation": {}}, "Fact_19000321": {"Attributes": {"Format": "numdotdecimal", "Sign": "Negative", "Measure": "Unit_USD", "Scale": "6", "Tag": "bidu:EquityMethodInvestmentSummarizedFinancialInformationNetIncomeLossAttributableToInvestees", "Fact": 344.0, "Period": "2020-01-01 to 2020-01-01"}, "Labels": {}, "References": {}, "Calculation": {}}, "Fact_19000347": {"Attributes": {"Format": "numdotdecimal", "Sign": "Positive", "Measure": "Unit_CNY", "Scale": "6", "Tag": "us-gaap:Revenues", "Fact": 4633.0, "Period": "2018-01-01 to 2018-01-01"}, "Labels": {}, "References": {}, "Calculation": {}}, "Fact_19000348": {"Attributes": {"Format": "numdotdecimal", "Sign": "Positive", "Measure": "Unit_CNY", "Scale": "6", "Tag": "us-gaap:Revenues", "Fact": 12598.0, "Period": "2019-01-01 to 2019-01-01"}, "Labels": {}, "References": {}, "Calculation": {}}, "Fact_19000349": {"Attributes": {"Format": "numdotdecimal", "Sign": "Positive", "Measure": "Unit_CNY", "Scale": "6", "Tag": "us-gaap:Revenues", "Fact": 13981.0, "Period": "2020-01-01 to 2020-01-01"}, "Labels": {}, "References": {}, "Calculation": {}}, "Fact_19000350": {"Attributes": {"Format": "numdotdecimal", "Sign": "Positive", "Measure": "Unit_USD", "Scale": "6", "Tag": "us-gaap:Revenues", "Fact": 2143.0, "Period": "2020-01-01 to 2020-01-01"}, "Labels": {}, "References": {}, "Calculation": {}}, "Fact_19000351": {"Attributes": {"Format": "numdotdecimal", "Sign": "Positive", "Measure": "Unit_CNY", "Scale": "6", "Tag": "us-gaap:GrossProfit", "Fact": 916.0, "Period": "2018-01-01 to 2018-01-01"}, "Labels": {}, "References": {}, "Calculation": {}}, "Fact_19000352": {"Attributes": {"Format": "numdotdecimal", "Sign": "Positive", "Measure": "Unit_CNY", "Scale": "6", "Tag": "us-gaap:GrossProfit", "Fact": 6247.0, "Period": "2019-01-01 to 2019-01-01"}, "Labels": {}, "References": {}, "Calculation": {}}, "Fact_19000353": {"Attributes": {"Format": "numdotdecimal", "Sign": "Positive", "Measure": "Unit_CNY", "Scale": "6", "Tag": "us-gaap:GrossProfit", "Fact": 5083.0, "Period": "2020-01-01 to 2020-01-01"}, "Labels": {}, "References": {}, "Calculation": {}}, "Fact_19000354": {"Attributes": {"Format": "numdotdecimal", "Sign": "Positive", "Measure": "Unit_USD", "Scale": "6", "Tag": "us-gaap:GrossProfit", "Fact": 779.0, "Period": "2020-01-01 to 2020-01-01"}, "Labels": {}, "References": {}, "Calculation": {}}, "Fact_19000355": {"Attributes": {"Format": "numdotdecimal", "Sign": "Negative", "Measure": "Unit_CNY", "Scale": "6", "Tag": "us-gaap:IncomeLossFromContinuingOperationsIncludingPortionAttributableToNoncontrollingInterest", "Fact": 418.0, "Period": "2018-01-01 to 2018-01-01"}, "Labels": {}, "References": {}, "Calculation": {}}, "Fact_19000356": {"Attributes": {"Format": "numdotdecimal", "Sign": "Negative", "Measure": "Unit_CNY", "Scale": "6", "Tag": "us-gaap:IncomeLossFromContinuingOperationsIncludingPortionAttributableToNoncontrollingInterest", "Fact": 680.0, "Period": "2019-01-01 to 2019-01-01"}, "Labels": {}, "References": {}, "Calculation": {}}, "Fact_19000357": {"Attributes": {"Format": "numdotdecimal", "Sign": "Negative", "Measure": "Unit_CNY", "Scale": "6", "Tag": "us-gaap:IncomeLossFromContinuingOperationsIncludingPortionAttributableToNoncontrollingInterest", "Fact": 1282.0, "Period": "2020-01-01 to 2020-01-01"}, "Labels": {}, "References": {}, "Calculation": {}}, "Fact_19000358": {"Attributes": {"Format": "numdotdecimal", "Sign": "Negative", "Measure": "Unit_USD", "Scale": "6", "Tag": "us-gaap:IncomeLossFromContinuingOperationsIncludingPortionAttributableToNoncontrollingInterest", "Fact": 196.0, "Period": "2020-01-01 to 2020-01-01"}, "Labels": {}, "References": {}, "Calculation": {}}, "Fact_19000359": {"Attributes": {"Format": "numdotdecimal", "Sign": "Negative", "Measure": "Unit_CNY", "Scale": "6", "Tag": "bidu:EquityMethodInvestmentSummarizedNetIncomeLoss", "Fact": 372.0, "Period": "2018-01-01 to 2018-01-01"}, "Labels": {}, "References": {}, "Calculation": {}}, "Fact_19000360": {"Attributes": {"Format": "numdotdecimal", "Sign": "Negative", "Measure": "Unit_CNY", "Scale": "6", "Tag": "bidu:EquityMethodInvestmentSummarizedNetIncomeLoss", "Fact": 638.0, "Period": "2019-01-01 to 2019-01-01"}, "Labels": {}, "References": {}, "Calculation": {}}, "Fact_19000361": {"Attributes": {"Format": "numdotdecimal", "Sign": "Negative", "Measure": "Unit_CNY", "Scale": "6", "Tag": "bidu:EquityMethodInvestmentSummarizedNetIncomeLoss", "Fact": 832.0, "Period": "2020-01-01 to 2020-01-01"}, "Labels": {}, "References": {}, "Calculation": {}}, "Fact_19000362": {"Attributes": {"Format": "numdotdecimal", "Sign": "Negative", "Measure": "Unit_USD", "Scale": "6", "Tag": "bidu:EquityMethodInvestmentSummarizedNetIncomeLoss", "Fact": 128.0, "Period": "2020-01-01 to 2020-01-01"}, "Labels": {}, "References": {}, "Calculation": {}}, "Fact_19000363": {"Attributes": {"Format": "numdotdecimal", "Sign": "Negative", "Measure": "Unit_CNY", "Scale": "6", "Tag": "bidu:EquityMethodInvestmentSummarizedFinancialInformationNetIncomeLossAttributableToInvestees", "Fact": 352.0, "Period": "2018-01-01 to 2018-01-01"}, "Labels": {}, "References": {}, "Calculation": {}}, "Fact_19000364": {"Attributes": {"Format": "numdotdecimal", "Sign": "Negative", "Measure": "Unit_CNY", "Scale": "6", "Tag": "bidu:EquityMethodInvestmentSummarizedFinancialInformationNetIncomeLossAttributableToInvestees", "Fact": 933.0, "Period": "2019-01-01 to 2019-01-01"}, "Labels": {}, "References": {}, "Calculation": {}}, "Fact_19000365": {"Attributes": {"Format": "numdotdecimal", "Sign": "Negative", "Measure": "Unit_CNY", "Scale": "6", "Tag": "bidu:EquityMethodInvestmentSummarizedFinancialInformationNetIncomeLossAttributableToInvestees", "Fact": 891.0, "Period": "2020-01-01 to 2020-01-01"}, "Labels": {}, "References": {}, "Calculation": {}}, "Fact_19000366": {"Attributes": {"Format": "numdotdecimal", "Sign": "Negative", "Measure": "Unit_USD", "Scale": "6", "Tag": "bidu:EquityMethodInvestmentSummarizedFinancialInformationNetIncomeLossAttributableToInvestees", "Fact": 137.0, "Period": "2020-01-01 to 2020-01-01"}, "Labels": {}, "References": {}, "Calculation": {}}, "Fact_19000556": {"Attributes": {"Format": "numdotdecimal", "Sign": "Positive", "Measure": "Unit_CNY", "Scale": "6", "Tag": "us-gaap:ContractWithCustomerAssetNetCurrent", "Fact": 1876.0, "Period": "As of 2019-12-31"}, "Labels": {}, "References": {}, "Calculation": {}}, "Fact_19000555": {"Attributes": {"Format": "numdotdecimal", "Sign": "Positive", "Measure": "Unit_CNY", "Scale": "6", "Tag": "us-gaap:ContractWithCustomerAssetNetCurrent", "Fact": 1755.0, "Period": "As of 2020-12-31"}, "Labels": {}, "References": {}, "Calculation": {}}, "Fact_19000554": {"Attributes": {"Format": "numdotdecimal", "Sign": "Positive", "Measure": "Unit_USD", "Scale": "6", "Tag": "us-gaap:ContractWithCustomerAssetNetCurrent", "Fact": 269.0, "Period": "As of 2020-12-31"}, "Labels": {}, "References": {}, "Calculation": {}}, "Fact_19000511": {"Attributes": {"Format": "numdotdecimal", "Sign": "Positive", "Measure": "Unit_CNY", "Scale": "6", "Tag": "us-gaap:GoodwillWrittenOffRelatedToSaleOfBusinessUnit", "Fact": 1265.0, "Period": "2019-01-01 to 2019-01-01"}, "Labels": {}, "References": {}, "Calculation": {}}, "Fact_19000798": {"Attributes": {"Format": "numdotdecimal", "Sign": "Positive", "Measure": "Unit_CNY_per_Share", "Scale": "0", "Tag": "us-gaap:IncomeTaxHolidayIncomeTaxBenefitsPerShare", "Fact": 0.81, "Period": "2018-01-01 to 2018-01-01"}, "Labels": {}, "References": {}, "Calculation": {}}, "Fact_19000799": {"Attributes": {"Format": "numdotdecimal", "Sign": "Positive", "Measure": "Unit_CNY_per_Share", "Scale": "0", "Tag": "us-gaap:IncomeTaxHolidayIncomeTaxBenefitsPerShare", "Fact": 0.49, "Period": "2019-01-01 to 2019-01-01"}, "Labels": {}, "References": {}, "Calculation": {}}, "Fact_19000800": {"Attributes": {"Format": "numdotdecimal", "Sign": "Positive", "Measure": "Unit_CNY_per_Share", "Scale": "0", "Tag": "us-gaap:IncomeTaxHolidayIncomeTaxBenefitsPerShare", "Fact": 1.06, "Period": "2020-01-01 to 2020-01-01"}, "Labels": {}, "References": {}, "Calculation": {}}, "Fact_19000801": {"Attributes": {"Format": "numdotdecimal", "Sign": "Positive", "Measure": "Unit_USD_per_Share", "Scale": "0", "Tag": "us-gaap:IncomeTaxHolidayIncomeTaxBenefitsPerShare", "Fact": 0.16, "Period": "2020-01-01 to 2020-01-01"}, "Labels": {}, "References": {}, "Calculation": {}}, "Fact_19000988": {"Attributes": {"Format": "numdotdecimal", "Sign": "Negative", "Measure": "Unit_CNY", "Scale": "6", "Tag": "bidu:CumulativeEffectOfAccountingChange", "Fact": 1854.0, "Period": "As of 2018-12-31"}, "Labels": {}, "References": {}, "Calculation": {}}, "Fact_19000989": {"Attributes": {"Format": "numdotdecimal", "Sign": "Negative", "Measure": "Unit_CNY", "Scale": "6", "Tag": "bidu:CumulativeEffectOfAccountingChange", "Fact": 1854.0, "Period": "As of 2018-12-31"}, "Labels": {}, "References": {}, "Calculation": {}}, "Fact_19001502": {"Attributes": {"Format": "numdotdecimal", "Sign": "Positive", "Measure": "Unit_shares", "Scale": "6", "Tag": "us-gaap:WeightedAverageNumberOfSharesOutstandingBasic", "Fact": 2216.0, "Period": "2018-01-01 to 2018-01-01"}, "Labels": {}, "References": {}, "Calculation": {}}, "Fact_19001503": {"Attributes": {"Format": "numdotdecimal", "Sign": "Positive", "Measure": "Unit_shares", "Scale": "6", "Tag": "us-gaap:WeightedAverageNumberOfSharesOutstandingBasic", "Fact": 576.0, "Period": "2018-01-01 to 2018-01-01"}, "Labels": {}, "References": {}, "Calculation": {}}, "Fact_19001504": {"Attributes": {"Format": "numdotdecimal", "Sign": "Positive", "Measure": "Unit_shares", "Scale": "6", "Tag": "us-gaap:WeightedAverageNumberOfSharesOutstandingBasic", "Fact": 2211.0, "Period": "2019-01-01 to 2019-01-01"}, "Labels": {}, "References": {}, "Calculation": {}}, "Fact_19001505": {"Attributes": {"Format": "numdotdecimal", "Sign": "Positive", "Measure": "Unit_shares", "Scale": "6", "Tag": "us-gaap:WeightedAverageNumberOfSharesOutstandingBasic", "Fact": 576.0, "Period": "2019-01-01 to 2019-01-01"}, "Labels": {}, "References": {}, "Calculation": {}}, "Fact_19001506": {"Attributes": {"Format": "numdotdecimal", "Sign": "Positive", "Measure": "Unit_shares", "Scale": "6", "Tag": "us-gaap:WeightedAverageNumberOfSharesOutstandingBasic", "Fact": 2158.0, "Period": "2020-01-01 to 2020-01-01"}, "Labels": {}, "References": {}, "Calculation": {}}, "Fact_19001507": {"Attributes": {"Format": "numdotdecimal", "Sign": "Positive", "Measure": "Unit_shares", "Scale": "6", "Tag": "us-gaap:WeightedAverageNumberOfSharesOutstandingBasic", "Fact": 2158.0, "Period": "2020-01-01 to 2020-01-01"}, "Labels": {}, "References": {}, "Calculation": {}}, "Fact_19001508": {"Attributes": {"Format": "numdotdecimal", "Sign": "Positive", "Measure": "Unit_shares", "Scale": "6", "Tag": "us-gaap:WeightedAverageNumberOfSharesOutstandingBasic", "Fact": 574.0, "Period": "2020-01-01 to 2020-01-01"}, "Labels": {}, "References": {}, "Calculation": {}}, "Fact_19001509": {"Attributes": {"Format": "numdotdecimal", "Sign": "Positive", "Measure": "Unit_shares", "Scale": "6", "Tag": "us-gaap:WeightedAverageNumberOfSharesOutstandingBasic", "Fact": 574.0, "Period": "2020-01-01 to 2020-01-01"}, "Labels": {}, "References": {}, "Calculation": {}}, "Fact_19001117": {"Attributes": {"Format": "numdotdecimal", "Sign": "Positive", "Measure": "Unit_shares", "Scale": "6", "Tag": "us-gaap:WeightedAverageNumberOfSharesOutstandingBasic", "Fact": 2216.0, "Period": "2018-01-01 to 2018-01-01"}, "Labels": {}, "References": {}, "Calculation": {}}, "Fact_19001118": {"Attributes": {"Format": "numdotdecimal", "Sign": "Positive", "Measure": "Unit_shares", "Scale": "6", "Tag": "us-gaap:WeightedAverageNumberOfSharesOutstandingBasic", "Fact": 576.0, "Period": "2018-01-01 to 2018-01-01"}, "Labels": {}, "References": {}, "Calculation": {}}, "Fact_19001119": {"Attributes": {"Format": "numdotdecimal", "Sign": "Positive", "Measure": "Unit_shares", "Scale": "6", "Tag": "us-gaap:WeightedAverageNumberOfSharesOutstandingBasic", "Fact": 2211.0, "Period": "2019-01-01 to 2019-01-01"}, "Labels": {}, "References": {}, "Calculation": {}}, "Fact_19001120": {"Attributes": {"Format": "numdotdecimal", "Sign": "Positive", "Measure": "Unit_shares", "Scale": "6", "Tag": "us-gaap:WeightedAverageNumberOfSharesOutstandingBasic", "Fact": 576.0, "Period": "2019-01-01 to 2019-01-01"}, "Labels": {}, "References": {}, "Calculation": {}}, "Fact_19001121": {"Attributes": {"Format": "numdotdecimal", "Sign": "Positive", "Measure": "Unit_shares", "Scale": "6", "Tag": "us-gaap:WeightedAverageNumberOfSharesOutstandingBasic", "Fact": 2158.0, "Period": "2020-01-01 to 2020-01-01"}, "Labels": {}, "References": {}, "Calculation": {}}, "Fact_19001122": {"Attributes": {"Format": "numdotdecimal", "Sign": "Positive", "Measure": "Unit_shares", "Scale": "6", "Tag": "us-gaap:WeightedAverageNumberOfSharesOutstandingBasic", "Fact": 2158.0, "Period": "2020-01-01 to 2020-01-01"}, "Labels": {}, "References": {}, "Calculation": {}}, "Fact_19001123": {"Attributes": {"Format": "numdotdecimal", "Sign": "Positive", "Measure": "Unit_shares", "Scale": "6", "Tag": "us-gaap:WeightedAverageNumberOfSharesOutstandingBasic", "Fact": 574.0, "Period": "2020-01-01 to 2020-01-01"}, "Labels": {}, "References": {}, "Calculation": {}}, "Fact_19001124": {"Attributes": {"Format": "numdotdecimal", "Sign": "Positive", "Measure": "Unit_shares", "Scale": "6", "Tag": "us-gaap:WeightedAverageNumberOfSharesOutstandingBasic", "Fact": 574.0, "Period": "2020-01-01 to 2020-01-01"}, "Labels": {}, "References": {}, "Calculation": {}}, "Fact_19001125": {"Attributes": {"Format": "numdotdecimal", "Sign": "Positive", "Measure": "Unit_CNY_per_Share", "Scale": "0", "Tag": "us-gaap:EarningsPerShareBasic", "Fact": 9.83, "Period": "2018-01-01 to 2018-01-01"}, "Labels": {}, "References": {}, "Calculation": {}}, "Fact_19001126": {"Attributes": {"Format": "numdotdecimal", "Sign": "Positive", "Measure": "Unit_CNY_per_Share", "Scale": "0", "Tag": "us-gaap:EarningsPerShareBasic", "Fact": 9.83, "Period": "2018-01-01 to 2018-01-01"}, "Labels": {}, "References": {}, "Calculation": {}}, "Fact_19001127": {"Attributes": {"Format": "numdotdecimal", "Sign": "Positive", "Measure": "Unit_CNY_per_Share", "Scale": "0", "Tag": "us-gaap:EarningsPerShareBasic", "Fact": 0.71, "Period": "2019-01-01 to 2019-01-01"}, "Labels": {}, "References": {}, "Calculation": {}}, "Fact_19001128": {"Attributes": {"Format": "numdotdecimal", "Sign": "Positive", "Measure": "Unit_CNY_per_Share", "Scale": "0", "Tag": "us-gaap:EarningsPerShareBasic", "Fact": 0.71, "Period": "2019-01-01 to 2019-01-01"}, "Labels": {}, "References": {}, "Calculation": {}}, "Fact_19001129": {"Attributes": {"Format": "numdotdecimal", "Sign": "Positive", "Measure": "Unit_CNY_per_Share", "Scale": "0", "Tag": "us-gaap:EarningsPerShareBasic", "Fact": 8.19, "Period": "2020-01-01 to 2020-01-01"}, "Labels": {}, "References": {}, "Calculation": {}}, "Fact_19001130": {"Attributes": {"Format": "numdotdecimal", "Sign": "Positive", "Measure": "Unit_USD_per_Share", "Scale": "0", "Tag": "us-gaap:EarningsPerShareBasic", "Fact": 1.26, "Period": "2020-01-01 to 2020-01-01"}, "Labels": {}, "References": {}, "Calculation": {}}, "Fact_19001131": {"Attributes": {"Format": "numdotdecimal", "Sign": "Positive", "Measure": "Unit_CNY_per_Share", "Scale": "0", "Tag": "us-gaap:EarningsPerShareBasic", "Fact": 8.19, "Period": "2020-01-01 to 2020-01-01"}, "Labels": {}, "References": {}, "Calculation": {}}, "Fact_19001132": {"Attributes": {"Format": "numdotdecimal", "Sign": "Positive", "Measure": "Unit_USD_per_Share", "Scale": "0", "Tag": "us-gaap:EarningsPerShareBasic", "Fact": 1.26, "Period": "2020-01-01 to 2020-01-01"}, "Labels": {}, "References": {}, "Calculation": {}}, "Fact_19001175": {"Attributes": {"Format": "numdotdecimal", "Sign": "Positive", "Measure": "Unit_shares", "Scale": "6", "Tag": "us-gaap:WeightedAverageNumberOfSharesOutstandingBasic", "Fact": 2216.0, "Period": "2018-01-01 to 2018-01-01"}, "Labels": {}, "References": {}, "Calculation": {}}, "Fact_19001176": {"Attributes": {"Format": "numdotdecimal", "Sign": "Positive", "Measure": "Unit_shares", "Scale": "6", "Tag": "us-gaap:WeightedAverageNumberOfSharesOutstandingBasic", "Fact": 576.0, "Period": "2018-01-01 to 2018-01-01"}, "Labels": {}, "References": {}, "Calculation": {}}, "Fact_19001177": {"Attributes": {"Format": "numdotdecimal", "Sign": "Positive", "Measure": "Unit_shares", "Scale": "6", "Tag": "us-gaap:WeightedAverageNumberOfSharesOutstandingBasic", "Fact": 2211.0, "Period": "2019-01-01 to 2019-01-01"}, "Labels": {}, "References": {}, "Calculation": {}}, "Fact_19001178": {"Attributes": {"Format": "numdotdecimal", "Sign": "Positive", "Measure": "Unit_shares", "Scale": "6", "Tag": "us-gaap:WeightedAverageNumberOfSharesOutstandingBasic", "Fact": 576.0, "Period": "2019-01-01 to 2019-01-01"}, "Labels": {}, "References": {}, "Calculation": {}}, "Fact_19001179": {"Attributes": {"Format": "numdotdecimal", "Sign": "Positive", "Measure": "Unit_shares", "Scale": "6", "Tag": "us-gaap:WeightedAverageNumberOfSharesOutstandingBasic", "Fact": 2158.0, "Period": "2020-01-01 to 2020-01-01"}, "Labels": {}, "References": {}, "Calculation": {}}, "Fact_19001180": {"Attributes": {"Format": "numdotdecimal", "Sign": "Positive", "Measure": "Unit_shares", "Scale": "6", "Tag": "us-gaap:WeightedAverageNumberOfSharesOutstandingBasic", "Fact": 2158.0, "Period": "2020-01-01 to 2020-01-01"}, "Labels": {}, "References": {}, "Calculation": {}}, "Fact_19001181": {"Attributes": {"Format": "numdotdecimal", "Sign": "Positive", "Measure": "Unit_shares", "Scale": "6", "Tag": "us-gaap:WeightedAverageNumberOfSharesOutstandingBasic", "Fact": 574.0, "Period": "2020-01-01 to 2020-01-01"}, "Labels": {}, "References": {}, "Calculation": {}}, "Fact_19001182": {"Attributes": {"Format": "numdotdecimal", "Sign": "Positive", "Measure": "Unit_shares", "Scale": "6", "Tag": "us-gaap:WeightedAverageNumberOfSharesOutstandingBasic", "Fact": 574.0, "Period": "2020-01-01 to 2020-01-01"}, "Labels": {}, "References": {}, "Calculation": {}}, "Fact_19001183": {"Attributes": {"Format": "numdotdecimal", "Sign": "Positive", "Measure": "Unit_shares", "Scale": "6", "Tag": "bidu:IncrementalCommonSharesAttributableToConversionOfClassOfSecurities", "Fact": 576.0, "Period": "2018-01-01 to 2018-01-01"}, "Labels": {}, "References": {}, "Calculation": {}}, "Fact_19001344": {"Attributes": {"Format": "zerodash", "Sign": "Positive", "Measure": "Unit_shares", "Scale": "6", "Tag": "bidu:IncrementalCommonSharesAttributableToConversionOfClassOfSecurities", "Fact": "\u2014", "Period": "2018-01-01 to 2018-01-01"}, "Labels": {}, "References": {}, "Calculation": {}}, "Fact_19001231": {"Attributes": {"Format": "numdotdecimal", "Sign": "Positive", "Measure": "Unit_shares", "Scale": "6", "Tag": "bidu:IncrementalCommonSharesAttributableToConversionOfClassOfSecurities", "Fact": 576.0, "Period": "2019-01-01 to 2019-01-01"}, "Labels": {}, "References": {}, "Calculation": {}}, "Fact_19001345": {"Attributes": {"Format": "zerodash", "Sign": "Positive", "Measure": "Unit_shares", "Scale": "6", "Tag": "bidu:IncrementalCommonSharesAttributableToConversionOfClassOfSecurities", "Fact": "\u2014", "Period": "2019-01-01 to 2019-01-01"}, "Labels": {}, "References": {}, "Calculation": {}}, "Fact_19001233": {"Attributes": {"Format": "numdotdecimal", "Sign": "Positive", "Measure": "Unit_shares", "Scale": "6", "Tag": "bidu:IncrementalCommonSharesAttributableToConversionOfClassOfSecurities", "Fact": 574.0, "Period": "2020-01-01 to 2020-01-01"}, "Labels": {}, "References": {}, "Calculation": {}}, "Fact_19001234": {"Attributes": {"Format": "numdotdecimal", "Sign": "Positive", "Measure": "Unit_shares", "Scale": "6", "Tag": "bidu:IncrementalCommonSharesAttributableToConversionOfClassOfSecurities", "Fact": 574.0, "Period": "2020-01-01 to 2020-01-01"}, "Labels": {}, "References": {}, "Calculation": {}}, "Fact_19001346": {"Attributes": {"Format": "zerodash", "Sign": "Positive", "Measure": "Unit_shares", "Scale": "6", "Tag": "bidu:IncrementalCommonSharesAttributableToConversionOfClassOfSecurities", "Fact": "\u2014", "Period": "2020-01-01 to 2020-01-01"}, "Labels": {}, "References": {}, "Calculation": {}}, "Fact_19001347": {"Attributes": {"Format": "zerodash", "Sign": "Positive", "Measure": "Unit_shares", "Scale": "6", "Tag": "bidu:IncrementalCommonSharesAttributableToConversionOfClassOfSecurities", "Fact": "\u2014", "Period": "2020-01-01 to 2020-01-01"}, "Labels": {}, "References": {}, "Calculation": {}}, "Fact_19001237": {"Attributes": {"Format": "numdotdecimal", "Sign": "Positive", "Measure": "Unit_shares", "Scale": "6", "Tag": "us-gaap:IncrementalCommonSharesAttributableToShareBasedPaymentArrangements", "Fact": 22.0, "Period": "2018-01-01 to 2018-01-01"}, "Labels": {}, "References": {}, "Calculation": {}}, "Fact_19001348": {"Attributes": {"Format": "zerodash", "Sign": "Positive", "Measure": "Unit_shares", "Scale": "6", "Tag": "us-gaap:IncrementalCommonSharesAttributableToShareBasedPaymentArrangements", "Fact": "\u2014", "Period": "2018-01-01 to 2018-01-01"}, "Labels": {}, "References": {}, "Calculation": {}}, "Fact_19001239": {"Attributes": {"Format": "numdotdecimal", "Sign": "Positive", "Measure": "Unit_shares", "Scale": "6", "Tag": "us-gaap:IncrementalCommonSharesAttributableToShareBasedPaymentArrangements", "Fact": 4.0, "Period": "2019-01-01 to 2019-01-01"}, "Labels": {}, "References": {}, "Calculation": {}}, "Fact_19001349": {"Attributes": {"Format": "zerodash", "Sign": "Positive", "Measure": "Unit_shares", "Scale": "6", "Tag": "us-gaap:IncrementalCommonSharesAttributableToShareBasedPaymentArrangements", "Fact": "\u2014", "Period": "2019-01-01 to 2019-01-01"}, "Labels": {}, "References": {}, "Calculation": {}}, "Fact_19001241": {"Attributes": {"Format": "numdotdecimal", "Sign": "Positive", "Measure": "Unit_shares", "Scale": "6", "Tag": "us-gaap:IncrementalCommonSharesAttributableToShareBasedPaymentArrangements", "Fact": 24.0, "Period": "2020-01-01 to 2020-01-01"}, "Labels": {}, "References": {}, "Calculation": {}}, "Fact_19001242": {"Attributes": {"Format": "numdotdecimal", "Sign": "Positive", "Measure": "Unit_shares", "Scale": "6", "Tag": "us-gaap:IncrementalCommonSharesAttributableToShareBasedPaymentArrangements", "Fact": 24.0, "Period": "2020-01-01 to 2020-01-01"}, "Labels": {}, "References": {}, "Calculation": {}}, "Fact_19001350": {"Attributes": {"Format": "zerodash", "Sign": "Positive", "Measure": "Unit_shares", "Scale": "6", "Tag": "us-gaap:IncrementalCommonSharesAttributableToShareBasedPaymentArrangements", "Fact": "\u2014", "Period": "2020-01-01 to 2020-01-01"}, "Labels": {}, "References": {}, "Calculation": {}}, "Fact_19001351": {"Attributes": {"Format": "zerodash", "Sign": "Positive", "Measure": "Unit_shares", "Scale": "6", "Tag": "us-gaap:IncrementalCommonSharesAttributableToShareBasedPaymentArrangements", "Fact": "\u2014", "Period": "2020-01-01 to 2020-01-01"}, "Labels": {}, "References": {}, "Calculation": {}}, "Fact_19001245": {"Attributes": {"Format": "numdotdecimal", "Sign": "Positive", "Measure": "Unit_shares", "Scale": "6", "Tag": "us-gaap:WeightedAverageNumberOfDilutedSharesOutstanding", "Fact": 2814.0, "Period": "2018-01-01 to 2018-01-01"}, "Labels": {}, "References": {}, "Calculation": {}}, "Fact_19001246": {"Attributes": {"Format": "numdotdecimal", "Sign": "Positive", "Measure": "Unit_shares", "Scale": "6", "Tag": "us-gaap:WeightedAverageNumberOfDilutedSharesOutstanding", "Fact": 576.0, "Period": "2018-01-01 to 2018-01-01"}, "Labels": {}, "References": {}, "Calculation": {}}, "Fact_19001247": {"Attributes": {"Format": "numdotdecimal", "Sign": "Positive", "Measure": "Unit_shares", "Scale": "6", "Tag": "us-gaap:WeightedAverageNumberOfDilutedSharesOutstanding", "Fact": 2791.0, "Period": "2019-01-01 to 2019-01-01"}, "Labels": {}, "References": {}, "Calculation": {}}, "Fact_19001248": {"Attributes": {"Format": "numdotdecimal", "Sign": "Positive", "Measure": "Unit_shares", "Scale": "6", "Tag": "us-gaap:WeightedAverageNumberOfDilutedSharesOutstanding", "Fact": 576.0, "Period": "2019-01-01 to 2019-01-01"}, "Labels": {}, "References": {}, "Calculation": {}}, "Fact_19001249": {"Attributes": {"Format": "numdotdecimal", "Sign": "Positive", "Measure": "Unit_shares", "Scale": "6", "Tag": "us-gaap:WeightedAverageNumberOfDilutedSharesOutstanding", "Fact": 2756.0, "Period": "2020-01-01 to 2020-01-01"}, "Labels": {}, "References": {}, "Calculation": {}}, "Fact_19001250": {"Attributes": {"Format": "numdotdecimal", "Sign": "Positive", "Measure": "Unit_shares", "Scale": "6", "Tag": "us-gaap:WeightedAverageNumberOfDilutedSharesOutstanding", "Fact": 2756.0, "Period": "2020-01-01 to 2020-01-01"}, "Labels": {}, "References": {}, "Calculation": {}}, "Fact_19001251": {"Attributes": {"Format": "numdotdecimal", "Sign": "Positive", "Measure": "Unit_shares", "Scale": "6", "Tag": "us-gaap:WeightedAverageNumberOfDilutedSharesOutstanding", "Fact": 574.0, "Period": "2020-01-01 to 2020-01-01"}, "Labels": {}, "References": {}, "Calculation": {}}, "Fact_19001252": {"Attributes": {"Format": "numdotdecimal", "Sign": "Positive", "Measure": "Unit_shares", "Scale": "6", "Tag": "us-gaap:WeightedAverageNumberOfDilutedSharesOutstanding", "Fact": 574.0, "Period": "2020-01-01 to 2020-01-01"}, "Labels": {}, "References": {}, "Calculation": {}}, "Fact_19001163": {"Attributes": {"Format": "numdotdecimal", "Sign": "Positive", "Measure": "Unit_CNY_per_Share", "Scale": "0", "Tag": "us-gaap:EarningsPerShareDiluted", "Fact": 9.75, "Period": "2018-01-01 to 2018-01-01"}, "Labels": {}, "References": {}, "Calculation": {}}, "Fact_19001164": {"Attributes": {"Format": "numdotdecimal", "Sign": "Positive", "Measure": "Unit_CNY_per_Share", "Scale": "0", "Tag": "us-gaap:EarningsPerShareDiluted", "Fact": 9.75, "Period": "2018-01-01 to 2018-01-01"}, "Labels": {}, "References": {}, "Calculation": {}}, "Fact_19001165": {"Attributes": {"Format": "numdotdecimal", "Sign": "Positive", "Measure": "Unit_CNY_per_Share", "Scale": "0", "Tag": "us-gaap:EarningsPerShareDiluted", "Fact": 0.7, "Period": "2019-01-01 to 2019-01-01"}, "Labels": {}, "References": {}, "Calculation": {}}, "Fact_19001166": {"Attributes": {"Format": "numdotdecimal", "Sign": "Positive", "Measure": "Unit_CNY_per_Share", "Scale": "0", "Tag": "us-gaap:EarningsPerShareDiluted", "Fact": 0.7, "Period": "2019-01-01 to 2019-01-01"}, "Labels": {}, "References": {}, "Calculation": {}}, "Fact_19001167": {"Attributes": {"Format": "numdotdecimal", "Sign": "Positive", "Measure": "Unit_CNY_per_Share", "Scale": "0", "Tag": "us-gaap:EarningsPerShareDiluted", "Fact": 8.12, "Period": "2020-01-01 to 2020-01-01"}, "Labels": {}, "References": {}, "Calculation": {}}, "Fact_19001168": {"Attributes": {"Format": "numdotdecimal", "Sign": "Positive", "Measure": "Unit_USD_per_Share", "Scale": "0", "Tag": "us-gaap:EarningsPerShareDiluted", "Fact": 1.24, "Period": "2020-01-01 to 2020-01-01"}, "Labels": {}, "References": {}, "Calculation": {}}, "Fact_19001169": {"Attributes": {"Format": "numdotdecimal", "Sign": "Positive", "Measure": "Unit_CNY_per_Share", "Scale": "0", "Tag": "us-gaap:EarningsPerShareDiluted", "Fact": 8.12, "Period": "2020-01-01 to 2020-01-01"}, "Labels": {}, "References": {}, "Calculation": {}}, "Fact_19001170": {"Attributes": {"Format": "numdotdecimal", "Sign": "Positive", "Measure": "Unit_USD_per_Share", "Scale": "0", "Tag": "us-gaap:EarningsPerShareDiluted", "Fact": 1.24, "Period": "2020-01-01 to 2020-01-01"}, "Labels": {}, "References": {}, "Calculation": {}}, "Fact_19001171": {"Attributes": {"Format": "numdotdecimal", "Sign": "Positive", "Measure": "Unit_shares", "Scale": "6", "Tag": "us-gaap:WeightedAverageNumberOfSharesOutstandingBasic", "Fact": 277.0, "Period": "2018-01-01 to 2018-01-01"}, "Labels": {}, "References": {}, "Calculation": {}}, "Fact_19001172": {"Attributes": {"Format": "numdotdecimal", "Sign": "Positive", "Measure": "Unit_shares", "Scale": "6", "Tag": "us-gaap:WeightedAverageNumberOfSharesOutstandingBasic", "Fact": 276.0, "Period": "2019-01-01 to 2019-01-01"}, "Labels": {}, "References": {}, "Calculation": {}}, "Fact_19001173": {"Attributes": {"Format": "numdotdecimal", "Sign": "Positive", "Measure": "Unit_shares", "Scale": "6", "Tag": "us-gaap:WeightedAverageNumberOfSharesOutstandingBasic", "Fact": 270.0, "Period": "2020-01-01 to 2020-01-01"}, "Labels": {}, "References": {}, "Calculation": {}}, "Fact_19001174": {"Attributes": {"Format": "numdotdecimal", "Sign": "Positive", "Measure": "Unit_shares", "Scale": "6", "Tag": "us-gaap:WeightedAverageNumberOfSharesOutstandingBasic", "Fact": 270.0, "Period": "2020-01-01 to 2020-01-01"}, "Labels": {}, "References": {}, "Calculation": {}}, "Fact_19001253": {"Attributes": {"Format": "numdotdecimal", "Sign": "Positive", "Measure": "Unit_shares", "Scale": "6", "Tag": "us-gaap:WeightedAverageNumberOfDilutedSharesOutstanding", "Fact": 352.0, "Period": "2018-01-01 to 2018-01-01"}, "Labels": {}, "References": {}, "Calculation": {}}, "Fact_19001254": {"Attributes": {"Format": "numdotdecimal", "Sign": "Positive", "Measure": "Unit_shares", "Scale": "6", "Tag": "us-gaap:WeightedAverageNumberOfDilutedSharesOutstanding", "Fact": 349.0, "Period": "2019-01-01 to 2019-01-01"}, "Labels": {}, "References": {}, "Calculation": {}}, "Fact_19001255": {"Attributes": {"Format": "numdotdecimal", "Sign": "Positive", "Measure": "Unit_shares", "Scale": "6", "Tag": "us-gaap:WeightedAverageNumberOfDilutedSharesOutstanding", "Fact": 344.0, "Period": "2020-01-01 to 2020-01-01"}, "Labels": {}, "References": {}, "Calculation": {}}, "Fact_19001256": {"Attributes": {"Format": "numdotdecimal", "Sign": "Positive", "Measure": "Unit_shares", "Scale": "6", "Tag": "us-gaap:WeightedAverageNumberOfDilutedSharesOutstanding", "Fact": 344.0, "Period": "2020-01-01 to 2020-01-01"}, "Labels": {}, "References": {}, "Calculation": {}}, "Fact_19001155": {"Attributes": {"Format": "numdotdecimal", "Sign": "Positive", "Measure": "Unit_CNY_per_Share", "Scale": "0", "Tag": "us-gaap:EarningsPerShareBasic", "Fact": 78.64, "Period": "2018-01-01 to 2018-01-01"}, "Labels": {}, "References": {}, "Calculation": {}}, "Fact_19001156": {"Attributes": {"Format": "numdotdecimal", "Sign": "Positive", "Measure": "Unit_CNY_per_Share", "Scale": "0", "Tag": "us-gaap:EarningsPerShareBasic", "Fact": 5.68, "Period": "2019-01-01 to 2019-01-01"}, "Labels": {}, "References": {}, "Calculation": {}}, "Fact_19001157": {"Attributes": {"Format": "numdotdecimal", "Sign": "Positive", "Measure": "Unit_CNY_per_Share", "Scale": "0", "Tag": "us-gaap:EarningsPerShareBasic", "Fact": 65.54, "Period": "2020-01-01 to 2020-01-01"}, "Labels": {}, "References": {}, "Calculation": {}}, "Fact_19001158": {"Attributes": {"Format": "numdotdecimal", "Sign": "Positive", "Measure": "Unit_USD_per_Share", "Scale": "0", "Tag": "us-gaap:EarningsPerShareBasic", "Fact": 10.04, "Period": "2020-01-01 to 2020-01-01"}, "Labels": {}, "References": {}, "Calculation": {}}, "Fact_19001159": {"Attributes": {"Format": "numdotdecimal", "Sign": "Positive", "Measure": "Unit_CNY_per_Share", "Scale": "0", "Tag": "us-gaap:EarningsPerShareDiluted", "Fact": 78.03, "Period": "2018-01-01 to 2018-01-01"}, "Labels": {}, "References": {}, "Calculation": {}}, "Fact_19001160": {"Attributes": {"Format": "numdotdecimal", "Sign": "Positive", "Measure": "Unit_CNY_per_Share", "Scale": "0", "Tag": "us-gaap:EarningsPerShareDiluted", "Fact": 5.6, "Period": "2019-01-01 to 2019-01-01"}, "Labels": {}, "References": {}, "Calculation": {}}, "Fact_19001161": {"Attributes": {"Format": "numdotdecimal", "Sign": "Positive", "Measure": "Unit_CNY_per_Share", "Scale": "0", "Tag": "us-gaap:EarningsPerShareDiluted", "Fact": 64.98, "Period": "2020-01-01 to 2020-01-01"}, "Labels": {}, "References": {}, "Calculation": {}}, "Fact_19001162": {"Attributes": {"Format": "numdotdecimal", "Sign": "Positive", "Measure": "Unit_USD_per_Share", "Scale": "0", "Tag": "us-gaap:EarningsPerShareDiluted", "Fact": 9.96, "Period": "2020-01-01 to 2020-01-01"}, "Labels": {}, "References": {}, "Calculation": {}}, "Fact_19001516": {"Attributes": {"Format": "numdotdecimal", "Sign": "Positive", "Measure": "Unit_shares", "Scale": "0", "Tag": "us-gaap:ShareBasedCompensationArrangementByShareBasedPaymentAwardOptionsOutstandingNumber", "Fact": 29854480.0, "Period": "As of 2019-12-31"}, "Labels": {}, "References": {}, "Calculation": {}}, "Fact_19001517": {"Attributes": {"Format": "numdotdecimal", "Sign": "Positive", "Measure": "Unit_USD_per_Share", "Scale": "0", "Tag": "us-gaap:ShareBasedCompensationArrangementByShareBasedPaymentAwardOptionsOutstandingWeightedAverageExercisePrice", "Fact": 17.0, "Period": "As of 2019-12-31"}, "Labels": {}, "References": {}, "Calculation": {}}, "Fact_19001520": {"Attributes": {"Format": "numdotdecimal", "Sign": "Positive", "Measure": "Unit_shares", "Scale": "0", "Tag": "us-gaap:ShareBasedCompensationArrangementByShareBasedPaymentAwardOptionsGrantsInPeriodGross", "Fact": 1028240.0, "Period": "2020-01-01 to 2020-01-01"}, "Labels": {}, "References": {}, "Calculation": {}}, "Fact_19001521": {"Attributes": {"Format": "numdotdecimal", "Sign": "Positive", "Measure": "Unit_USD_per_Share", "Scale": "0", "Tag": "us-gaap:ShareBasedCompensationArrangementsByShareBasedPaymentAwardOptionsGrantsInPeriodWeightedAverageExercisePrice", "Fact": 11.0, "Period": "2020-01-01 to 2020-01-01"}, "Labels": {}, "References": {}, "Calculation": {}}, "Fact_19001522": {"Attributes": {"Format": "numdotdecimal", "Sign": "Positive", "Measure": "Unit_shares", "Scale": "0", "Tag": "us-gaap:StockIssuedDuringPeriodSharesStockOptionsExercised", "Fact": 3516400.0, "Period": "2020-01-01 to 2020-01-01"}, "Labels": {}, "References": {}, "Calculation": {}}, "Fact_19001523": {"Attributes": {"Format": "numdotdecimal", "Sign": "Positive", "Measure": "Unit_USD_per_Share", "Scale": "0", "Tag": "us-gaap:ShareBasedCompensationArrangementsByShareBasedPaymentAwardOptionsExercisesInPeriodWeightedAverageExercisePrice", "Fact": 13.0, "Period": "2020-01-01 to 2020-01-01"}, "Labels": {}, "References": {}, "Calculation": {}}, "Fact_19001524": {"Attributes": {"Format": "numdotdecimal", "Sign": "Positive", "Measure": "Unit_shares", "Scale": "0", "Tag": "us-gaap:ShareBasedCompensationArrangementByShareBasedPaymentAwardOptionsForfeituresInPeriod", "Fact": 3147280.0, "Period": "2020-01-01 to 2020-01-01"}, "Labels": {}, "References": {}, "Calculation": {}}, "Fact_19001525": {"Attributes": {"Format": "numdotdecimal", "Sign": "Positive", "Measure": "Unit_USD_per_Share", "Scale": "0", "Tag": "us-gaap:ShareBasedCompensationArrangementsByShareBasedPaymentAwardOptionsForfeituresInPeriodWeightedAverageExercisePrice", "Fact": 17.0, "Period": "2020-01-01 to 2020-01-01"}, "Labels": {}, "References": {}, "Calculation": {}}, "Fact_19001526": {"Attributes": {"Format": "numdotdecimal", "Sign": "Positive", "Measure": "Unit_shares", "Scale": "0", "Tag": "us-gaap:ShareBasedCompensationArrangementByShareBasedPaymentAwardOptionsOutstandingNumber", "Fact": 24219040.0, "Period": "As of 2020-12-31"}, "Labels": {}, "References": {}, "Calculation": {}}, "Fact_19001527": {"Attributes": {"Format": "numdotdecimal", "Sign": "Positive", "Measure": "Unit_USD_per_Share", "Scale": "0", "Tag": "us-gaap:ShareBasedCompensationArrangementByShareBasedPaymentAwardOptionsOutstandingWeightedAverageExercisePrice", "Fact": 17.0, "Period": "As of 2020-12-31"}, "Labels": {}, "References": {}, "Calculation": {}}, "Fact_19001530": {"Attributes": {"Format": "numdotdecimal", "Sign": "Positive", "Measure": "Unit_shares", "Scale": "0", "Tag": "us-gaap:ShareBasedCompensationArrangementByShareBasedPaymentAwardOptionsVestedAndExpectedToVestOutstandingNumber", "Fact": 19756080.0, "Period": "As of 2020-12-31"}, "Labels": {}, "References": {}, "Calculation": {}}, "Fact_19001531": {"Attributes": {"Format": "numdotdecimal", "Sign": "Positive", "Measure": "Unit_USD_per_Share", "Scale": "0", "Tag": "us-gaap:ShareBasedCompensationArrangementByShareBasedPaymentAwardOptionsVestedAndExpectedToVestOutstandingWeightedAverageExercisePrice", "Fact": 18.0, "Period": "As of 2020-12-31"}, "Labels": {}, "References": {}, "Calculation": {}}, "Fact_19001534": {"Attributes": {"Format": "numdotdecimal", "Sign": "Positive", "Measure": "Unit_shares", "Scale": "0", "Tag": "us-gaap:ShareBasedCompensationArrangementByShareBasedPaymentAwardOptionsExercisableNumber", "Fact": 12098400.0, "Period": "As of 2020-12-31"}, "Labels": {}, "References": {}, "Calculation": {}}, "Fact_19001535": {"Attributes": {"Format": "numdotdecimal", "Sign": "Positive", "Measure": "Unit_USD_per_Share", "Scale": "0", "Tag": "us-gaap:ShareBasedCompensationArrangementByShareBasedPaymentAwardOptionsExercisableWeightedAverageExercisePrice", "Fact": 21.0, "Period": "As of 2020-12-31"}, "Labels": {}, "References": {}, "Calculation": {}}, "Fact_19001549": {"Attributes": {"Format": "numdotdecimal", "Sign": "Positive", "Measure": "Unit_shares", "Scale": "0", "Tag": "us-gaap:ShareBasedCompensationArrangementByShareBasedPaymentAwardEquityInstrumentsOtherThanOptionsNonvestedNumber", "Fact": 113604320.0, "Period": "As of 2019-12-31"}, "Labels": {}, "References": {}, "Calculation": {}}, "Fact_19001550": {"Attributes": {"Format": "numdotdecimal", "Sign": "Positive", "Measure": "Unit_USD_per_Share", "Scale": "0", "Tag": "us-gaap:ShareBasedCompensationArrangementByShareBasedPaymentAwardEquityInstrumentsOtherThanOptionsNonvestedWeightedAverageGrantDateFairValue", "Fact": 19.0, "Period": "As of 2019-12-31"}, "Labels": {}, "References": {}, "Calculation": {}}, "Fact_19001551": {"Attributes": {"Format": "numdotdecimal", "Sign": "Positive", "Measure": "Unit_shares", "Scale": "0", "Tag": "us-gaap:ShareBasedCompensationArrangementByShareBasedPaymentAwardEquityInstrumentsOtherThanOptionsGrantsInPeriod", "Fact": 73900080.0, "Period": "2020-01-01 to 2020-01-01"}, "Labels": {}, "References": {}, "Calculation": {}}, "Fact_19001552": {"Attributes": {"Format": "numdotdecimal", "Sign": "Positive", "Measure": "Unit_USD_per_Share", "Scale": "0", "Tag": "us-gaap:ShareBasedCompensationArrangementByShareBasedPaymentAwardEquityInstrumentsOtherThanOptionsGrantsInPeriodWeightedAverageGrantDateFairValue", "Fact": 14.0, "Period": "2020-01-01 to 2020-01-01"}, "Labels": {}, "References": {}, "Calculation": {}}, "Fact_19001553": {"Attributes": {"Format": "numdotdecimal", "Sign": "Positive", "Measure": "Unit_shares", "Scale": "0", "Tag": "us-gaap:ShareBasedCompensationArrangementByShareBasedPaymentAwardEquityInstrumentsOtherThanOptionsVestedInPeriod", "Fact": 35078640.0, "Period": "2020-01-01 to 2020-01-01"}, "Labels": {}, "References": {}, "Calculation": {}}, "Fact_19001554": {"Attributes": {"Format": "numdotdecimal", "Sign": "Positive", "Measure": "Unit_USD_per_Share", "Scale": "0", "Tag": "us-gaap:ShareBasedCompensationArrangementByShareBasedPaymentAwardEquityInstrumentsOtherThanOptionsVestedInPeriodWeightedAverageGrantDateFairValue", "Fact": 20.0, "Period": "2020-01-01 to 2020-01-01"}, "Labels": {}, "References": {}, "Calculation": {}}, "Fact_19001555": {"Attributes": {"Format": "numdotdecimal", "Sign": "Positive", "Measure": "Unit_shares", "Scale": "0", "Tag": "us-gaap:ShareBasedCompensationArrangementByShareBasedPaymentAwardEquityInstrumentsOtherThanOptionsForfeitedInPeriod", "Fact": 21924240.0, "Period": "2020-01-01 to 2020-01-01"}, "Labels": {}, "References": {}, "Calculation": {}}, "Fact_19001556": {"Attributes": {"Format": "numdotdecimal", "Sign": "Positive", "Measure": "Unit_USD_per_Share", "Scale": "0", "Tag": "us-gaap:ShareBasedCompensationArrangementByShareBasedPaymentAwardEquityInstrumentsOtherThanOptionsForfeituresWeightedAverageGrantDateFairValue", "Fact": 17.0, "Period": "2020-01-01 to 2020-01-01"}, "Labels": {}, "References": {}, "Calculation": {}}, "Fact_19001557": {"Attributes": {"Format": "numdotdecimal", "Sign": "Positive", "Measure": "Unit_shares", "Scale": "0", "Tag": "us-gaap:ShareBasedCompensationArrangementByShareBasedPaymentAwardEquityInstrumentsOtherThanOptionsNonvestedNumber", "Fact": 130501520.0, "Period": "As of 2020-12-31"}, "Labels": {}, "References": {}, "Calculation": {}}, "Fact_19001558": {"Attributes": {"Format": "numdotdecimal", "Sign": "Positive", "Measure": "Unit_USD_per_Share", "Scale": "0", "Tag": "us-gaap:ShareBasedCompensationArrangementByShareBasedPaymentAwardEquityInstrumentsOtherThanOptionsNonvestedWeightedAverageGrantDateFairValue", "Fact": 16.0, "Period": "As of 2020-12-31"}, "Labels": {}, "References": {}, "Calculation": {}}, "Fact_19002685": {"Attributes": {"Format": "numdotdecimal", "Sign": "Positive", "Measure": "Unit_CNY", "Scale": "6", "Tag": "us-gaap:RevenueFromRelatedParties", "Fact": 143.0, "Period": "2018-01-01 to 2018-01-01"}, "Labels": {}, "References": {}, "Calculation": {}}, "Fact_19002686": {"Attributes": {"Format": "numdotdecimal", "Sign": "Positive", "Measure": "Unit_CNY", "Scale": "6", "Tag": "us-gaap:RevenueFromRelatedParties", "Fact": 280.0, "Period": "2019-01-01 to 2019-01-01"}, "Labels": {}, "References": {}, "Calculation": {}}, "Fact_19002687": {"Attributes": {"Format": "numdotdecimal", "Sign": "Positive", "Measure": "Unit_CNY", "Scale": "6", "Tag": "us-gaap:RevenueFromRelatedParties", "Fact": 949.0, "Period": "2020-01-01 to 2020-01-01"}, "Labels": {}, "References": {}, "Calculation": {}}, "Fact_19002688": {"Attributes": {"Format": "numdotdecimal", "Sign": "Positive", "Measure": "Unit_USD", "Scale": "6", "Tag": "us-gaap:RevenueFromRelatedParties", "Fact": 145.0, "Period": "2020-01-01 to 2020-01-01"}, "Labels": {}, "References": {}, "Calculation": {}}, "Fact_19001643": {"Attributes": {"Format": "numdotdecimal", "Sign": "Positive", "Measure": "Unit_CNY", "Scale": "6", "Tag": "us-gaap:DueFromRelatedPartiesCurrent", "Fact": 96.0, "Period": "As of 2019-12-31"}, "Labels": {}, "References": {}, "Calculation": {}}, "Fact_19001644": {"Attributes": {"Format": "numdotdecimal", "Sign": "Positive", "Measure": "Unit_CNY", "Scale": "6", "Tag": "us-gaap:DueFromRelatedPartiesCurrent", "Fact": 22.0, "Period": "As of 2020-12-31"}, "Labels": {}, "References": {}, "Calculation": {}}, "Fact_19001645": {"Attributes": {"Format": "numdotdecimal", "Sign": "Positive", "Measure": "Unit_USD", "Scale": "6", "Tag": "us-gaap:DueFromRelatedPartiesCurrent", "Fact": 3.0, "Period": "As of 2020-12-31"}, "Labels": {}, "References": {}, "Calculation": {}}, "Fact_19001646": {"Attributes": {"Format": "numdotdecimal", "Sign": "Positive", "Measure": "Unit_CNY", "Scale": "6", "Tag": "us-gaap:DueFromRelatedPartiesCurrent", "Fact": 737.0, "Period": "As of 2019-12-31"}, "Labels": {}, "References": {}, "Calculation": {}}, "Fact_19001647": {"Attributes": {"Format": "numdotdecimal", "Sign": "Positive", "Measure": "Unit_CNY", "Scale": "6", "Tag": "us-gaap:DueFromRelatedPartiesCurrent", "Fact": 306.0, "Period": "As of 2020-12-31"}, "Labels": {}, "References": {}, "Calculation": {}}, "Fact_19001648": {"Attributes": {"Format": "numdotdecimal", "Sign": "Positive", "Measure": "Unit_USD", "Scale": "6", "Tag": "us-gaap:DueFromRelatedPartiesCurrent", "Fact": 47.0, "Period": "As of 2020-12-31"}, "Labels": {}, "References": {}, "Calculation": {}}, "Fact_19001649": {"Attributes": {"Format": "numdotdecimal", "Sign": "Positive", "Measure": "Unit_CNY", "Scale": "6", "Tag": "us-gaap:DueFromRelatedPartiesCurrent", "Fact": 345.0, "Period": "As of 2019-12-31"}, "Labels": {}, "References": {}, "Calculation": {}}, "Fact_19001650": {"Attributes": {"Format": "numdotdecimal", "Sign": "Positive", "Measure": "Unit_CNY", "Scale": "6", "Tag": "us-gaap:DueFromRelatedPartiesCurrent", "Fact": 115.0, "Period": "As of 2019-12-31"}, "Labels": {}, "References": {}, "Calculation": {}}, "Fact_19001651": {"Attributes": {"Format": "numdotdecimal", "Sign": "Positive", "Measure": "Unit_CNY", "Scale": "6", "Tag": "us-gaap:DueFromRelatedPartiesCurrent", "Fact": 212.0, "Period": "As of 2020-12-31"}, "Labels": {}, "References": {}, "Calculation": {}}, "Fact_19001652": {"Attributes": {"Format": "numdotdecimal", "Sign": "Positive", "Measure": "Unit_USD", "Scale": "6", "Tag": "us-gaap:DueFromRelatedPartiesCurrent", "Fact": 32.0, "Period": "As of 2020-12-31"}, "Labels": {}, "References": {}, "Calculation": {}}, "Fact_19001653": {"Attributes": {"Format": "numdotdecimal", "Sign": "Positive", "Measure": "Unit_CNY", "Scale": "6", "Tag": "us-gaap:DueFromRelatedPartiesCurrent", "Fact": 301.0, "Period": "As of 2019-12-31"}, "Labels": {}, "References": {}, "Calculation": {}}, "Fact_19001654": {"Attributes": {"Format": "numdotdecimal", "Sign": "Positive", "Measure": "Unit_CNY", "Scale": "6", "Tag": "us-gaap:DueFromRelatedPartiesCurrent", "Fact": 186.0, "Period": "As of 2020-12-31"}, "Labels": {}, "References": {}, "Calculation": {}}, "Fact_19001655": {"Attributes": {"Format": "numdotdecimal", "Sign": "Positive", "Measure": "Unit_USD", "Scale": "6", "Tag": "us-gaap:DueFromRelatedPartiesCurrent", "Fact": 29.0, "Period": "As of 2020-12-31"}, "Labels": {}, "References": {}, "Calculation": {}}, "Fact_19001659": {"Attributes": {"Format": "numdotdecimal", "Sign": "Positive", "Measure": "Unit_CNY", "Scale": "6", "Tag": "us-gaap:DueFromRelatedPartiesNoncurrent", "Fact": 3391.0, "Period": "As of 2019-12-31"}, "Labels": {}, "References": {}, "Calculation": {}}, "Fact_19001660": {"Attributes": {"Format": "numdotdecimal", "Sign": "Positive", "Measure": "Unit_CNY", "Scale": "6", "Tag": "us-gaap:DueFromRelatedPartiesNoncurrent", "Fact": 3398.0, "Period": "As of 2020-12-31"}, "Labels": {}, "References": {}, "Calculation": {}}, "Fact_19001661": {"Attributes": {"Format": "numdotdecimal", "Sign": "Positive", "Measure": "Unit_USD", "Scale": "6", "Tag": "us-gaap:DueFromRelatedPartiesNoncurrent", "Fact": 521.0, "Period": "As of 2020-12-31"}, "Labels": {}, "References": {}, "Calculation": {}}, "Fact_19001662": {"Attributes": {"Format": "numdotdecimal", "Sign": "Positive", "Measure": "Unit_CNY", "Scale": "6", "Tag": "us-gaap:DueFromRelatedPartiesNoncurrent", "Fact": 173.0, "Period": "As of 2019-12-31"}, "Labels": {}, "References": {}, "Calculation": {}}, "Fact_19001663": {"Attributes": {"Format": "numdotdecimal", "Sign": "Positive", "Measure": "Unit_CNY", "Scale": "6", "Tag": "us-gaap:DueFromRelatedPartiesNoncurrent", "Fact": 40.0, "Period": "As of 2020-12-31"}, "Labels": {}, "References": {}, "Calculation": {}}, "Fact_19001664": {"Attributes": {"Format": "numdotdecimal", "Sign": "Positive", "Measure": "Unit_USD", "Scale": "6", "Tag": "us-gaap:DueFromRelatedPartiesNoncurrent", "Fact": 6.0, "Period": "As of 2020-12-31"}, "Labels": {}, "References": {}, "Calculation": {}}, "Fact_19001668": {"Attributes": {"Format": "numdotdecimal", "Sign": "Positive", "Measure": "Unit_CNY", "Scale": "6", "Tag": "us-gaap:DueToRelatedPartiesCurrent", "Fact": 49.0, "Period": "As of 2019-12-31"}, "Labels": {}, "References": {}, "Calculation": {}}, "Fact_19001669": {"Attributes": {"Format": "numdotdecimal", "Sign": "Positive", "Measure": "Unit_CNY", "Scale": "6", "Tag": "us-gaap:DueToRelatedPartiesCurrent", "Fact": 50.0, "Period": "As of 2020-12-31"}, "Labels": {}, "References": {}, "Calculation": {}}, "Fact_19001670": {"Attributes": {"Format": "numdotdecimal", "Sign": "Positive", "Measure": "Unit_USD", "Scale": "6", "Tag": "us-gaap:DueToRelatedPartiesCurrent", "Fact": 8.0, "Period": "As of 2020-12-31"}, "Labels": {}, "References": {}, "Calculation": {}}, "Fact_19001671": {"Attributes": {"Format": "numdotdecimal", "Sign": "Positive", "Measure": "Unit_CNY", "Scale": "6", "Tag": "us-gaap:DueToRelatedPartiesCurrent", "Fact": 973.0, "Period": "As of 2019-12-31"}, "Labels": {}, "References": {}, "Calculation": {}}, "Fact_19001672": {"Attributes": {"Format": "numdotdecimal", "Sign": "Positive", "Measure": "Unit_CNY", "Scale": "6", "Tag": "us-gaap:DueToRelatedPartiesCurrent", "Fact": 489.0, "Period": "As of 2020-12-31"}, "Labels": {}, "References": {}, "Calculation": {}}, "Fact_19001673": {"Attributes": {"Format": "numdotdecimal", "Sign": "Positive", "Measure": "Unit_USD", "Scale": "6", "Tag": "us-gaap:DueToRelatedPartiesCurrent", "Fact": 75.0, "Period": "As of 2020-12-31"}, "Labels": {}, "References": {}, "Calculation": {}}, "Fact_19001674": {"Attributes": {"Format": "numdotdecimal", "Sign": "Positive", "Measure": "Unit_CNY", "Scale": "6", "Tag": "us-gaap:DueToRelatedPartiesCurrent", "Fact": 476.0, "Period": "As of 2019-12-31"}, "Labels": {}, "References": {}, "Calculation": {}}, "Fact_19001675": {"Attributes": {"Format": "numdotdecimal", "Sign": "Positive", "Measure": "Unit_CNY", "Scale": "6", "Tag": "us-gaap:DueToRelatedPartiesCurrent", "Fact": 249.0, "Period": "As of 2019-12-31"}, "Labels": {}, "References": {}, "Calculation": {}}, "Fact_19001676": {"Attributes": {"Format": "numdotdecimal", "Sign": "Positive", "Measure": "Unit_CNY", "Scale": "6", "Tag": "us-gaap:DueToRelatedPartiesCurrent", "Fact": 175.0, "Period": "As of 2020-12-31"}, "Labels": {}, "References": {}, "Calculation": {}}, "Fact_19001677": {"Attributes": {"Format": "numdotdecimal", "Sign": "Positive", "Measure": "Unit_USD", "Scale": "6", "Tag": "us-gaap:DueToRelatedPartiesCurrent", "Fact": 27.0, "Period": "As of 2020-12-31"}, "Labels": {}, "References": {}, "Calculation": {}}, "Fact_19001678": {"Attributes": {"Format": "numdotdecimal", "Sign": "Positive", "Measure": "Unit_CNY", "Scale": "6", "Tag": "us-gaap:DueToRelatedPartiesCurrent", "Fact": 484.0, "Period": "As of 2019-12-31"}, "Labels": {}, "References": {}, "Calculation": {}}, "Fact_19001679": {"Attributes": {"Format": "numdotdecimal", "Sign": "Positive", "Measure": "Unit_CNY", "Scale": "6", "Tag": "us-gaap:DueToRelatedPartiesCurrent", "Fact": 610.0, "Period": "As of 2020-12-31"}, "Labels": {}, "References": {}, "Calculation": {}}, "Fact_19001680": {"Attributes": {"Format": "numdotdecimal", "Sign": "Positive", "Measure": "Unit_USD", "Scale": "6", "Tag": "us-gaap:DueToRelatedPartiesCurrent", "Fact": 93.0, "Period": "As of 2020-12-31"}, "Labels": {}, "References": {}, "Calculation": {}}, "Fact_19001684": {"Attributes": {"Format": "numdotdecimal", "Sign": "Positive", "Measure": "Unit_CNY", "Scale": "6", "Tag": "us-gaap:DueToRelatedPartiesNoncurrent", "Fact": 3430.0, "Period": "As of 2019-12-31"}, "Labels": {}, "References": {}, "Calculation": {}}, "Fact_19001685": {"Attributes": {"Format": "numdotdecimal", "Sign": "Positive", "Measure": "Unit_CNY", "Scale": "6", "Tag": "us-gaap:DueToRelatedPartiesNoncurrent", "Fact": 3216.0, "Period": "As of 2020-12-31"}, "Labels": {}, "References": {}, "Calculation": {}}, "Fact_19001686": {"Attributes": {"Format": "numdotdecimal", "Sign": "Positive", "Measure": "Unit_USD", "Scale": "6", "Tag": "us-gaap:DueToRelatedPartiesNoncurrent", "Fact": 493.0, "Period": "As of 2020-12-31"}, "Labels": {}, "References": {}, "Calculation": {}}, "Fact_19001687": {"Attributes": {"Format": "numdotdecimal", "Sign": "Positive", "Measure": "Unit_CNY", "Scale": "6", "Tag": "us-gaap:DueToRelatedPartiesNoncurrent", "Fact": 410.0, "Period": "As of 2019-12-31"}, "Labels": {}, "References": {}, "Calculation": {}}, "Fact_19001688": {"Attributes": {"Format": "numdotdecimal", "Sign": "Positive", "Measure": "Unit_CNY", "Scale": "6", "Tag": "us-gaap:DueToRelatedPartiesNoncurrent", "Fact": 325.0, "Period": "As of 2020-12-31"}, "Labels": {}, "References": {}, "Calculation": {}}, "Fact_19001689": {"Attributes": {"Format": "numdotdecimal", "Sign": "Positive", "Measure": "Unit_USD", "Scale": "6", "Tag": "us-gaap:DueToRelatedPartiesNoncurrent", "Fact": 50.0, "Period": "As of 2020-12-31"}, "Labels": {}, "References": {}, "Calculation": {}}, "Fact_19001690": {"Attributes": {"Format": "numdotdecimal", "Sign": "Positive", "Measure": "Unit_CNY", "Scale": "6", "Tag": "us-gaap:DueToRelatedPartiesNoncurrent", "Fact": 6.0, "Period": "As of 2019-12-31"}, "Labels": {}, "References": {}, "Calculation": {}}, "Fact_19001691": {"Attributes": {"Format": "numdotdecimal", "Sign": "Positive", "Measure": "Unit_CNY", "Scale": "6", "Tag": "us-gaap:DueToRelatedPartiesNoncurrent", "Fact": 2.0, "Period": "As of 2020-12-31"}, "Labels": {}, "References": {}, "Calculation": {}}, "Fact_19002754": {"Attributes": {"Format": "numdotdecimal", "Sign": "Positive", "Measure": "Unit_CNY", "Scale": "6", "Tag": "us-gaap:RevenueFromContractWithCustomerIncludingAssessedTax", "Fact": 3005.0, "Period": "2018-01-01 to 2018-01-01"}, "Labels": {}, "References": {}, "Calculation": {}}, "Fact_19002755": {"Attributes": {"Format": "numdotdecimal", "Sign": "Positive", "Measure": "Unit_CNY", "Scale": "6", "Tag": "us-gaap:RevenueFromContractWithCustomerIncludingAssessedTax", "Fact": 6370.0, "Period": "2019-01-01 to 2019-01-01"}, "Labels": {}, "References": {}, "Calculation": {}}, "Fact_19002756": {"Attributes": {"Format": "numdotdecimal", "Sign": "Positive", "Measure": "Unit_CNY", "Scale": "6", "Tag": "us-gaap:RevenueFromContractWithCustomerIncludingAssessedTax", "Fact": 9173.0, "Period": "2020-01-01 to 2020-01-01"}, "Labels": {}, "References": {}, "Calculation": {}}, "Fact_19002757": {"Attributes": {"Format": "numdotdecimal", "Sign": "Positive", "Measure": "Unit_USD", "Scale": "6", "Tag": "us-gaap:RevenueFromContractWithCustomerIncludingAssessedTax", "Fact": 1406.0, "Period": "2020-01-01 to 2020-01-01"}, "Labels": {}, "References": {}, "Calculation": {}}, "Fact_19002759": {"Attributes": {"Format": "numdotdecimal", "Sign": "Positive", "Measure": "Unit_CNY", "Scale": "6", "Tag": "us-gaap:RevenueFromContractWithCustomerIncludingAssessedTax", "Fact": 897.0, "Period": "2018-01-01 to 2018-01-01"}, "Labels": {}, "References": {}, "Calculation": {}}, "Fact_19002760": {"Attributes": {"Format": "numdotdecimal", "Sign": "Positive", "Measure": "Unit_CNY", "Scale": "6", "Tag": "us-gaap:RevenueFromContractWithCustomerIncludingAssessedTax", "Fact": 3303.0, "Period": "2019-01-01 to 2019-01-01"}, "Labels": {}, "References": {}, "Calculation": {}}, "Fact_19002761": {"Attributes": {"Format": "numdotdecimal", "Sign": "Positive", "Measure": "Unit_CNY", "Scale": "6", "Tag": "us-gaap:RevenueFromContractWithCustomerIncludingAssessedTax", "Fact": 3228.0, "Period": "2020-01-01 to 2020-01-01"}, "Labels": {}, "References": {}, "Calculation": {}}, "Fact_19002762": {"Attributes": {"Format": "numdotdecimal", "Sign": "Positive", "Measure": "Unit_USD", "Scale": "6", "Tag": "us-gaap:RevenueFromContractWithCustomerIncludingAssessedTax", "Fact": 495.0, "Period": "2020-01-01 to 2020-01-01"}, "Labels": {}, "References": {}, "Calculation": {}}, "Fact_19002767": {"Attributes": {"Format": "numdotdecimal", "Sign": "Positive", "Measure": "Unit_CNY", "Scale": "6", "Tag": "us-gaap:RevenueFromContractWithCustomerIncludingAssessedTax", "Fact": 10623.0, "Period": "2018-01-01 to 2018-01-01"}, "Labels": {}, "References": {}, "Calculation": {}}, "Fact_19002768": {"Attributes": {"Format": "numdotdecimal", "Sign": "Positive", "Measure": "Unit_CNY", "Scale": "6", "Tag": "us-gaap:RevenueFromContractWithCustomerIncludingAssessedTax", "Fact": 14436.0, "Period": "2019-01-01 to 2019-01-01"}, "Labels": {}, "References": {}, "Calculation": {}}, "Fact_19002769": {"Attributes": {"Format": "numdotdecimal", "Sign": "Positive", "Measure": "Unit_CNY", "Scale": "6", "Tag": "us-gaap:RevenueFromContractWithCustomerIncludingAssessedTax", "Fact": 16491.0, "Period": "2020-01-01 to 2020-01-01"}, "Labels": {}, "References": {}, "Calculation": {}}, "Fact_19002770": {"Attributes": {"Format": "numdotdecimal", "Sign": "Positive", "Measure": "Unit_USD", "Scale": "6", "Tag": "us-gaap:RevenueFromContractWithCustomerIncludingAssessedTax", "Fact": 2527.0, "Period": "2020-01-01 to 2020-01-01"}, "Labels": {}, "References": {}, "Calculation": {}}, "Fact_19002771": {"Attributes": {"Format": "numdotdecimal", "Sign": "Positive", "Measure": "Unit_CNY", "Scale": "6", "Tag": "us-gaap:RevenueFromContractWithCustomerIncludingAssessedTax", "Fact": 9329.0, "Period": "2018-01-01 to 2018-01-01"}, "Labels": {}, "References": {}, "Calculation": {}}, "Fact_19002772": {"Attributes": {"Format": "numdotdecimal", "Sign": "Positive", "Measure": "Unit_CNY", "Scale": "6", "Tag": "us-gaap:RevenueFromContractWithCustomerIncludingAssessedTax", "Fact": 8271.0, "Period": "2019-01-01 to 2019-01-01"}, "Labels": {}, "References": {}, "Calculation": {}}, "Fact_19002773": {"Attributes": {"Format": "numdotdecimal", "Sign": "Positive", "Measure": "Unit_CNY", "Scale": "6", "Tag": "us-gaap:RevenueFromContractWithCustomerIncludingAssessedTax", "Fact": 6822.0, "Period": "2020-01-01 to 2020-01-01"}, "Labels": {}, "References": {}, "Calculation": {}}, "Fact_19002774": {"Attributes": {"Format": "numdotdecimal", "Sign": "Positive", "Measure": "Unit_USD", "Scale": "6", "Tag": "us-gaap:RevenueFromContractWithCustomerIncludingAssessedTax", "Fact": 1046.0, "Period": "2020-01-01 to 2020-01-01"}, "Labels": {}, "References": {}, "Calculation": {}}, "Fact_19002775": {"Attributes": {"Format": "numdotdecimal", "Sign": "Positive", "Measure": "Unit_CNY", "Scale": "6", "Tag": "us-gaap:RevenueFromContractWithCustomerIncludingAssessedTax", "Fact": 2163.0, "Period": "2018-01-01 to 2018-01-01"}, "Labels": {}, "References": {}, "Calculation": {}}, "Fact_19002776": {"Attributes": {"Format": "numdotdecimal", "Sign": "Positive", "Measure": "Unit_CNY", "Scale": "6", "Tag": "us-gaap:RevenueFromContractWithCustomerIncludingAssessedTax", "Fact": 2544.0, "Period": "2019-01-01 to 2019-01-01"}, "Labels": {}, "References": {}, "Calculation": {}}, "Fact_19002777": {"Attributes": {"Format": "numdotdecimal", "Sign": "Positive", "Measure": "Unit_CNY", "Scale": "6", "Tag": "us-gaap:RevenueFromContractWithCustomerIncludingAssessedTax", "Fact": 2660.0, "Period": "2020-01-01 to 2020-01-01"}, "Labels": {}, "References": {}, "Calculation": {}}, "Fact_19002778": {"Attributes": {"Format": "numdotdecimal", "Sign": "Positive", "Measure": "Unit_USD", "Scale": "6", "Tag": "us-gaap:RevenueFromContractWithCustomerIncludingAssessedTax", "Fact": 408.0, "Period": "2020-01-01 to 2020-01-01"}, "Labels": {}, "References": {}, "Calculation": {}}, "Fact_19002779": {"Attributes": {"Format": "numdotdecimal", "Sign": "Positive", "Measure": "Unit_CNY", "Scale": "6", "Tag": "us-gaap:RevenueFromContractWithCustomerIncludingAssessedTax", "Fact": 2874.0, "Period": "2018-01-01 to 2018-01-01"}, "Labels": {}, "References": {}, "Calculation": {}}, "Fact_19002780": {"Attributes": {"Format": "numdotdecimal", "Sign": "Positive", "Measure": "Unit_CNY", "Scale": "6", "Tag": "us-gaap:RevenueFromContractWithCustomerIncludingAssessedTax", "Fact": 3743.0, "Period": "2019-01-01 to 2019-01-01"}, "Labels": {}, "References": {}, "Calculation": {}}, "Fact_19002781": {"Attributes": {"Format": "numdotdecimal", "Sign": "Positive", "Measure": "Unit_CNY", "Scale": "6", "Tag": "us-gaap:RevenueFromContractWithCustomerIncludingAssessedTax", "Fact": 3734.0, "Period": "2020-01-01 to 2020-01-01"}, "Labels": {}, "References": {}, "Calculation": {}}, "Fact_19002782": {"Attributes": {"Format": "numdotdecimal", "Sign": "Positive", "Measure": "Unit_USD", "Scale": "6", "Tag": "us-gaap:RevenueFromContractWithCustomerIncludingAssessedTax", "Fact": 572.0, "Period": "2020-01-01 to 2020-01-01"}, "Labels": {}, "References": {}, "Calculation": {}}, "Fact_19002339": {"Attributes": {"Format": "numdotdecimal", "Sign": "Positive", "Measure": "Unit_CNY", "Scale": "6", "Tag": "us-gaap:InvestmentsFairValueDisclosure", "Fact": 14205.0, "Period": "As of 2020-12-31"}, "Labels": {}, "References": {}, "Calculation": {}}, "Fact_19002340": {"Attributes": {"Format": "numdotdecimal", "Sign": "Positive", "Measure": "Unit_USD", "Scale": "6", "Tag": "us-gaap:InvestmentsFairValueDisclosure", "Fact": 2177.0, "Period": "As of 2020-12-31"}, "Labels": {}, "References": {}, "Calculation": {}}, "Fact_19002341": {"Attributes": {"Format": "numdotdecimal", "Sign": "Positive", "Measure": "Unit_CNY", "Scale": "6", "Tag": "us-gaap:InvestmentsFairValueDisclosure", "Fact": 13838.0, "Period": "As of 2020-12-31"}, "Labels": {}, "References": {}, "Calculation": {}}, "Fact_19002342": {"Attributes": {"Format": "numdotdecimal", "Sign": "Positive", "Measure": "Unit_CNY", "Scale": "6", "Tag": "us-gaap:AssetsFairValueAdjustment", "Fact": 3725.0, "Period": "2020-01-01 to 2020-01-01"}, "Labels": {}, "References": {}, "Calculation": {}}, "Fact_19002343": {"Attributes": {"Format": "numdotdecimal", "Sign": "Positive", "Measure": "Unit_USD", "Scale": "6", "Tag": "us-gaap:AssetsFairValueAdjustment", "Fact": 571.0, "Period": "2020-01-01 to 2020-01-01"}, "Labels": {}, "References": {}, "Calculation": {}}, "Fact_19002344": {"Attributes": {"Format": "numdotdecimal", "Sign": "Positive", "Measure": "Unit_CNY", "Scale": "6", "Tag": "us-gaap:OtherThanTemporaryImpairmentLossesInvestmentsPortionRecognizedInEarningsNet", "Fact": 1862.0, "Period": "2020-01-01 to 2020-01-01"}, "Labels": {}, "References": {}, "Calculation": {}}, "Fact_19002345": {"Attributes": {"Format": "numdotdecimal", "Sign": "Positive", "Measure": "Unit_USD", "Scale": "6", "Tag": "us-gaap:OtherThanTemporaryImpairmentLossesInvestmentsPortionRecognizedInEarningsNet", "Fact": 285.0, "Period": "2020-01-01 to 2020-01-01"}, "Labels": {}, "References": {}, "Calculation": {}}, "Fact_19002346": {"Attributes": {"Format": "numdotdecimal", "Sign": "Positive", "Measure": "Unit_CNY", "Scale": "6", "Tag": "us-gaap:FiniteLivedIntangibleAssetsFairValueDisclosure", "Fact": 62.0, "Period": "As of 2020-12-31"}, "Labels": {}, "References": {}, "Calculation": {}}, "Fact_19002347": {"Attributes": {"Format": "numdotdecimal", "Sign": "Positive", "Measure": "Unit_USD", "Scale": "6", "Tag": "us-gaap:FiniteLivedIntangibleAssetsFairValueDisclosure", "Fact": 10.0, "Period": "As of 2020-12-31"}, "Labels": {}, "References": {}, "Calculation": {}}, "Fact_19002348": {"Attributes": {"Format": "numdotdecimal", "Sign": "Positive", "Measure": "Unit_CNY", "Scale": "6", "Tag": "us-gaap:FiniteLivedIntangibleAssetsFairValueDisclosure", "Fact": 62.0, "Period": "As of 2020-12-31"}, "Labels": {}, "References": {}, "Calculation": {}}, "Fact_19002349": {"Attributes": {"Format": "numdotdecimal", "Sign": "Negative", "Measure": "Unit_CNY", "Scale": "6", "Tag": "us-gaap:ImpairmentOfIntangibleAssetsFinitelived", "Fact": 350.0, "Period": "2020-01-01 to 2020-01-01"}, "Labels": {}, "References": {}, "Calculation": {}}, "Fact_19002350": {"Attributes": {"Format": "numdotdecimal", "Sign": "Negative", "Measure": "Unit_USD", "Scale": "6", "Tag": "us-gaap:ImpairmentOfIntangibleAssetsFinitelived", "Fact": 54.0, "Period": "2020-01-01 to 2020-01-01"}, "Labels": {}, "References": {}, "Calculation": {}}, "Fact_19002351": {"Attributes": {"Format": "numdotdecimal", "Sign": "Positive", "Measure": "Unit_CNY", "Scale": "6", "Tag": "bidu:MainlandChinaFilmGroupLicensedCopyrightsFairValueDisclosure", "Fact": 7186.0, "Period": "As of 2020-03-31"}, "Labels": {}, "References": {}, "Calculation": {}}, "Fact_19002352": {"Attributes": {"Format": "numdotdecimal", "Sign": "Positive", "Measure": "Unit_USD", "Scale": "6", "Tag": "bidu:MainlandChinaFilmGroupLicensedCopyrightsFairValueDisclosure", "Fact": 1101.0, "Period": "As of 2020-03-31"}, "Labels": {}, "References": {}, "Calculation": {}}, "Fact_19002353": {"Attributes": {"Format": "numdotdecimal", "Sign": "Positive", "Measure": "Unit_CNY", "Scale": "6", "Tag": "bidu:MainlandChinaFilmGroupLicensedCopyrightsFairValueDisclosure", "Fact": 7186.0, "Period": "As of 2020-03-31"}, "Labels": {}, "References": {}, "Calculation": {}}, "Fact_19002354": {"Attributes": {"Format": "numdotdecimal", "Sign": "Positive", "Measure": "Unit_CNY", "Scale": "6", "Tag": "bidu:ImpairmentOfLicensedCopyrightsOfMainlandChinaFilmGroup", "Fact": 390.0, "Period": "2020-01-01 to 2020-01-01"}, "Labels": {}, "References": {}, "Calculation": {}}, "Fact_19002355": {"Attributes": {"Format": "numdotdecimal", "Sign": "Positive", "Measure": "Unit_USD", "Scale": "6", "Tag": "bidu:ImpairmentOfLicensedCopyrightsOfMainlandChinaFilmGroup", "Fact": 60.0, "Period": "2020-01-01 to 2020-01-01"}, "Labels": {}, "References": {}, "Calculation": {}}, "Fact_19002356": {"Attributes": {"Format": "numdotdecimal", "Sign": "Positive", "Measure": "Unit_CNY", "Scale": "6", "Tag": "bidu:MainlandChinaFilmGroupProducedContentsFairValueDisclosure", "Fact": 4124.0, "Period": "As of 2020-03-31"}, "Labels": {}, "References": {}, "Calculation": {}}, "Fact_19002357": {"Attributes": {"Format": "numdotdecimal", "Sign": "Positive", "Measure": "Unit_USD", "Scale": "6", "Tag": "bidu:MainlandChinaFilmGroupProducedContentsFairValueDisclosure", "Fact": 632.0, "Period": "As of 2020-03-31"}, "Labels": {}, "References": {}, "Calculation": {}}, "Fact_19002358": {"Attributes": {"Format": "numdotdecimal", "Sign": "Positive", "Measure": "Unit_CNY", "Scale": "6", "Tag": "bidu:MainlandChinaFilmGroupProducedContentsFairValueDisclosure", "Fact": 4124.0, "Period": "As of 2020-03-31"}, "Labels": {}, "References": {}, "Calculation": {}}, "Fact_19002359": {"Attributes": {"Format": "numdotdecimal", "Sign": "Positive", "Measure": "Unit_CNY", "Scale": "6", "Tag": "bidu:ImpairmentOfProducedContentOfMainlandChinaFilmGroup", "Fact": 210.0, "Period": "2020-01-01 to 2020-01-01"}, "Labels": {}, "References": {}, "Calculation": {}}, "Fact_19002360": {"Attributes": {"Format": "numdotdecimal", "Sign": "Positive", "Measure": "Unit_USD", "Scale": "6", "Tag": "bidu:ImpairmentOfProducedContentOfMainlandChinaFilmGroup", "Fact": 32.0, "Period": "2020-01-01 to 2020-01-01"}, "Labels": {}, "References": {}, "Calculation": {}}, "Fact_19002361": {"Attributes": {"Format": "numdotdecimal", "Sign": "Positive", "Measure": "Unit_CNY", "Scale": "6", "Tag": "bidu:ProducedContentMonetizedOnItsOwnFairValueDisclosure", "Fact": 40.0, "Period": "As of 2020-12-31"}, "Labels": {}, "References": {}, "Calculation": {}}, "Fact_19002362": {"Attributes": {"Format": "numdotdecimal", "Sign": "Positive", "Measure": "Unit_USD", "Scale": "6", "Tag": "bidu:ProducedContentMonetizedOnItsOwnFairValueDisclosure", "Fact": 6.0, "Period": "As of 2020-12-31"}, "Labels": {}, "References": {}, "Calculation": {}}, "Fact_19002363": {"Attributes": {"Format": "numdotdecimal", "Sign": "Positive", "Measure": "Unit_CNY", "Scale": "6", "Tag": "bidu:ProducedContentMonetizedOnItsOwnFairValueDisclosure", "Fact": 40.0, "Period": "As of 2020-12-31"}, "Labels": {}, "References": {}, "Calculation": {}}, "Fact_19002364": {"Attributes": {"Format": "numdotdecimal", "Sign": "Positive", "Measure": "Unit_CNY", "Scale": "6", "Tag": "bidu:ImpairmentOfProducedContentMonetizedOnItsOwn", "Fact": 205.0, "Period": "2020-01-01 to 2020-01-01"}, "Labels": {}, "References": {}, "Calculation": {}}, "Fact_19002365": {"Attributes": {"Format": "numdotdecimal", "Sign": "Positive", "Measure": "Unit_USD", "Scale": "6", "Tag": "bidu:ImpairmentOfProducedContentMonetizedOnItsOwn", "Fact": 31.0, "Period": "2020-01-01 to 2020-01-01"}, "Labels": {}, "References": {}, "Calculation": {}}}