{"hidden17016631": {"Attributes": {"Sign": "Positive", "Measure": "Unit_pure", "Tag": "us-gaap:DebtSecuritiesAvailableForSaleMeasurementInput", "Fact": 0.569, "Period": "As of 2020-09-30"}, "Labels": {}, "References": {}, "Calculation": {}}, "hidden17016632": {"Attributes": {"Sign": "Positive", "Measure": "Unit_pure", "Tag": "us-gaap:DebtSecuritiesAvailableForSaleMeasurementInput", "Fact": 0.575, "Period": "As of 2019-09-30"}, "Labels": {}, "References": {}, "Calculation": {}}, "hidden17016633": {"Attributes": {"Sign": "Positive", "Measure": "Unit_pure", "Tag": "us-gaap:DebtSecuritiesAvailableForSaleMeasurementInput", "Fact": 0.516, "Period": "As of 2020-09-30"}, "Labels": {}, "References": {}, "Calculation": {}}, "hidden17016634": {"Attributes": {"Sign": "Positive", "Measure": "Unit_pure", "Tag": "us-gaap:DebtSecuritiesAvailableForSaleMeasurementInput", "Fact": 0.446, "Period": "As of 2019-09-30"}, "Labels": {}, "References": {}, "Calculation": {}}, "hidden17016629": {"Attributes": {"Tag": "us-gaap:LineOfCreditFacilityExpirationPeriod", "Fact": "P1Y", "Period": "2017-11-17 to 2017-11-17"}, "Labels": {}, "References": {}, "Calculation": {}}, "hidden17016756": {"Attributes": {"Tag": "us-gaap:ShareBasedCompensationArrangementByShareBasedPaymentAwardAwardVestingPeriod1", "Fact": "P1Y", "Period": "2020-11-13 to 2020-11-13"}, "Labels": {}, "References": {}, "Calculation": {}}, "hidden17016606": {"Attributes": {"Tag": "us-gaap:ShareBasedCompensationArrangementByShareBasedPaymentAwardAwardVestingPeriod1", "Fact": "P2Y", "Period": "2018-01-17 to 2018-01-17"}, "Labels": {}, "References": {}, "Calculation": {}}, "hidden17017132": {"Attributes": {"Tag": "us-gaap:DebtInstrumentTerm", "Fact": "P3Y", "Period": "2017-07-19 to 2017-07-19"}, "Labels": {}, "References": {}, "Calculation": {}}, "hidden17017133": {"Attributes": {"Tag": "us-gaap:DebtInstrumentTerm", "Fact": "P2Y", "Period": "2020-04-15 to 2020-04-15"}, "Labels": {}, "References": {}, "Calculation": {}}, "hidden17017112": {"Attributes": {"Tag": "us-gaap:MaturityOfTimeDeposits", "Fact": "P3M", "Period": "2019-10-01 to 2019-10-01"}, "Labels": {}, "References": {}, "Calculation": {}}, "hidden17017264": {"Attributes": {"Tag": "dei:SecurityExchangeName", "Fact": "NYSE", "Period": "2019-10-01 to 2019-10-01"}, "Labels": {}, "References": {}, "Calculation": {}}, "Fact_17017692": {"Attributes": {"Format": "numdotdecimal", "Sign": "Positive", "Measure": "Unit_pure", "Scale": "-2", "Tag": "us-gaap:VariableInterestEntityOwnershipPercentage", "Fact": 28.608, "Period": "2019-10-01 to 2019-10-01"}, "Labels": {}, "References": {}, "Calculation": {}}, "Fact_17016875": {"Attributes": {"Format": "numdotdecimal", "Sign": "Positive", "Measure": "Unit_USD", "Scale": "3", "Tag": "dl:CapitalizedCommissionFees", "Fact": 4974.0, "Period": "As of 2019-09-30"}, "Labels": {}, "References": {}, "Calculation": {}}, "Fact_17016990": {"Attributes": {"Format": "numdotdecimal", "Sign": "Positive", "Measure": "Unit_USD", "Scale": "3", "Tag": "dl:CapitalizedCommissionFees", "Fact": 8440.0, "Period": "As of 2020-09-30"}, "Labels": {}, "References": {}, "Calculation": {}}, "Fact_17017548": {"Attributes": {"Format": "numdotdecimal", "Sign": "Positive", "Measure": "Unit_USD", "Scale": "3", "Tag": "us-gaap:Supplies", "Fact": 3938.0, "Period": "As of 2019-09-30"}, "Labels": {}, "References": {}, "Calculation": {}}, "Fact_17017549": {"Attributes": {"Format": "numdotdecimal", "Sign": "Positive", "Measure": "Unit_USD", "Scale": "3", "Tag": "us-gaap:Supplies", "Fact": 4799.0, "Period": "As of 2020-09-30"}, "Labels": {}, "References": {}, "Calculation": {}}, "Fact_17017550": {"Attributes": {"Format": "numdotdecimal", "Sign": "Positive", "Measure": "Unit_USD", "Scale": "3", "Tag": "dl:OtherCurrentAssetsFundsReceivable", "Fact": 2364.0, "Period": "As of 2019-09-30"}, "Labels": {}, "References": {}, "Calculation": {}}, "Fact_17017551": {"Attributes": {"Format": "numdotdecimal", "Sign": "Positive", "Measure": "Unit_USD", "Scale": "3", "Tag": "dl:OtherCurrentAssetsFundsReceivable", "Fact": 4349.0, "Period": "As of 2020-09-30"}, "Labels": {}, "References": {}, "Calculation": {}}, "Fact_17017552": {"Attributes": {"Format": "numdotdecimal", "Sign": "Positive", "Measure": "Unit_USD", "Scale": "3", "Tag": "dl:StaffAdvancesCurrent", "Fact": 1591.0, "Period": "As of 2019-09-30"}, "Labels": {}, "References": {}, "Calculation": {}}, "Fact_17017553": {"Attributes": {"Format": "numdotdecimal", "Sign": "Positive", "Measure": "Unit_USD", "Scale": "3", "Tag": "dl:StaffAdvancesCurrent", "Fact": 1480.0, "Period": "As of 2020-09-30"}, "Labels": {}, "References": {}, "Calculation": {}}, "Fact_17016936": {"Attributes": {"Format": "numdotdecimal", "Sign": "Positive", "Measure": "Unit_USD", "Scale": "3", "Tag": "dl:LongTermReceivables", "Fact": 1540.0, "Period": "As of 2019-09-30"}, "Labels": {}, "References": {}, "Calculation": {}}, "Fact_17016918": {"Attributes": {"Format": "numdotdecimal", "Sign": "Positive", "Measure": "Unit_USD", "Scale": "3", "Tag": "dl:LongTermReceivables", "Fact": 1621.0, "Period": "As of 2020-09-30"}, "Labels": {}, "References": {}, "Calculation": {}}, "Fact_17016991": {"Attributes": {"Format": "numdotdecimal", "Sign": "Positive", "Measure": "Unit_USD", "Scale": "3", "Tag": "us-gaap:EquitySecuritiesWithoutReadilyDeterminableFairValueAmount", "Fact": 11199.0, "Period": "As of 2019-09-30"}, "Labels": {}, "References": {}, "Calculation": {}}, "Fact_17016992": {"Attributes": {"Format": "numdotdecimal", "Sign": "Positive", "Measure": "Unit_USD", "Scale": "3", "Tag": "us-gaap:EquitySecuritiesWithoutReadilyDeterminableFairValueAmount", "Fact": 11789.0, "Period": "As of 2020-09-30"}, "Labels": {}, "References": {}, "Calculation": {}}, "Fact_17017784": {"Attributes": {"Format": "numdotdecimal", "Sign": "Positive", "Measure": "Unit_USD", "Scale": "3", "Tag": "us-gaap:EquityMethodInvestments", "Fact": 2488.0, "Period": "As of 2019-09-30"}, "Labels": {}, "References": {}, "Calculation": {}}, "Fact_17017785": {"Attributes": {"Format": "numdotdecimal", "Sign": "Positive", "Measure": "Unit_USD", "Scale": "3", "Tag": "us-gaap:EquityMethodInvestments", "Fact": 3012.0, "Period": "As of 2020-09-30"}, "Labels": {}, "References": {}, "Calculation": {}}, "Fact_17017660": {"Attributes": {"Format": "numdotdecimal", "Sign": "Positive", "Measure": "Unit_USD", "Scale": "3", "Tag": "us-gaap:EquityMethodInvestments", "Fact": 2590.0, "Period": "As of 2019-09-30"}, "Labels": {}, "References": {}, "Calculation": {}}, "Fact_17017783": {"Attributes": {"Format": "numdotdecimal", "Sign": "Positive", "Measure": "Unit_USD", "Scale": "3", "Tag": "us-gaap:EquityMethodInvestments", "Fact": 941.0, "Period": "As of 2020-09-30"}, "Labels": {}, "References": {}, "Calculation": {}}, "Fact_17017661": {"Attributes": {"Format": "numdotdecimal", "Sign": "Positive", "Measure": "Unit_USD", "Scale": "3", "Tag": "us-gaap:AvailableForSaleSecuritiesNoncurrent", "Fact": 4617.0, "Period": "As of 2019-09-30"}, "Labels": {}, "References": {}, "Calculation": {}}, "Fact_17017662": {"Attributes": {"Format": "numdotdecimal", "Sign": "Positive", "Measure": "Unit_USD", "Scale": "3", "Tag": "us-gaap:AvailableForSaleSecuritiesNoncurrent", "Fact": 5597.0, "Period": "As of 2020-09-30"}, "Labels": {}, "References": {}, "Calculation": {}}, "Fact_17017663": {"Attributes": {"Format": "numdotdecimal", "Sign": "Positive", "Measure": "Unit_USD", "Scale": "3", "Tag": "us-gaap:AvailableForSaleSecuritiesNoncurrent", "Fact": 2434.0, "Period": "As of 2019-09-30"}, "Labels": {}, "References": {}, "Calculation": {}}, "Fact_17017664": {"Attributes": {"Format": "numdotdecimal", "Sign": "Positive", "Measure": "Unit_USD", "Scale": "3", "Tag": "us-gaap:AvailableForSaleSecuritiesNoncurrent", "Fact": 2353.0, "Period": "As of 2020-09-30"}, "Labels": {}, "References": {}, "Calculation": {}}, "Fact_17017665": {"Attributes": {"Format": "numdotdecimal", "Sign": "Positive", "Measure": "Unit_USD", "Scale": "3", "Tag": "us-gaap:AvailableForSaleSecuritiesNoncurrent", "Fact": 1289.0, "Period": "As of 2019-09-30"}, "Labels": {}, "References": {}, "Calculation": {}}, "Fact_17017666": {"Attributes": {"Format": "numdotdecimal", "Sign": "Positive", "Measure": "Unit_USD", "Scale": "3", "Tag": "us-gaap:AvailableForSaleSecuritiesNoncurrent", "Fact": 1159.0, "Period": "As of 2020-09-30"}, "Labels": {}, "References": {}, "Calculation": {}}, "Fact_17018292": {"Attributes": {"Format": "numdotdecimal", "Sign": "Positive", "Measure": "Unit_USD", "Scale": "3", "Tag": "us-gaap:PrepaidExpenseAndOtherAssetsNoncurrent", "Fact": 3864.0, "Period": "As of 2019-09-30"}, "Labels": {}, "References": {}, "Calculation": {}}, "Fact_17017995": {"Attributes": {"Format": "numdotdecimal", "Sign": "Positive", "Measure": "Unit_USD", "Scale": "3", "Tag": "us-gaap:PrepaidExpenseAndOtherAssetsNoncurrent", "Fact": 2318.0, "Period": "As of 2020-09-30"}, "Labels": {}, "References": {}, "Calculation": {}}, "Fact_17017994": {"Attributes": {"Format": "numdotdecimal", "Sign": "Positive", "Measure": "Unit_USD", "Scale": "3", "Tag": "us-gaap:SecurityDeposit", "Fact": 1017.0, "Period": "As of 2019-09-30"}, "Labels": {}, "References": {}, "Calculation": {}}, "Fact_17017993": {"Attributes": {"Format": "numdotdecimal", "Sign": "Positive", "Measure": "Unit_USD", "Scale": "3", "Tag": "us-gaap:SecurityDeposit", "Fact": 1244.0, "Period": "As of 2020-09-30"}, "Labels": {}, "References": {}, "Calculation": {}}, "Fact_17017073": {"Attributes": {"Format": "numdotdecimal", "Sign": "Positive", "Measure": "Unit_USD", "Scale": "3", "Tag": "dl:LongTermCapitalizedCommissionFees", "Fact": 3251.0, "Period": "As of 2019-09-30"}, "Labels": {}, "References": {}, "Calculation": {}}, "Fact_17016996": {"Attributes": {"Format": "numdotdecimal", "Sign": "Positive", "Measure": "Unit_USD", "Scale": "3", "Tag": "dl:LongTermCapitalizedCommissionFees", "Fact": 3043.0, "Period": "As of 2020-09-30"}, "Labels": {}, "References": {}, "Calculation": {}}, "Fact_17017988": {"Attributes": {"Format": "numdotdecimal", "Sign": "Positive", "Measure": "Unit_USD", "Scale": "3", "Tag": "us-gaap:OtherLiabilities", "Fact": 12971.0, "Period": "As of 2019-09-30"}, "Labels": {}, "References": {}, "Calculation": {}}, "Fact_17017987": {"Attributes": {"Format": "numdotdecimal", "Sign": "Positive", "Measure": "Unit_USD", "Scale": "3", "Tag": "us-gaap:OtherLiabilities", "Fact": 24109.0, "Period": "As of 2020-09-30"}, "Labels": {}, "References": {}, "Calculation": {}}}