<?xml version="1.0" encoding="UTF-8" ?><root><hidden17016631 type="dict"><Attributes type="dict"><Sign type="str">Positive</Sign><Measure type="str">Unit_pure</Measure><Tag type="str">us-gaap:DebtSecuritiesAvailableForSaleMeasurementInput</Tag><Fact type="float">0.569</Fact><Period type="str">As of 2020-09-30</Period></Attributes><Labels type="dict"></Labels><References type="dict"></References><Calculation type="dict"></Calculation></hidden17016631><hidden17016632 type="dict"><Attributes type="dict"><Sign type="str">Positive</Sign><Measure type="str">Unit_pure</Measure><Tag type="str">us-gaap:DebtSecuritiesAvailableForSaleMeasurementInput</Tag><Fact type="float">0.575</Fact><Period type="str">As of 2019-09-30</Period></Attributes><Labels type="dict"></Labels><References type="dict"></References><Calculation type="dict"></Calculation></hidden17016632><hidden17016633 type="dict"><Attributes type="dict"><Sign type="str">Positive</Sign><Measure type="str">Unit_pure</Measure><Tag type="str">us-gaap:DebtSecuritiesAvailableForSaleMeasurementInput</Tag><Fact type="float">0.516</Fact><Period type="str">As of 2020-09-30</Period></Attributes><Labels type="dict"></Labels><References type="dict"></References><Calculation type="dict"></Calculation></hidden17016633><hidden17016634 type="dict"><Attributes type="dict"><Sign type="str">Positive</Sign><Measure type="str">Unit_pure</Measure><Tag type="str">us-gaap:DebtSecuritiesAvailableForSaleMeasurementInput</Tag><Fact type="float">0.446</Fact><Period type="str">As of 2019-09-30</Period></Attributes><Labels type="dict"></Labels><References type="dict"></References><Calculation type="dict"></Calculation></hidden17016634><hidden17016629 type="dict"><Attributes type="dict"><Tag type="str">us-gaap:LineOfCreditFacilityExpirationPeriod</Tag><Fact type="list"><item type="str">P</item><item type="str">1</item><item type="str">Y</item></Fact><Period type="str">2017-11-17 to 2017-11-17</Period></Attributes><Labels type="dict"></Labels><References type="dict"></References><Calculation type="dict"></Calculation></hidden17016629><hidden17016756 type="dict"><Attributes type="dict"><Tag type="str">us-gaap:ShareBasedCompensationArrangementByShareBasedPaymentAwardAwardVestingPeriod1</Tag><Fact type="list"><item type="str">P</item><item type="str">1</item><item type="str">Y</item></Fact><Period type="str">2020-11-13 to 2020-11-13</Period></Attributes><Labels type="dict"></Labels><References type="dict"></References><Calculation type="dict"></Calculation></hidden17016756><hidden17016606 type="dict"><Attributes type="dict"><Tag type="str">us-gaap:ShareBasedCompensationArrangementByShareBasedPaymentAwardAwardVestingPeriod1</Tag><Fact type="list"><item type="str">P</item><item type="str">2</item><item type="str">Y</item></Fact><Period type="str">2018-01-17 to 2018-01-17</Period></Attributes><Labels type="dict"></Labels><References type="dict"></References><Calculation type="dict"></Calculation></hidden17016606><hidden17017132 type="dict"><Attributes type="dict"><Tag type="str">us-gaap:DebtInstrumentTerm</Tag><Fact type="list"><item type="str">P</item><item type="str">3</item><item type="str">Y</item></Fact><Period type="str">2017-07-19 to 2017-07-19</Period></Attributes><Labels type="dict"></Labels><References type="dict"></References><Calculation type="dict"></Calculation></hidden17017132><hidden17017133 type="dict"><Attributes type="dict"><Tag type="str">us-gaap:DebtInstrumentTerm</Tag><Fact type="list"><item type="str">P</item><item type="str">2</item><item type="str">Y</item></Fact><Period type="str">2020-04-15 to 2020-04-15</Period></Attributes><Labels type="dict"></Labels><References type="dict"></References><Calculation type="dict"></Calculation></hidden17017133><hidden17017112 type="dict"><Attributes type="dict"><Tag type="str">us-gaap:MaturityOfTimeDeposits</Tag><Fact type="list"><item type="str">P</item><item type="str">3</item><item type="str">M</item></Fact><Period type="str">2019-10-01 to 2019-10-01</Period></Attributes><Labels type="dict"></Labels><References type="dict"></References><Calculation type="dict"></Calculation></hidden17017112><hidden17017264 type="dict"><Attributes type="dict"><Tag type="str">dei:SecurityExchangeName</Tag><Fact type="list"><item type="str">N</item><item type="str">Y</item><item type="str">S</item><item type="str">E</item></Fact><Period type="str">2019-10-01 to 2019-10-01</Period></Attributes><Labels type="dict"></Labels><References type="dict"></References><Calculation type="dict"></Calculation></hidden17017264><Fact_17017692 type="dict"><Attributes type="dict"><Format type="str">numdotdecimal</Format><Sign type="str">Positive</Sign><Measure type="str">Unit_pure</Measure><Scale type="str">-2</Scale><Tag type="str">us-gaap:VariableInterestEntityOwnershipPercentage</Tag><Fact type="float">28.608</Fact><Period type="str">2019-10-01 to 2019-10-01</Period></Attributes><Labels type="dict"></Labels><References type="dict"></References><Calculation type="dict"></Calculation></Fact_17017692><Fact_17016875 type="dict"><Attributes type="dict"><Format type="str">numdotdecimal</Format><Sign type="str">Positive</Sign><Measure type="str">Unit_USD</Measure><Scale type="str">3</Scale><Tag type="str">dl:CapitalizedCommissionFees</Tag><Fact type="float">4974.0</Fact><Period type="str">As of 2019-09-30</Period></Attributes><Labels type="dict"></Labels><References type="dict"></References><Calculation type="dict"></Calculation></Fact_17016875><Fact_17016990 type="dict"><Attributes type="dict"><Format type="str">numdotdecimal</Format><Sign type="str">Positive</Sign><Measure type="str">Unit_USD</Measure><Scale type="str">3</Scale><Tag type="str">dl:CapitalizedCommissionFees</Tag><Fact type="float">8440.0</Fact><Period type="str">As of 2020-09-30</Period></Attributes><Labels type="dict"></Labels><References type="dict"></References><Calculation type="dict"></Calculation></Fact_17016990><Fact_17017548 type="dict"><Attributes type="dict"><Format type="str">numdotdecimal</Format><Sign type="str">Positive</Sign><Measure type="str">Unit_USD</Measure><Scale type="str">3</Scale><Tag type="str">us-gaap:Supplies</Tag><Fact type="float">3938.0</Fact><Period type="str">As of 2019-09-30</Period></Attributes><Labels type="dict"></Labels><References type="dict"></References><Calculation type="dict"></Calculation></Fact_17017548><Fact_17017549 type="dict"><Attributes type="dict"><Format type="str">numdotdecimal</Format><Sign type="str">Positive</Sign><Measure type="str">Unit_USD</Measure><Scale type="str">3</Scale><Tag type="str">us-gaap:Supplies</Tag><Fact type="float">4799.0</Fact><Period type="str">As of 2020-09-30</Period></Attributes><Labels type="dict"></Labels><References type="dict"></References><Calculation type="dict"></Calculation></Fact_17017549><Fact_17017550 type="dict"><Attributes type="dict"><Format type="str">numdotdecimal</Format><Sign type="str">Positive</Sign><Measure type="str">Unit_USD</Measure><Scale type="str">3</Scale><Tag type="str">dl:OtherCurrentAssetsFundsReceivable</Tag><Fact type="float">2364.0</Fact><Period type="str">As of 2019-09-30</Period></Attributes><Labels type="dict"></Labels><References type="dict"></References><Calculation type="dict"></Calculation></Fact_17017550><Fact_17017551 type="dict"><Attributes type="dict"><Format type="str">numdotdecimal</Format><Sign type="str">Positive</Sign><Measure type="str">Unit_USD</Measure><Scale type="str">3</Scale><Tag type="str">dl:OtherCurrentAssetsFundsReceivable</Tag><Fact type="float">4349.0</Fact><Period type="str">As of 2020-09-30</Period></Attributes><Labels type="dict"></Labels><References type="dict"></References><Calculation type="dict"></Calculation></Fact_17017551><Fact_17017552 type="dict"><Attributes type="dict"><Format type="str">numdotdecimal</Format><Sign type="str">Positive</Sign><Measure type="str">Unit_USD</Measure><Scale type="str">3</Scale><Tag type="str">dl:StaffAdvancesCurrent</Tag><Fact type="float">1591.0</Fact><Period type="str">As of 2019-09-30</Period></Attributes><Labels type="dict"></Labels><References type="dict"></References><Calculation type="dict"></Calculation></Fact_17017552><Fact_17017553 type="dict"><Attributes type="dict"><Format type="str">numdotdecimal</Format><Sign type="str">Positive</Sign><Measure type="str">Unit_USD</Measure><Scale type="str">3</Scale><Tag type="str">dl:StaffAdvancesCurrent</Tag><Fact type="float">1480.0</Fact><Period type="str">As of 2020-09-30</Period></Attributes><Labels type="dict"></Labels><References type="dict"></References><Calculation type="dict"></Calculation></Fact_17017553><Fact_17016936 type="dict"><Attributes type="dict"><Format type="str">numdotdecimal</Format><Sign type="str">Positive</Sign><Measure type="str">Unit_USD</Measure><Scale type="str">3</Scale><Tag type="str">dl:LongTermReceivables</Tag><Fact type="float">1540.0</Fact><Period type="str">As of 2019-09-30</Period></Attributes><Labels type="dict"></Labels><References type="dict"></References><Calculation type="dict"></Calculation></Fact_17016936><Fact_17016918 type="dict"><Attributes type="dict"><Format type="str">numdotdecimal</Format><Sign type="str">Positive</Sign><Measure type="str">Unit_USD</Measure><Scale type="str">3</Scale><Tag type="str">dl:LongTermReceivables</Tag><Fact type="float">1621.0</Fact><Period type="str">As of 2020-09-30</Period></Attributes><Labels type="dict"></Labels><References type="dict"></References><Calculation type="dict"></Calculation></Fact_17016918><Fact_17016991 type="dict"><Attributes type="dict"><Format type="str">numdotdecimal</Format><Sign type="str">Positive</Sign><Measure type="str">Unit_USD</Measure><Scale type="str">3</Scale><Tag type="str">us-gaap:EquitySecuritiesWithoutReadilyDeterminableFairValueAmount</Tag><Fact type="float">11199.0</Fact><Period type="str">As of 2019-09-30</Period></Attributes><Labels type="dict"></Labels><References type="dict"></References><Calculation type="dict"></Calculation></Fact_17016991><Fact_17016992 type="dict"><Attributes type="dict"><Format type="str">numdotdecimal</Format><Sign type="str">Positive</Sign><Measure type="str">Unit_USD</Measure><Scale type="str">3</Scale><Tag type="str">us-gaap:EquitySecuritiesWithoutReadilyDeterminableFairValueAmount</Tag><Fact type="float">11789.0</Fact><Period type="str">As of 2020-09-30</Period></Attributes><Labels type="dict"></Labels><References type="dict"></References><Calculation type="dict"></Calculation></Fact_17016992><Fact_17017784 type="dict"><Attributes type="dict"><Format type="str">numdotdecimal</Format><Sign type="str">Positive</Sign><Measure type="str">Unit_USD</Measure><Scale type="str">3</Scale><Tag type="str">us-gaap:EquityMethodInvestments</Tag><Fact type="float">2488.0</Fact><Period type="str">As of 2019-09-30</Period></Attributes><Labels type="dict"></Labels><References type="dict"></References><Calculation type="dict"></Calculation></Fact_17017784><Fact_17017785 type="dict"><Attributes type="dict"><Format type="str">numdotdecimal</Format><Sign type="str">Positive</Sign><Measure type="str">Unit_USD</Measure><Scale type="str">3</Scale><Tag type="str">us-gaap:EquityMethodInvestments</Tag><Fact type="float">3012.0</Fact><Period type="str">As of 2020-09-30</Period></Attributes><Labels type="dict"></Labels><References type="dict"></References><Calculation type="dict"></Calculation></Fact_17017785><Fact_17017660 type="dict"><Attributes type="dict"><Format type="str">numdotdecimal</Format><Sign type="str">Positive</Sign><Measure type="str">Unit_USD</Measure><Scale type="str">3</Scale><Tag type="str">us-gaap:EquityMethodInvestments</Tag><Fact type="float">2590.0</Fact><Period type="str">As of 2019-09-30</Period></Attributes><Labels type="dict"></Labels><References type="dict"></References><Calculation type="dict"></Calculation></Fact_17017660><Fact_17017783 type="dict"><Attributes type="dict"><Format type="str">numdotdecimal</Format><Sign type="str">Positive</Sign><Measure type="str">Unit_USD</Measure><Scale type="str">3</Scale><Tag type="str">us-gaap:EquityMethodInvestments</Tag><Fact type="float">941.0</Fact><Period type="str">As of 2020-09-30</Period></Attributes><Labels type="dict"></Labels><References type="dict"></References><Calculation type="dict"></Calculation></Fact_17017783><Fact_17017661 type="dict"><Attributes type="dict"><Format type="str">numdotdecimal</Format><Sign type="str">Positive</Sign><Measure type="str">Unit_USD</Measure><Scale type="str">3</Scale><Tag type="str">us-gaap:AvailableForSaleSecuritiesNoncurrent</Tag><Fact type="float">4617.0</Fact><Period type="str">As of 2019-09-30</Period></Attributes><Labels type="dict"></Labels><References type="dict"></References><Calculation type="dict"></Calculation></Fact_17017661><Fact_17017662 type="dict"><Attributes type="dict"><Format type="str">numdotdecimal</Format><Sign type="str">Positive</Sign><Measure type="str">Unit_USD</Measure><Scale type="str">3</Scale><Tag type="str">us-gaap:AvailableForSaleSecuritiesNoncurrent</Tag><Fact type="float">5597.0</Fact><Period type="str">As of 2020-09-30</Period></Attributes><Labels type="dict"></Labels><References type="dict"></References><Calculation type="dict"></Calculation></Fact_17017662><Fact_17017663 type="dict"><Attributes type="dict"><Format type="str">numdotdecimal</Format><Sign type="str">Positive</Sign><Measure type="str">Unit_USD</Measure><Scale type="str">3</Scale><Tag type="str">us-gaap:AvailableForSaleSecuritiesNoncurrent</Tag><Fact type="float">2434.0</Fact><Period type="str">As of 2019-09-30</Period></Attributes><Labels type="dict"></Labels><References type="dict"></References><Calculation type="dict"></Calculation></Fact_17017663><Fact_17017664 type="dict"><Attributes type="dict"><Format type="str">numdotdecimal</Format><Sign type="str">Positive</Sign><Measure type="str">Unit_USD</Measure><Scale type="str">3</Scale><Tag type="str">us-gaap:AvailableForSaleSecuritiesNoncurrent</Tag><Fact type="float">2353.0</Fact><Period type="str">As of 2020-09-30</Period></Attributes><Labels type="dict"></Labels><References type="dict"></References><Calculation type="dict"></Calculation></Fact_17017664><Fact_17017665 type="dict"><Attributes type="dict"><Format type="str">numdotdecimal</Format><Sign type="str">Positive</Sign><Measure type="str">Unit_USD</Measure><Scale type="str">3</Scale><Tag type="str">us-gaap:AvailableForSaleSecuritiesNoncurrent</Tag><Fact type="float">1289.0</Fact><Period type="str">As of 2019-09-30</Period></Attributes><Labels type="dict"></Labels><References type="dict"></References><Calculation type="dict"></Calculation></Fact_17017665><Fact_17017666 type="dict"><Attributes type="dict"><Format type="str">numdotdecimal</Format><Sign type="str">Positive</Sign><Measure type="str">Unit_USD</Measure><Scale type="str">3</Scale><Tag type="str">us-gaap:AvailableForSaleSecuritiesNoncurrent</Tag><Fact type="float">1159.0</Fact><Period type="str">As of 2020-09-30</Period></Attributes><Labels type="dict"></Labels><References type="dict"></References><Calculation type="dict"></Calculation></Fact_17017666><Fact_17018292 type="dict"><Attributes type="dict"><Format type="str">numdotdecimal</Format><Sign type="str">Positive</Sign><Measure type="str">Unit_USD</Measure><Scale type="str">3</Scale><Tag type="str">us-gaap:PrepaidExpenseAndOtherAssetsNoncurrent</Tag><Fact type="float">3864.0</Fact><Period type="str">As of 2019-09-30</Period></Attributes><Labels type="dict"></Labels><References type="dict"></References><Calculation type="dict"></Calculation></Fact_17018292><Fact_17017995 type="dict"><Attributes type="dict"><Format type="str">numdotdecimal</Format><Sign type="str">Positive</Sign><Measure type="str">Unit_USD</Measure><Scale type="str">3</Scale><Tag type="str">us-gaap:PrepaidExpenseAndOtherAssetsNoncurrent</Tag><Fact type="float">2318.0</Fact><Period type="str">As of 2020-09-30</Period></Attributes><Labels type="dict"></Labels><References type="dict"></References><Calculation type="dict"></Calculation></Fact_17017995><Fact_17017994 type="dict"><Attributes type="dict"><Format type="str">numdotdecimal</Format><Sign type="str">Positive</Sign><Measure type="str">Unit_USD</Measure><Scale type="str">3</Scale><Tag type="str">us-gaap:SecurityDeposit</Tag><Fact type="float">1017.0</Fact><Period type="str">As of 2019-09-30</Period></Attributes><Labels type="dict"></Labels><References type="dict"></References><Calculation type="dict"></Calculation></Fact_17017994><Fact_17017993 type="dict"><Attributes type="dict"><Format type="str">numdotdecimal</Format><Sign type="str">Positive</Sign><Measure type="str">Unit_USD</Measure><Scale type="str">3</Scale><Tag type="str">us-gaap:SecurityDeposit</Tag><Fact type="float">1244.0</Fact><Period type="str">As of 2020-09-30</Period></Attributes><Labels type="dict"></Labels><References type="dict"></References><Calculation type="dict"></Calculation></Fact_17017993><Fact_17017073 type="dict"><Attributes type="dict"><Format type="str">numdotdecimal</Format><Sign type="str">Positive</Sign><Measure type="str">Unit_USD</Measure><Scale type="str">3</Scale><Tag type="str">dl:LongTermCapitalizedCommissionFees</Tag><Fact type="float">3251.0</Fact><Period type="str">As of 2019-09-30</Period></Attributes><Labels type="dict"></Labels><References type="dict"></References><Calculation type="dict"></Calculation></Fact_17017073><Fact_17016996 type="dict"><Attributes type="dict"><Format type="str">numdotdecimal</Format><Sign type="str">Positive</Sign><Measure type="str">Unit_USD</Measure><Scale type="str">3</Scale><Tag type="str">dl:LongTermCapitalizedCommissionFees</Tag><Fact type="float">3043.0</Fact><Period type="str">As of 2020-09-30</Period></Attributes><Labels type="dict"></Labels><References type="dict"></References><Calculation type="dict"></Calculation></Fact_17016996><Fact_17017988 type="dict"><Attributes type="dict"><Format type="str">numdotdecimal</Format><Sign type="str">Positive</Sign><Measure type="str">Unit_USD</Measure><Scale type="str">3</Scale><Tag type="str">us-gaap:OtherLiabilities</Tag><Fact type="float">12971.0</Fact><Period type="str">As of 2019-09-30</Period></Attributes><Labels type="dict"></Labels><References type="dict"></References><Calculation type="dict"></Calculation></Fact_17017988><Fact_17017987 type="dict"><Attributes type="dict"><Format type="str">numdotdecimal</Format><Sign type="str">Positive</Sign><Measure type="str">Unit_USD</Measure><Scale type="str">3</Scale><Tag type="str">us-gaap:OtherLiabilities</Tag><Fact type="float">24109.0</Fact><Period type="str">As of 2020-09-30</Period></Attributes><Labels type="dict"></Labels><References type="dict"></References><Calculation type="dict"></Calculation></Fact_17017987></root>