<?xml version="1.0" encoding="UTF-8" ?><root><hidden19136944 type="dict"><Attributes type="dict"><Sign type="str">Positive</Sign><Measure type="str">Unit_USD_per_Share</Measure><Tag type="str">us-gaap:CommonStockParOrStatedValuePerShare</Tag><Fact type="float">0.2</Fact><Period type="str">As of 2020-12-31</Period></Attributes><Labels type="dict"></Labels><References type="dict"></References><Calculation type="dict"></Calculation></hidden19136944><hidden19136948 type="dict"><Attributes type="dict"><Tag type="str">us-gaap:PropertyPlantAndEquipmentUsefulLife</Tag><Fact type="list"><item type="str">P</item><item type="str">3</item><item type="str">Y</item></Fact><Period type="str">2020-01-01 to 2020-01-01</Period></Attributes><Labels type="dict"></Labels><References type="dict"></References><Calculation type="dict"></Calculation></hidden19136948><hidden19137063 type="dict"><Attributes type="dict"><Tag type="str">us-gaap:OperatingLeaseWeightedAverageRemainingLeaseTerm1</Tag><Fact type="list"><item type="str">P</item><item type="str">7</item><item type="str">M</item><item type="str">6</item><item type="str">D</item></Fact><Period type="str">As of 2020-12-31</Period></Attributes><Labels type="dict"></Labels><References type="dict"></References><Calculation type="dict"></Calculation></hidden19137063><hidden19145538 type="dict"><Attributes type="dict"><Tag type="str">dei:EntityRegistrantName</Tag><Fact type="list"><item type="str">C</item><item type="str">I</item><item type="str">T</item><item type="str">I</item><item type="str">Z</item><item type="str">E</item><item type="str">N</item><item type="str">S</item><item type="str"> </item><item type="str">H</item><item type="str">O</item><item type="str">L</item><item type="str">D</item><item type="str">I</item><item type="str">N</item><item type="str">G</item><item type="str"> </item><item type="str">C</item><item type="str">O</item><item type="str"> </item><item type="str">/</item><item type="str">M</item><item type="str">S</item><item type="str">/</item><item type="str"> </item></Fact><Period type="str">2020-01-01 to 2020-01-01</Period></Attributes><Labels type="dict"></Labels><References type="dict"></References><Calculation type="dict"></Calculation></hidden19145538><hidden19152660 type="dict"><Attributes type="dict"><Tag type="str">dei:EntityAddressStateOrProvince</Tag><Fact type="list"><item type="str">M</item><item type="str">S</item></Fact><Period type="str">2020-01-01 to 2020-01-01</Period></Attributes><Labels type="dict"></Labels><References type="dict"></References><Calculation type="dict"></Calculation></hidden19152660><hidden19136975 type="dict"><Attributes type="dict"><Tag type="str">us-gaap:ShareBasedCompensationArrangementByShareBasedPaymentAwardAwardVestingPeriod1</Tag><Fact type="list"><item type="str">P</item><item type="str">1</item><item type="str">Y</item></Fact><Period type="str">2020-01-01 to 2020-01-01</Period></Attributes><Labels type="dict"></Labels><References type="dict"></References><Calculation type="dict"></Calculation></hidden19136975><hidden19136976 type="dict"><Attributes type="dict"><Tag type="str">us-gaap:ShareBasedCompensationArrangementByShareBasedPaymentAwardAwardVestingPeriod1</Tag><Fact type="list"><item type="str">P</item><item type="str">1</item><item type="str">Y</item></Fact><Period type="str">2019-01-01 to 2019-01-01</Period></Attributes><Labels type="dict"></Labels><References type="dict"></References><Calculation type="dict"></Calculation></hidden19136976><hidden19136704 type="dict"><Attributes type="dict"><Tag type="str">us-gaap:DebtInstrumentTerm</Tag><Fact type="list"><item type="str">P</item><item type="str">2</item><item type="str">Y</item></Fact><Period type="str">2020-01-01 to 2020-01-01</Period></Attributes><Labels type="dict"></Labels><References type="dict"></References><Calculation type="dict"></Calculation></hidden19136704><hidden19137070 type="dict"><Attributes type="dict"><Sign type="str">Positive</Sign><Measure type="str">Unit_USD</Measure><Tag type="str">us-gaap:IncomeTaxExpenseBenefit</Tag><Fact type="float">828000.0</Fact><Period type="str">2018-01-01 to 2018-01-01</Period></Attributes><Labels type="dict"></Labels><References type="dict"></References><Calculation type="dict"></Calculation></hidden19137070><hidden19165228 type="dict"><Attributes type="dict"><Tag type="str">dei:EntityIncorporationStateCountryCode</Tag><Fact type="list"><item type="str">M</item><item type="str">S</item></Fact><Period type="str">2020-01-01 to 2020-01-01</Period></Attributes><Labels type="dict"></Labels><References type="dict"></References><Calculation type="dict"></Calculation></hidden19165228></root>