{"Fact_19136307": {"Attributes": {"Format": "numdotdecimal", "Sign": "Positive", "Measure": "Unit_USD", "Scale": "3", "Tag": "us-gaap:Cash", "Fact": 2197.0}, "Labels": {}, "References": {}, "Calculation": {}}, "Fact_19136308": {"Attributes": {"Format": "numdotdecimal", "Sign": "Positive", "Measure": "Unit_USD", "Scale": "3", "Tag": "us-gaap:Cash", "Fact": 1736.0}, "Labels": {}, "References": {}, "Calculation": {}}, "Fact_19136309": {"Attributes": {"Format": "numdotdecimal", "Sign": "Positive", "Measure": "Unit_USD", "Scale": "3", "Tag": "us-gaap:InvestmentsInAffiliatesSubsidiariesAssociatesAndJointVentures", "Fact": 117078.0}, "Labels": {}, "References": {}, "Calculation": {}}, "Fact_19136310": {"Attributes": {"Format": "numdotdecimal", "Sign": "Positive", "Measure": "Unit_USD", "Scale": "3", "Tag": "us-gaap:InvestmentsInAffiliatesSubsidiariesAssociatesAndJointVentures", "Fact": 110892.0}, "Labels": {}, "References": {}, "Calculation": {}}, "Fact_19136311": {"Attributes": {"Format": "numdotdecimal", "Sign": "Positive", "Measure": "Unit_USD", "Scale": "3", "Tag": "us-gaap:OtherAssets", "Fact": 273.0}, "Labels": {}, "References": {}, "Calculation": {}}, "Fact_19136312": {"Attributes": {"Format": "numdotdecimal", "Sign": "Positive", "Measure": "Unit_USD", "Scale": "3", "Tag": "us-gaap:OtherAssets", "Fact": 172.0}, "Labels": {}, "References": {}, "Calculation": {}}, "Fact_19136321": {"Attributes": {"Format": "numdotdecimal", "Sign": "Positive", "Measure": "Unit_USD", "Scale": "3", "Tag": "us-gaap:InvestmentIncomeInterest", "Fact": 2.0}, "Labels": {}, "References": {}, "Calculation": {}}, "Fact_19136322": {"Attributes": {"Format": "numdotdecimal", "Sign": "Positive", "Measure": "Unit_USD", "Scale": "3", "Tag": "us-gaap:InvestmentIncomeInterest", "Fact": 2.0}, "Labels": {}, "References": {}, "Calculation": {}}, "Fact_19136323": {"Attributes": {"Format": "numdotdecimal", "Sign": "Positive", "Measure": "Unit_USD", "Scale": "3", "Tag": "us-gaap:InvestmentIncomeInterest", "Fact": 2.0}, "Labels": {}, "References": {}, "Calculation": {}}, "Fact_19136324": {"Attributes": {"Format": "numdotdecimal", "Sign": "Positive", "Measure": "Unit_USD", "Scale": "3", "Tag": "us-gaap:InvestmentIncomeDividend", "Fact": 6099.0}, "Labels": {}, "References": {}, "Calculation": {}}, "Fact_19136325": {"Attributes": {"Format": "numdotdecimal", "Sign": "Positive", "Measure": "Unit_USD", "Scale": "3", "Tag": "us-gaap:InvestmentIncomeDividend", "Fact": 11242.0}, "Labels": {}, "References": {}, "Calculation": {}}, "Fact_19136326": {"Attributes": {"Format": "numdotdecimal", "Sign": "Positive", "Measure": "Unit_USD", "Scale": "3", "Tag": "us-gaap:InvestmentIncomeDividend", "Fact": 3990.0}, "Labels": {}, "References": {}, "Calculation": {}}, "Fact_19136327": {"Attributes": {"Format": "numdotdecimal", "Sign": "Positive", "Measure": "Unit_USD", "Scale": "3", "Tag": "cizn:EquityInUndistributedEarningsOfBankSubsidiaries", "Fact": 1260.0}, "Labels": {}, "References": {}, "Calculation": {}}, "Fact_19136328": {"Attributes": {"Format": "numdotdecimal", "Sign": "Negative", "Measure": "Unit_USD", "Scale": "3", "Tag": "cizn:EquityInUndistributedEarningsOfBankSubsidiaries", "Fact": 4965.0}, "Labels": {}, "References": {}, "Calculation": {}}, "Fact_19136329": {"Attributes": {"Format": "numdotdecimal", "Sign": "Positive", "Measure": "Unit_USD", "Scale": "3", "Tag": "cizn:EquityInUndistributedEarningsOfBankSubsidiaries", "Fact": 3022.0}, "Labels": {}, "References": {}, "Calculation": {}}}