{"hidden19136944": {"Attributes": {"Sign": "Positive", "Measure": "Unit_USD_per_Share", "Tag": "us-gaap:CommonStockParOrStatedValuePerShare", "Fact": 0.2, "Period": "As of 2020-12-31"}, "Labels": {}, "References": {}, "Calculation": {}}, "hidden19136948": {"Attributes": {"Tag": "us-gaap:PropertyPlantAndEquipmentUsefulLife", "Fact": "P3Y", "Period": "2020-01-01 to 2020-01-01"}, "Labels": {}, "References": {}, "Calculation": {}}, "hidden19137063": {"Attributes": {"Tag": "us-gaap:OperatingLeaseWeightedAverageRemainingLeaseTerm1", "Fact": "P7M6D", "Period": "As of 2020-12-31"}, "Labels": {}, "References": {}, "Calculation": {}}, "hidden19145538": {"Attributes": {"Tag": "dei:EntityRegistrantName", "Fact": "CITIZENS HOLDING CO /MS/ ", "Period": "2020-01-01 to 2020-01-01"}, "Labels": {}, "References": {}, "Calculation": {}}, "hidden19152660": {"Attributes": {"Tag": "dei:EntityAddressStateOrProvince", "Fact": "MS", "Period": "2020-01-01 to 2020-01-01"}, "Labels": {}, "References": {}, "Calculation": {}}, "hidden19136975": {"Attributes": {"Tag": "us-gaap:ShareBasedCompensationArrangementByShareBasedPaymentAwardAwardVestingPeriod1", "Fact": "P1Y", "Period": "2020-01-01 to 2020-01-01"}, "Labels": {}, "References": {}, "Calculation": {}}, "hidden19136976": {"Attributes": {"Tag": "us-gaap:ShareBasedCompensationArrangementByShareBasedPaymentAwardAwardVestingPeriod1", "Fact": "P1Y", "Period": "2019-01-01 to 2019-01-01"}, "Labels": {}, "References": {}, "Calculation": {}}, "hidden19136704": {"Attributes": {"Tag": "us-gaap:DebtInstrumentTerm", "Fact": "P2Y", "Period": "2020-01-01 to 2020-01-01"}, "Labels": {}, "References": {}, "Calculation": {}}, "hidden19137070": {"Attributes": {"Sign": "Positive", "Measure": "Unit_USD", "Tag": "us-gaap:IncomeTaxExpenseBenefit", "Fact": 828000.0, "Period": "2018-01-01 to 2018-01-01"}, "Labels": {}, "References": {}, "Calculation": {}}, "hidden19165228": {"Attributes": {"Tag": "dei:EntityIncorporationStateCountryCode", "Fact": "MS", "Period": "2020-01-01 to 2020-01-01"}, "Labels": {}, "References": {}, "Calculation": {}}}