{"hidden19136944": {"Attributes": {"Sign": "Positive", "Measure": "Unit_USD_per_Share", "Tag": "us-gaap:CommonStockParOrStatedValuePerShare", "Fact": 0.2, "Period": "As of 2020-12-31", "Type": "perShareItemType"}, "Labels": {"Documentation": "Face amount or stated value per share of common stock.", "Label": "Common Stock, Par or Stated Value Per Share"}, "References": {"Name": "Accounting Standards Codification", "Number": NaN, "Publisher": "FASB", "Section": "S99", "Subsection": NaN}, "Calculation": {}}, "us-gaap:CommonStockParOrStatedValuePerSharePAsOn12_31_2019": {"Attributes": {"Sign": "Positive", "Measure": "Unit_USD_per_Share", "Tag": "us-gaap:CommonStockParOrStatedValuePerShare", "Fact": 0.2, "Period": "As of 2019-12-31", "Type": "perShareItemType"}, "Labels": {"Documentation": "Face amount or stated value per share of common stock.", "Label": "Common Stock, Par or Stated Value Per Share"}, "References": {"Name": "Accounting Standards Codification", "Number": NaN, "Publisher": "FASB", "Section": "S99", "Subsection": NaN}, "Calculation": {}}, "hidden19136948": {"Attributes": {"Tag": "us-gaap:PropertyPlantAndEquipmentUsefulLife", "Fact": "P3Y", "Period": "2020-01-01 to 2020-01-01", "Type": "durationItemType"}, "Labels": {"Documentation": "Useful life of long lived, physical assets used in the normal conduct of business and not intended for resale, in 'PnYnMnDTnHnMnS' format, for example, 'P1Y5M13D' represents the reported fact of one year, five months, and thirteen days. Examples include, but not limited to, land, buildings, machinery and equipment, office equipment, furniture and fixtures, and computer equipment.", "Label": "Property, Plant and Equipment, Useful Life"}, "References": {}, "Calculation": {}}, "hidden19137063": {"Attributes": {"Tag": "us-gaap:OperatingLeaseWeightedAverageRemainingLeaseTerm1", "Fact": "P7M6D", "Period": "As of 2020-12-31", "Type": "durationItemType"}, "Labels": {"Documentation": "Weighted average remaining lease term for operating lease, in 'PnYnMnDTnHnMnS' format, for example, 'P1Y5M13D' represents reported fact of one year, five months, and thirteen days.", "Label": "Operating Lease, Weighted Average Remaining Lease Term"}, "References": {"Name": "Accounting Standards Codification", "Number": NaN, "Publisher": "FASB", "Section": "55", "Subsection": NaN}, "Calculation": {}}, "dei:AmendmentFlagP01_01_2020To12_31_2020": {"Attributes": {"Tag": "dei:AmendmentFlag", "Fact": "false", "Period": "2020-01-01 to 2020-01-01", "Type": "booleanItemType"}, "Labels": {"Documentation": "Boolean flag that is true when the XBRL content amends previously-filed or accepted submission.", "Label": "Amendment Flag"}, "References": {}, "Calculation": {}}, "dei:DocumentFiscalPeriodFocusP01_01_2020To12_31_2020": {"Attributes": {"Tag": "dei:DocumentFiscalPeriodFocus", "Fact": "FY", "Period": "2020-01-01 to 2020-01-01", "Type": "fiscalPeriodItemType"}, "Labels": {"Documentation": "Fiscal period values are FY, Q1, Q2, and Q3.  1st, 2nd and 3rd quarter 10-Q or 10-QT statements have value Q1, Q2, and Q3 respectively, with 10-K, 10-KT or other fiscal year statements having FY.", "Label": "Document Fiscal Period Focus"}, "References": {}, "Calculation": {}}, "hidden19145538": {"Attributes": {"Tag": "dei:EntityRegistrantName", "Fact": "CITIZENS HOLDING CO /MS/ ", "Period": "2020-01-01 to 2020-01-01", "Type": "normalizedStringItemType"}, "Labels": {"Documentation": "The exact name of the entity filing the report as specified in its charter, which is required by forms filed with the SEC.", "Label": "Entity Registrant Name"}, "References": {"Name": "Regulation 12B", "Number": "240", "Publisher": "SEC", "Section": "12", "Subsection": "b-2"}, "Calculation": {}}, "dei:EntityCentralIndexKeyP01_01_2020To12_31_2020": {"Attributes": {"Tag": "dei:EntityCentralIndexKey", "Fact": "0001075706", "Period": "2020-01-01 to 2020-01-01", "Type": "centralIndexKeyItemType"}, "Labels": {"Documentation": "A unique 10-digit SEC-issued value to identify entities that have filed disclosures with the SEC. It is commonly abbreviated as CIK.", "Label": "Entity Central Index Key"}, "References": {"Name": "Regulation 12B", "Number": "240", "Publisher": "SEC", "Section": "12", "Subsection": "b-2"}, "Calculation": {}}, "hidden19152660": {"Attributes": {"Tag": "dei:EntityAddressStateOrProvince", "Fact": "MS", "Period": "2020-01-01 to 2020-01-01", "Type": "stateOrProvinceItemType"}, "Labels": {"Documentation": "Name of the state or province.", "Label": "Entity Address, State or Province"}, "References": {}, "Calculation": {}}, "hidden19136975": {"Attributes": {"Tag": "us-gaap:ShareBasedCompensationArrangementByShareBasedPaymentAwardAwardVestingPeriod1", "Fact": "P1Y", "Period": "2020-01-01 to 2020-01-01", "Type": "durationItemType"}, "Labels": {"Documentation": "Period over which grantee's right to exercise award under share-based payment arrangement is no longer contingent on satisfaction of service or performance condition, in 'PnYnMnDTnHnMnS' format, for example, 'P1Y5M13D' represents reported fact of one year, five months, and thirteen days. Includes, but is not limited to, combination of market, performance or service condition.", "Label": "Share-based Compensation Arrangement by Share-based Payment Award, Award Vesting Period"}, "References": {"Name": "Accounting Standards Codification", "Number": NaN, "Publisher": "FASB", "Section": "50", "Subsection": NaN}, "Calculation": {}}, "hidden19136976": {"Attributes": {"Tag": "us-gaap:ShareBasedCompensationArrangementByShareBasedPaymentAwardAwardVestingPeriod1", "Fact": "P1Y", "Period": "2019-01-01 to 2019-01-01", "Type": "durationItemType"}, "Labels": {"Documentation": "Period over which grantee's right to exercise award under share-based payment arrangement is no longer contingent on satisfaction of service or performance condition, in 'PnYnMnDTnHnMnS' format, for example, 'P1Y5M13D' represents reported fact of one year, five months, and thirteen days. Includes, but is not limited to, combination of market, performance or service condition.", "Label": "Share-based Compensation Arrangement by Share-based Payment Award, Award Vesting Period"}, "References": {"Name": "Accounting Standards Codification", "Number": NaN, "Publisher": "FASB", "Section": "50", "Subsection": NaN}, "Calculation": {}}, "hidden19136704": {"Attributes": {"Tag": "us-gaap:DebtInstrumentTerm", "Fact": "P2Y", "Period": "2020-01-01 to 2020-01-01", "Type": "durationItemType"}, "Labels": {"Documentation": "Period of time between issuance and maturity of debt instrument, in PnYnMnDTnHnMnS' format, for example, 'P1Y5M13D' represents the reported fact of one year, five months, and thirteen days.", "Label": "Debt Instrument, Term"}, "References": {}, "Calculation": {}}, "hidden19137070": {"Attributes": {"Sign": "Positive", "Measure": "Unit_USD", "Tag": "us-gaap:IncomeTaxExpenseBenefit", "Fact": 828000.0, "Period": "2018-01-01 to 2018-01-01", "Type": "monetaryItemType"}, "Labels": {"Documentation": "Amount of current income tax expense (benefit) and deferred income tax expense (benefit) pertaining to continuing operations.", "Label": "Income Tax Expense (Benefit)"}, "References": {"Name": "Accounting Standards Codification", "Number": NaN, "Publisher": "FASB", "Section": "S99", "Subsection": NaN}, "Calculation": {}}, "hidden19165228": {"Attributes": {"Tag": "dei:EntityIncorporationStateCountryCode", "Fact": "MS", "Period": "2020-01-01 to 2020-01-01", "Type": "edgarStateCountryItemType"}, "Labels": {"Documentation": "Two-character EDGAR code representing the state or country of incorporation.", "Label": "Entity Incorporation, State or Country Code"}, "References": {}, "Calculation": {}}, "dei:DocumentTypeP01_01_2020To12_31_2020": {"Attributes": {"Tag": "dei:DocumentType", "Fact": "10-K", "Period": "2020-01-01 to 2020-01-01", "Type": "submissionTypeItemType"}, "Labels": {"Documentation": "The type of document being provided (such as 10-K, 10-Q, 485BPOS, etc). The document type is limited to the same value as the supporting SEC submission type, or the word 'Other'.", "Label": "Document Type"}, "References": {}, "Calculation": {}}, "dei:DocumentAnnualReportP01_01_2020To12_31_2020": {"Attributes": {"Tag": "dei:DocumentAnnualReport", "Fact": "\u2612", "Period": "2020-01-01 to 2020-01-01", "Type": "booleanItemType"}, "Labels": {"Documentation": "Boolean flag that is true only for a form used as an annual report.", "Label": "Document Annual Report"}, "References": {"Name": "Form 10-K", "Number": "249", "Publisher": "SEC", "Section": "310", "Subsection": NaN}, "Calculation": {}}, "dei:DocumentPeriodEndDateP01_01_2020To12_31_2020": {"Attributes": {"Tag": "dei:DocumentPeriodEndDate", "Fact": null, "Period": "2020-01-01 to 2020-01-01", "Type": "dateItemType"}, "Labels": {"Documentation": "For the EDGAR submission types of Form 8-K: the date of the report, the date of the earliest event reported; for the EDGAR submission types of Form N-1A: the filing date; for all other submission types: the end of the reporting or transition period.  The format of the date is YYYY-MM-DD.", "Label": "Document Period End Date"}, "References": {}, "Calculation": {}}, "dei:CurrentFiscalYearEndDateP01_01_2020To12_31_2020": {"Attributes": {"Tag": "dei:CurrentFiscalYearEndDate", "Fact": "December 31", "Period": "2020-01-01 to 2020-01-01", "Type": "gMonthDayItemType"}, "Labels": {"Documentation": "End date of current fiscal year in the format --MM-DD.", "Label": "Current Fiscal Year End Date"}, "References": {}, "Calculation": {}}, "dei:DocumentFiscalYearFocusP01_01_2020To12_31_2020": {"Attributes": {"Tag": "dei:DocumentFiscalYearFocus", "Fact": "2020", "Period": "2020-01-01 to 2020-01-01", "Type": "gYearItemType"}, "Labels": {"Documentation": "This is focus fiscal year of the document report in YYYY format. For a 2006 annual report, which may also provide financial information from prior periods, fiscal 2006 should be given as the fiscal year focus. Example: 2006.", "Label": "Document Fiscal Year Focus"}, "References": {}, "Calculation": {}}, "dei:DocumentTransitionReportP01_01_2020To12_31_2020": {"Attributes": {"Tag": "dei:DocumentTransitionReport", "Fact": "\u2610", "Period": "2020-01-01 to 2020-01-01", "Type": "booleanItemType"}, "Labels": {"Documentation": "Boolean flag that is true only for a form used as a transition report.", "Label": "Document Transition Report"}, "References": {"Name": "Forms 10-K, 10-Q, 20-F", "Number": "240", "Publisher": "SEC", "Section": "13", "Subsection": "a-1"}, "Calculation": {}}, "dei:EntityFileNumberP01_01_2020To12_31_2020": {"Attributes": {"Tag": "dei:EntityFileNumber", "Fact": "001-15375", "Period": "2020-01-01 to 2020-01-01", "Type": "fileNumberItemType"}, "Labels": {"Documentation": "Commission file number. The field allows up to 17 characters. The prefix may contain 1-3 digits, the sequence number may contain 1-8 digits, the optional suffix may contain 1-4 characters, and the fields are separated with a hyphen.", "Label": "Entity File Number"}, "References": {}, "Calculation": {}}, "dei:EntityTaxIdentificationNumberP01_01_2020To12_31_2020": {"Attributes": {"Tag": "dei:EntityTaxIdentificationNumber", "Fact": "64-0666512", "Period": "2020-01-01 to 2020-01-01", "Type": "employerIdItemType"}, "Labels": {"Documentation": "The Tax Identification Number (TIN), also known as an Employer Identification Number (EIN), is a unique 9-digit value assigned by the IRS.", "Label": "Entity Tax Identification Number"}, "References": {"Name": "Regulation 12B", "Number": "240", "Publisher": "SEC", "Section": "12", "Subsection": "b-2"}, "Calculation": {}}, "dei:EntityAddressAddressLine1P01_01_2020To12_31_2020": {"Attributes": {"Tag": "dei:EntityAddressAddressLine1", "Fact": "521 Main Street", "Period": "2020-01-01 to 2020-01-01", "Type": "normalizedStringItemType"}, "Labels": {"Documentation": "Address Line 1 such as Attn, Building Name, Street Name", "Label": "Entity Address, Address Line One"}, "References": {}, "Calculation": {}}, "dei:EntityAddressCityOrTownP01_01_2020To12_31_2020": {"Attributes": {"Tag": "dei:EntityAddressCityOrTown", "Fact": "Philadelphia", "Period": "2020-01-01 to 2020-01-01", "Type": "normalizedStringItemType"}, "Labels": {"Documentation": "Name of the City or Town", "Label": "Entity Address, City or Town"}, "References": {}, "Calculation": {}}, "dei:EntityAddressPostalZipCodeP01_01_2020To12_31_2020": {"Attributes": {"Tag": "dei:EntityAddressPostalZipCode", "Fact": "39350", "Period": "2020-01-01 to 2020-01-01", "Type": "normalizedStringItemType"}, "Labels": {"Documentation": "Code for the postal or zip code", "Label": "Entity Address, Postal Zip Code"}, "References": {}, "Calculation": {}}, "dei:CityAreaCodeP01_01_2020To12_31_2020": {"Attributes": {"Tag": "dei:CityAreaCode", "Fact": "601", "Period": "2020-01-01 to 2020-01-01", "Type": "normalizedStringItemType"}, "Labels": {"Documentation": "Area code of city", "Label": "City Area Code"}, "References": {}, "Calculation": {}}, "dei:LocalPhoneNumberP01_01_2020To12_31_2020": {"Attributes": {"Tag": "dei:LocalPhoneNumber", "Fact": "656-4692", "Period": "2020-01-01 to 2020-01-01", "Type": "normalizedStringItemType"}, "Labels": {"Documentation": "Local phone number for entity.", "Label": "Local Phone Number"}, "References": {}, "Calculation": {}}, "dei:Security12bTitleP01_01_2020To12_31_2020": {"Attributes": {"Tag": "dei:Security12bTitle", "Fact": "Common Stock", "Period": "2020-01-01 to 2020-01-01", "Type": "securityTitleItemType"}, "Labels": {"Documentation": "Title of a 12(b) registered security.", "Label": "Title of 12(b) Security"}, "References": {"Name": "Exchange Act", "Number": "240", "Publisher": "SEC", "Section": "12", "Subsection": "b"}, "Calculation": {}}, "dei:TradingSymbolP01_01_2020To12_31_2020": {"Attributes": {"Tag": "dei:TradingSymbol", "Fact": "CIZN", "Period": "2020-01-01 to 2020-01-01", "Type": "tradingSymbolItemType"}, "Labels": {"Documentation": "Trading symbol of an instrument as listed on an exchange.", "Label": "Trading Symbol"}, "References": {}, "Calculation": {}}, "dei:SecurityExchangeNameP01_01_2020To12_31_2020": {"Attributes": {"Tag": "dei:SecurityExchangeName", "Fact": "NASDAQ Global Market", "Period": "2020-01-01 to 2020-01-01", "Type": "edgarExchangeCodeItemType"}, "Labels": {"Documentation": "Name of the Exchange on which a security is registered.", "Label": "Security Exchange Name"}, "References": {"Name": "Exchange Act", "Number": "240", "Publisher": "SEC", "Section": "12", "Subsection": "d1-1"}, "Calculation": {}}, "dei:EntityWellKnownSeasonedIssuerP01_01_2020To12_31_2020": {"Attributes": {"Tag": "dei:EntityWellKnownSeasonedIssuer", "Fact": "No", "Period": "2020-01-01 to 2020-01-01", "Type": "yesNoItemType"}, "Labels": {"Documentation": "Indicate 'Yes' or 'No' if the registrant is a well-known seasoned issuer, as defined in Rule 405 of the Securities Act. Is used on Form Type: 10-K, 10-Q, 8-K, 20-F, 6-K, 10-K/A, 10-Q/A, 20-F/A, 6-K/A, N-CSR, N-Q, N-1A.", "Label": "Entity Well-known Seasoned Issuer"}, "References": {}, "Calculation": {}}, "dei:EntityVoluntaryFilersP01_01_2020To12_31_2020": {"Attributes": {"Tag": "dei:EntityVoluntaryFilers", "Fact": "No", "Period": "2020-01-01 to 2020-01-01", "Type": "yesNoItemType"}, "Labels": {"Documentation": "Indicate 'Yes' or 'No' if the registrant is not required to file reports pursuant to Section 13 or Section 15(d) of the Act.", "Label": "Entity Voluntary Filers"}, "References": {}, "Calculation": {}}, "dei:EntityCurrentReportingStatusP01_01_2020To12_31_2020": {"Attributes": {"Tag": "dei:EntityCurrentReportingStatus", "Fact": "No", "Period": "2020-01-01 to 2020-01-01", "Type": "yesNoItemType"}, "Labels": {"Documentation": "Indicate 'Yes' or 'No' whether registrants (1) have filed all reports required to be filed by Section 13 or 15(d) of the Securities Exchange Act of 1934 during the preceding 12 months (or for such shorter period that registrants were required to file such reports), and (2) have been subject to such filing requirements for the past 90 days. This information should be based on the registrant's current or most recent filing containing the related disclosure.", "Label": "Entity Current Reporting Status"}, "References": {}, "Calculation": {}}, "dei:EntityInteractiveDataCurrentP01_01_2020To12_31_2020": {"Attributes": {"Tag": "dei:EntityInteractiveDataCurrent", "Fact": "Yes", "Period": "2020-01-01 to 2020-01-01", "Type": "yesNoItemType"}, "Labels": {"Documentation": "Boolean flag that is true when the registrant has submitted electronically every Interactive Data File required to be submitted pursuant to Rule 405 of Regulation S-T during the preceding 12 months (or for such shorter period that the registrant was required to submit such files).", "Label": "Entity Interactive Data Current"}, "References": {"Name": "Regulation S-T", "Number": "232", "Publisher": "SEC", "Section": "405", "Subsection": NaN}, "Calculation": {}}, "dei:EntityFilerCategoryP01_01_2020To12_31_2020": {"Attributes": {"Tag": "dei:EntityFilerCategory", "Fact": "Non-accelerated filer", "Period": "2020-01-01 to 2020-01-01", "Type": "filerCategoryItemType"}, "Labels": {"Documentation": "Indicate whether the registrant is one of the following: Large Accelerated Filer, Accelerated Filer, Non-accelerated Filer. Definitions of these categories are stated in Rule 12b-2 of the Exchange Act. This information should be based on the registrant's current or most recent filing containing the related disclosure.", "Label": "Entity Filer Category"}, "References": {"Name": "Regulation 12B", "Number": "240", "Publisher": "SEC", "Section": "12", "Subsection": "b-2"}, "Calculation": {}}, "dei:EntitySmallBusinessP01_01_2020To12_31_2020": {"Attributes": {"Tag": "dei:EntitySmallBusiness", "Fact": "\u2612", "Period": "2020-01-01 to 2020-01-01", "Type": "booleanItemType"}, "Labels": {"Documentation": "Indicates that the company is a Smaller Reporting Company (SRC).", "Label": "Entity Small Business"}, "References": {"Name": "Regulation 12B", "Number": "240", "Publisher": "SEC", "Section": "12", "Subsection": "b-2"}, "Calculation": {}}, "dei:EntityEmergingGrowthCompanyP01_01_2020To12_31_2020": {"Attributes": {"Tag": "dei:EntityEmergingGrowthCompany", "Fact": "\u2610", "Period": "2020-01-01 to 2020-01-01", "Type": "booleanItemType"}, "Labels": {"Documentation": "Indicate if registrant meets the emerging growth company criteria.", "Label": "Entity Emerging Growth Company"}, "References": {"Name": "Regulation 12B", "Number": "240", "Publisher": "SEC", "Section": "12", "Subsection": "b-2"}, "Calculation": {}}, "dei:EntityShellCompanyP01_01_2020To12_31_2020": {"Attributes": {"Tag": "dei:EntityShellCompany", "Fact": "\u2612", "Period": "2020-01-01 to 2020-01-01", "Type": "booleanItemType"}, "Labels": {"Documentation": "Boolean flag that is true when the registrant is a shell company as defined in Rule 12b-2 of the Exchange Act.", "Label": "Entity Shell Company"}, "References": {"Name": "Regulation 12B", "Number": "240", "Publisher": "SEC", "Section": "12", "Subsection": "b-2"}, "Calculation": {}}, "dei:IcfrAuditorAttestationFlagP01_01_2020To12_31_2020": {"Attributes": {"Tag": "dei:IcfrAuditorAttestationFlag", "Fact": "\u2610", "Period": "2020-01-01 to 2020-01-01", "Type": "booleanItemType"}, "Labels": {"Documentation": NaN, "Label": "ICFR Auditor Attestation Flag"}, "References": {"Name": "Form 10-K", "Number": "249", "Publisher": "SEC", "Section": "310", "Subsection": NaN}, "Calculation": {}}, "dei:EntityPublicFloatPAsOn06_30_2020": {"Attributes": {"Format": "numdotdecimal", "Sign": "Positive", "Measure": "Unit_USD", "Scale": "0", "Tag": "dei:EntityPublicFloat", "Fact": 126925111.0, "Period": "As of 2020-06-30", "Type": "monetaryItemType"}, "Labels": {"Documentation": "The aggregate market value of the voting and non-voting common equity held by non-affiliates computed by reference to the price at which the common equity was last sold, or the average bid and asked price of such common equity, as of the last business day of the registrant's most recently completed second fiscal quarter.", "Label": "Entity Public Float"}, "References": {}, "Calculation": {}}, "dei:EntityCommonStockSharesOutstandingPAsOn03_05_2021": {"Attributes": {"Format": "numdotdecimal", "Sign": "Positive", "Measure": "Unit_shares", "Scale": "0", "Tag": "dei:EntityCommonStockSharesOutstanding", "Fact": 5587070.0, "Period": "As of 2021-03-05", "Type": "sharesItemType"}, "Labels": {"Documentation": "Indicate number of shares or other units outstanding of each of registrant's classes of capital or common stock or other ownership interests, if and as stated on cover of related periodic report. Where multiple classes or units exist define each class/interest by adding class of stock items such as Common Class A [Member], Common Class B [Member] or Partnership Interest [Member] onto the Instrument [Domain] of the Entity Listings, Instrument.", "Label": "Entity Common Stock, Shares Outstanding"}, "References": {}, "Calculation": {}}}