<?xml version="1.0" encoding="UTF-8" ?><root><hidden19136944 type="dict"><Attributes type="dict"><Sign type="str">Positive</Sign><Measure type="str">Unit_USD_per_Share</Measure><Tag type="str">us-gaap:CommonStockParOrStatedValuePerShare</Tag><Fact type="float">0.2</Fact><Period type="str">As of 2020-12-31</Period><Type type="str">perShareItemType</Type></Attributes><Labels type="dict"><Documentation type="str">Face amount or stated value per share of common stock.</Documentation><Label type="str">Common Stock, Par or Stated Value Per Share</Label></Labels><References type="dict"><Name type="str">Accounting Standards Codification</Name><Number type="float">nan</Number><Publisher type="str">FASB</Publisher><Section type="str">S99</Section><Subsection type="float">nan</Subsection></References><Calculation type="dict"></Calculation></hidden19136944><key name="us-gaap:CommonStockParOrStatedValuePerSharePAsOn12_31_2019" type="dict"><Attributes type="dict"><Sign type="str">Positive</Sign><Measure type="str">Unit_USD_per_Share</Measure><Tag type="str">us-gaap:CommonStockParOrStatedValuePerShare</Tag><Fact type="float">0.2</Fact><Period type="str">As of 2019-12-31</Period><Type type="str">perShareItemType</Type></Attributes><Labels type="dict"><Documentation type="str">Face amount or stated value per share of common stock.</Documentation><Label type="str">Common Stock, Par or Stated Value Per Share</Label></Labels><References type="dict"><Name type="str">Accounting Standards Codification</Name><Number type="float">nan</Number><Publisher type="str">FASB</Publisher><Section type="str">S99</Section><Subsection type="float">nan</Subsection></References><Calculation type="dict"></Calculation></key><hidden19136948 type="dict"><Attributes type="dict"><Tag type="str">us-gaap:PropertyPlantAndEquipmentUsefulLife</Tag><Fact type="list"><item type="str">P</item><item type="str">3</item><item type="str">Y</item></Fact><Period type="str">2020-01-01 to 2020-01-01</Period><Type type="str">durationItemType</Type></Attributes><Labels type="dict"><Documentation type="str">Useful life of long lived, physical assets used in the normal conduct of business and not intended for resale, in &apos;PnYnMnDTnHnMnS&apos; format, for example, &apos;P1Y5M13D&apos; represents the reported fact of one year, five months, and thirteen days. Examples include, but not limited to, land, buildings, machinery and equipment, office equipment, furniture and fixtures, and computer equipment.</Documentation><Label type="str">Property, Plant and Equipment, Useful Life</Label></Labels><References type="dict"></References><Calculation type="dict"></Calculation></hidden19136948><hidden19137063 type="dict"><Attributes type="dict"><Tag type="str">us-gaap:OperatingLeaseWeightedAverageRemainingLeaseTerm1</Tag><Fact type="list"><item type="str">P</item><item type="str">7</item><item type="str">M</item><item type="str">6</item><item type="str">D</item></Fact><Period type="str">As of 2020-12-31</Period><Type type="str">durationItemType</Type></Attributes><Labels type="dict"><Documentation type="str">Weighted average remaining lease term for operating lease, in &apos;PnYnMnDTnHnMnS&apos; format, for example, &apos;P1Y5M13D&apos; represents reported fact of one year, five months, and thirteen days.</Documentation><Label type="str">Operating Lease, Weighted Average Remaining Lease Term</Label></Labels><References type="dict"><Name type="str">Accounting Standards Codification</Name><Number type="float">nan</Number><Publisher type="str">FASB</Publisher><Section type="str">55</Section><Subsection type="float">nan</Subsection></References><Calculation type="dict"></Calculation></hidden19137063><key name="dei:AmendmentFlagP01_01_2020To12_31_2020" type="dict"><Attributes type="dict"><Tag type="str">dei:AmendmentFlag</Tag><Fact type="list"><item type="str">f</item><item type="str">a</item><item type="str">l</item><item type="str">s</item><item type="str">e</item></Fact><Period type="str">2020-01-01 to 2020-01-01</Period><Type type="str">booleanItemType</Type></Attributes><Labels type="dict"><Documentation type="str">Boolean flag that is true when the XBRL content amends previously-filed or accepted submission.</Documentation><Label type="str">Amendment Flag</Label></Labels><References type="dict"></References><Calculation type="dict"></Calculation></key><key name="dei:DocumentFiscalPeriodFocusP01_01_2020To12_31_2020" type="dict"><Attributes type="dict"><Tag type="str">dei:DocumentFiscalPeriodFocus</Tag><Fact type="list"><item type="str">F</item><item type="str">Y</item></Fact><Period type="str">2020-01-01 to 2020-01-01</Period><Type type="str">fiscalPeriodItemType</Type></Attributes><Labels type="dict"><Documentation type="str">Fiscal period values are FY, Q1, Q2, and Q3.  1st, 2nd and 3rd quarter 10-Q or 10-QT statements have value Q1, Q2, and Q3 respectively, with 10-K, 10-KT or other fiscal year statements having FY.</Documentation><Label type="str">Document Fiscal Period Focus</Label></Labels><References type="dict"></References><Calculation type="dict"></Calculation></key><hidden19145538 type="dict"><Attributes type="dict"><Tag type="str">dei:EntityRegistrantName</Tag><Fact type="list"><item type="str">C</item><item type="str">I</item><item type="str">T</item><item type="str">I</item><item type="str">Z</item><item type="str">E</item><item type="str">N</item><item type="str">S</item><item type="str"> </item><item type="str">H</item><item type="str">O</item><item type="str">L</item><item type="str">D</item><item type="str">I</item><item type="str">N</item><item type="str">G</item><item type="str"> </item><item type="str">C</item><item type="str">O</item><item type="str"> </item><item type="str">/</item><item type="str">M</item><item type="str">S</item><item type="str">/</item><item type="str"> </item></Fact><Period type="str">2020-01-01 to 2020-01-01</Period><Type type="str">normalizedStringItemType</Type></Attributes><Labels type="dict"><Documentation type="str">The exact name of the entity filing the report as specified in its charter, which is required by forms filed with the SEC.</Documentation><Label type="str">Entity Registrant Name</Label></Labels><References type="dict"><Name type="str">Regulation 12B</Name><Number type="str">240</Number><Publisher type="str">SEC</Publisher><Section type="str">12</Section><Subsection type="str">b-2</Subsection></References><Calculation type="dict"></Calculation></hidden19145538><key name="dei:EntityCentralIndexKeyP01_01_2020To12_31_2020" type="dict"><Attributes type="dict"><Tag type="str">dei:EntityCentralIndexKey</Tag><Fact type="list"><item type="str">0</item><item type="str">0</item><item type="str">0</item><item type="str">1</item><item type="str">0</item><item type="str">7</item><item type="str">5</item><item type="str">7</item><item type="str">0</item><item type="str">6</item></Fact><Period type="str">2020-01-01 to 2020-01-01</Period><Type type="str">centralIndexKeyItemType</Type></Attributes><Labels type="dict"><Documentation type="str">A unique 10-digit SEC-issued value to identify entities that have filed disclosures with the SEC. It is commonly abbreviated as CIK.</Documentation><Label type="str">Entity Central Index Key</Label></Labels><References type="dict"><Name type="str">Regulation 12B</Name><Number type="str">240</Number><Publisher type="str">SEC</Publisher><Section type="str">12</Section><Subsection type="str">b-2</Subsection></References><Calculation type="dict"></Calculation></key><hidden19152660 type="dict"><Attributes type="dict"><Tag type="str">dei:EntityAddressStateOrProvince</Tag><Fact type="list"><item type="str">M</item><item type="str">S</item></Fact><Period type="str">2020-01-01 to 2020-01-01</Period><Type type="str">stateOrProvinceItemType</Type></Attributes><Labels type="dict"><Documentation type="str">Name of the state or province.</Documentation><Label type="str">Entity Address, State or Province</Label></Labels><References type="dict"></References><Calculation type="dict"></Calculation></hidden19152660><hidden19136975 type="dict"><Attributes type="dict"><Tag type="str">us-gaap:ShareBasedCompensationArrangementByShareBasedPaymentAwardAwardVestingPeriod1</Tag><Fact type="list"><item type="str">P</item><item type="str">1</item><item type="str">Y</item></Fact><Period type="str">2020-01-01 to 2020-01-01</Period><Type type="str">durationItemType</Type></Attributes><Labels type="dict"><Documentation type="str">Period over which grantee&apos;s right to exercise award under share-based payment arrangement is no longer contingent on satisfaction of service or performance condition, in &apos;PnYnMnDTnHnMnS&apos; format, for example, &apos;P1Y5M13D&apos; represents reported fact of one year, five months, and thirteen days. Includes, but is not limited to, combination of market, performance or service condition.</Documentation><Label type="str">Share-based Compensation Arrangement by Share-based Payment Award, Award Vesting Period</Label></Labels><References type="dict"><Name type="str">Accounting Standards Codification</Name><Number type="float">nan</Number><Publisher type="str">FASB</Publisher><Section type="str">50</Section><Subsection type="float">nan</Subsection></References><Calculation type="dict"></Calculation></hidden19136975><hidden19136976 type="dict"><Attributes type="dict"><Tag type="str">us-gaap:ShareBasedCompensationArrangementByShareBasedPaymentAwardAwardVestingPeriod1</Tag><Fact type="list"><item type="str">P</item><item type="str">1</item><item type="str">Y</item></Fact><Period type="str">2019-01-01 to 2019-01-01</Period><Type type="str">durationItemType</Type></Attributes><Labels type="dict"><Documentation type="str">Period over which grantee&apos;s right to exercise award under share-based payment arrangement is no longer contingent on satisfaction of service or performance condition, in &apos;PnYnMnDTnHnMnS&apos; format, for example, &apos;P1Y5M13D&apos; represents reported fact of one year, five months, and thirteen days. Includes, but is not limited to, combination of market, performance or service condition.</Documentation><Label type="str">Share-based Compensation Arrangement by Share-based Payment Award, Award Vesting Period</Label></Labels><References type="dict"><Name type="str">Accounting Standards Codification</Name><Number type="float">nan</Number><Publisher type="str">FASB</Publisher><Section type="str">50</Section><Subsection type="float">nan</Subsection></References><Calculation type="dict"></Calculation></hidden19136976><hidden19136704 type="dict"><Attributes type="dict"><Tag type="str">us-gaap:DebtInstrumentTerm</Tag><Fact type="list"><item type="str">P</item><item type="str">2</item><item type="str">Y</item></Fact><Period type="str">2020-01-01 to 2020-01-01</Period><Type type="str">durationItemType</Type></Attributes><Labels type="dict"><Documentation type="str">Period of time between issuance and maturity of debt instrument, in PnYnMnDTnHnMnS&apos; format, for example, &apos;P1Y5M13D&apos; represents the reported fact of one year, five months, and thirteen days.</Documentation><Label type="str">Debt Instrument, Term</Label></Labels><References type="dict"></References><Calculation type="dict"></Calculation></hidden19136704><hidden19137070 type="dict"><Attributes type="dict"><Sign type="str">Positive</Sign><Measure type="str">Unit_USD</Measure><Tag type="str">us-gaap:IncomeTaxExpenseBenefit</Tag><Fact type="float">828000.0</Fact><Period type="str">2018-01-01 to 2018-01-01</Period><Type type="str">monetaryItemType</Type></Attributes><Labels type="dict"><Documentation type="str">Amount of current income tax expense (benefit) and deferred income tax expense (benefit) pertaining to continuing operations.</Documentation><Label type="str">Income Tax Expense (Benefit)</Label></Labels><References type="dict"><Name type="str">Accounting Standards Codification</Name><Number type="float">nan</Number><Publisher type="str">FASB</Publisher><Section type="str">S99</Section><Subsection type="float">nan</Subsection></References><Calculation type="dict"></Calculation></hidden19137070><hidden19165228 type="dict"><Attributes type="dict"><Tag type="str">dei:EntityIncorporationStateCountryCode</Tag><Fact type="list"><item type="str">M</item><item type="str">S</item></Fact><Period type="str">2020-01-01 to 2020-01-01</Period><Type type="str">edgarStateCountryItemType</Type></Attributes><Labels type="dict"><Documentation type="str">Two-character EDGAR code representing the state or country of incorporation.</Documentation><Label type="str">Entity Incorporation, State or Country Code</Label></Labels><References type="dict"></References><Calculation type="dict"></Calculation></hidden19165228><key name="dei:DocumentTypeP01_01_2020To12_31_2020" type="dict"><Attributes type="dict"><Tag type="str">dei:DocumentType</Tag><Fact type="list"><item type="str">1</item><item type="str">0</item><item type="str">-</item><item type="str">K</item></Fact><Period type="str">2020-01-01 to 2020-01-01</Period><Type type="str">submissionTypeItemType</Type></Attributes><Labels type="dict"><Documentation type="str">The type of document being provided (such as 10-K, 10-Q, 485BPOS, etc). The document type is limited to the same value as the supporting SEC submission type, or the word &apos;Other&apos;.</Documentation><Label type="str">Document Type</Label></Labels><References type="dict"></References><Calculation type="dict"></Calculation></key><key name="dei:DocumentAnnualReportP01_01_2020To12_31_2020" type="dict"><Attributes type="dict"><Tag type="str">dei:DocumentAnnualReport</Tag><Fact type="list"><item type="str">☒</item></Fact><Period type="str">2020-01-01 to 2020-01-01</Period><Type type="str">booleanItemType</Type></Attributes><Labels type="dict"><Documentation type="str">Boolean flag that is true only for a form used as an annual report.</Documentation><Label type="str">Document Annual Report</Label></Labels><References type="dict"><Name type="str">Form 10-K</Name><Number type="str">249</Number><Publisher type="str">SEC</Publisher><Section type="str">310</Section><Subsection type="float">nan</Subsection></References><Calculation type="dict"></Calculation></key><key name="dei:DocumentPeriodEndDateP01_01_2020To12_31_2020" type="dict"><Attributes type="dict"><Tag type="str">dei:DocumentPeriodEndDate</Tag><Fact type="null"></Fact><Period type="str">2020-01-01 to 2020-01-01</Period><Type type="str">dateItemType</Type></Attributes><Labels type="dict"><Documentation type="str">For the EDGAR submission types of Form 8-K: the date of the report, the date of the earliest event reported; for the EDGAR submission types of Form N-1A: the filing date; for all other submission types: the end of the reporting or transition period.  The format of the date is YYYY-MM-DD.</Documentation><Label type="str">Document Period End Date</Label></Labels><References type="dict"></References><Calculation type="dict"></Calculation></key><key name="dei:CurrentFiscalYearEndDateP01_01_2020To12_31_2020" type="dict"><Attributes type="dict"><Tag type="str">dei:CurrentFiscalYearEndDate</Tag><Fact type="list"><item type="str">D</item><item type="str">e</item><item type="str">c</item><item type="str">e</item><item type="str">m</item><item type="str">b</item><item type="str">e</item><item type="str">r</item><item type="str"> </item><item type="str">3</item><item type="str">1</item></Fact><Period type="str">2020-01-01 to 2020-01-01</Period><Type type="str">gMonthDayItemType</Type></Attributes><Labels type="dict"><Documentation type="str">End date of current fiscal year in the format --MM-DD.</Documentation><Label type="str">Current Fiscal Year End Date</Label></Labels><References type="dict"></References><Calculation type="dict"></Calculation></key><key name="dei:DocumentFiscalYearFocusP01_01_2020To12_31_2020" type="dict"><Attributes type="dict"><Tag type="str">dei:DocumentFiscalYearFocus</Tag><Fact type="list"><item type="str">2</item><item type="str">0</item><item type="str">2</item><item type="str">0</item></Fact><Period type="str">2020-01-01 to 2020-01-01</Period><Type type="str">gYearItemType</Type></Attributes><Labels type="dict"><Documentation type="str">This is focus fiscal year of the document report in YYYY format. For a 2006 annual report, which may also provide financial information from prior periods, fiscal 2006 should be given as the fiscal year focus. Example: 2006.</Documentation><Label type="str">Document Fiscal Year Focus</Label></Labels><References type="dict"></References><Calculation type="dict"></Calculation></key><key name="dei:DocumentTransitionReportP01_01_2020To12_31_2020" type="dict"><Attributes type="dict"><Tag type="str">dei:DocumentTransitionReport</Tag><Fact type="list"><item type="str">☐</item></Fact><Period type="str">2020-01-01 to 2020-01-01</Period><Type type="str">booleanItemType</Type></Attributes><Labels type="dict"><Documentation type="str">Boolean flag that is true only for a form used as a transition report.</Documentation><Label type="str">Document Transition Report</Label></Labels><References type="dict"><Name type="str">Forms 10-K, 10-Q, 20-F</Name><Number type="str">240</Number><Publisher type="str">SEC</Publisher><Section type="str">13</Section><Subsection type="str">a-1</Subsection></References><Calculation type="dict"></Calculation></key><key name="dei:EntityFileNumberP01_01_2020To12_31_2020" type="dict"><Attributes type="dict"><Tag type="str">dei:EntityFileNumber</Tag><Fact type="list"><item type="str">0</item><item type="str">0</item><item type="str">1</item><item type="str">-</item><item type="str">1</item><item type="str">5</item><item type="str">3</item><item type="str">7</item><item type="str">5</item></Fact><Period type="str">2020-01-01 to 2020-01-01</Period><Type type="str">fileNumberItemType</Type></Attributes><Labels type="dict"><Documentation type="str">Commission file number. The field allows up to 17 characters. The prefix may contain 1-3 digits, the sequence number may contain 1-8 digits, the optional suffix may contain 1-4 characters, and the fields are separated with a hyphen.</Documentation><Label type="str">Entity File Number</Label></Labels><References type="dict"></References><Calculation type="dict"></Calculation></key><key name="dei:EntityTaxIdentificationNumberP01_01_2020To12_31_2020" type="dict"><Attributes type="dict"><Tag type="str">dei:EntityTaxIdentificationNumber</Tag><Fact type="list"><item type="str">6</item><item type="str">4</item><item type="str">-</item><item type="str">0</item><item type="str">6</item><item type="str">6</item><item type="str">6</item><item type="str">5</item><item type="str">1</item><item type="str">2</item></Fact><Period type="str">2020-01-01 to 2020-01-01</Period><Type type="str">employerIdItemType</Type></Attributes><Labels type="dict"><Documentation type="str">The Tax Identification Number (TIN), also known as an Employer Identification Number (EIN), is a unique 9-digit value assigned by the IRS.</Documentation><Label type="str">Entity Tax Identification Number</Label></Labels><References type="dict"><Name type="str">Regulation 12B</Name><Number type="str">240</Number><Publisher type="str">SEC</Publisher><Section type="str">12</Section><Subsection type="str">b-2</Subsection></References><Calculation type="dict"></Calculation></key><key name="dei:EntityAddressAddressLine1P01_01_2020To12_31_2020" type="dict"><Attributes type="dict"><Tag type="str">dei:EntityAddressAddressLine1</Tag><Fact type="list"><item type="str">5</item><item type="str">2</item><item type="str">1</item><item type="str"> </item><item type="str">M</item><item type="str">a</item><item type="str">i</item><item type="str">n</item><item type="str"> </item><item type="str">S</item><item type="str">t</item><item type="str">r</item><item type="str">e</item><item type="str">e</item><item type="str">t</item></Fact><Period type="str">2020-01-01 to 2020-01-01</Period><Type type="str">normalizedStringItemType</Type></Attributes><Labels type="dict"><Documentation type="str">Address Line 1 such as Attn, Building Name, Street Name</Documentation><Label type="str">Entity Address, Address Line One</Label></Labels><References type="dict"></References><Calculation type="dict"></Calculation></key><key name="dei:EntityAddressCityOrTownP01_01_2020To12_31_2020" type="dict"><Attributes type="dict"><Tag type="str">dei:EntityAddressCityOrTown</Tag><Fact type="list"><item type="str">P</item><item type="str">h</item><item type="str">i</item><item type="str">l</item><item type="str">a</item><item type="str">d</item><item type="str">e</item><item type="str">l</item><item type="str">p</item><item type="str">h</item><item type="str">i</item><item type="str">a</item></Fact><Period type="str">2020-01-01 to 2020-01-01</Period><Type type="str">normalizedStringItemType</Type></Attributes><Labels type="dict"><Documentation type="str">Name of the City or Town</Documentation><Label type="str">Entity Address, City or Town</Label></Labels><References type="dict"></References><Calculation type="dict"></Calculation></key><key name="dei:EntityAddressPostalZipCodeP01_01_2020To12_31_2020" type="dict"><Attributes type="dict"><Tag type="str">dei:EntityAddressPostalZipCode</Tag><Fact type="list"><item type="str">3</item><item type="str">9</item><item type="str">3</item><item type="str">5</item><item type="str">0</item></Fact><Period type="str">2020-01-01 to 2020-01-01</Period><Type type="str">normalizedStringItemType</Type></Attributes><Labels type="dict"><Documentation type="str">Code for the postal or zip code</Documentation><Label type="str">Entity Address, Postal Zip Code</Label></Labels><References type="dict"></References><Calculation type="dict"></Calculation></key><key name="dei:CityAreaCodeP01_01_2020To12_31_2020" type="dict"><Attributes type="dict"><Tag type="str">dei:CityAreaCode</Tag><Fact type="list"><item type="str">6</item><item type="str">0</item><item type="str">1</item></Fact><Period type="str">2020-01-01 to 2020-01-01</Period><Type type="str">normalizedStringItemType</Type></Attributes><Labels type="dict"><Documentation type="str">Area code of city</Documentation><Label type="str">City Area Code</Label></Labels><References type="dict"></References><Calculation type="dict"></Calculation></key><key name="dei:LocalPhoneNumberP01_01_2020To12_31_2020" type="dict"><Attributes type="dict"><Tag type="str">dei:LocalPhoneNumber</Tag><Fact type="list"><item type="str">6</item><item type="str">5</item><item type="str">6</item><item type="str">-</item><item type="str">4</item><item type="str">6</item><item type="str">9</item><item type="str">2</item></Fact><Period type="str">2020-01-01 to 2020-01-01</Period><Type type="str">normalizedStringItemType</Type></Attributes><Labels type="dict"><Documentation type="str">Local phone number for entity.</Documentation><Label type="str">Local Phone Number</Label></Labels><References type="dict"></References><Calculation type="dict"></Calculation></key><key name="dei:Security12bTitleP01_01_2020To12_31_2020" type="dict"><Attributes type="dict"><Tag type="str">dei:Security12bTitle</Tag><Fact type="list"><item type="str">C</item><item type="str">o</item><item type="str">m</item><item type="str">m</item><item type="str">o</item><item type="str">n</item><item type="str"> </item><item type="str">S</item><item type="str">t</item><item type="str">o</item><item type="str">c</item><item type="str">k</item></Fact><Period type="str">2020-01-01 to 2020-01-01</Period><Type type="str">securityTitleItemType</Type></Attributes><Labels type="dict"><Documentation type="str">Title of a 12(b) registered security.</Documentation><Label type="str">Title of 12(b) Security</Label></Labels><References type="dict"><Name type="str">Exchange Act</Name><Number type="str">240</Number><Publisher type="str">SEC</Publisher><Section type="str">12</Section><Subsection type="str">b</Subsection></References><Calculation type="dict"></Calculation></key><key name="dei:TradingSymbolP01_01_2020To12_31_2020" type="dict"><Attributes type="dict"><Tag type="str">dei:TradingSymbol</Tag><Fact type="list"><item type="str">C</item><item type="str">I</item><item type="str">Z</item><item type="str">N</item></Fact><Period type="str">2020-01-01 to 2020-01-01</Period><Type type="str">tradingSymbolItemType</Type></Attributes><Labels type="dict"><Documentation type="str">Trading symbol of an instrument as listed on an exchange.</Documentation><Label type="str">Trading Symbol</Label></Labels><References type="dict"></References><Calculation type="dict"></Calculation></key><key name="dei:SecurityExchangeNameP01_01_2020To12_31_2020" type="dict"><Attributes type="dict"><Tag type="str">dei:SecurityExchangeName</Tag><Fact type="list"><item type="str">N</item><item type="str">A</item><item type="str">S</item><item type="str">D</item><item type="str">A</item><item type="str">Q</item><item type="str"> </item><item type="str">G</item><item type="str">l</item><item type="str">o</item><item type="str">b</item><item type="str">a</item><item type="str">l</item><item type="str"> </item><item type="str">M</item><item type="str">a</item><item type="str">r</item><item type="str">k</item><item type="str">e</item><item type="str">t</item></Fact><Period type="str">2020-01-01 to 2020-01-01</Period><Type type="str">edgarExchangeCodeItemType</Type></Attributes><Labels type="dict"><Documentation type="str">Name of the Exchange on which a security is registered.</Documentation><Label type="str">Security Exchange Name</Label></Labels><References type="dict"><Name type="str">Exchange Act</Name><Number type="str">240</Number><Publisher type="str">SEC</Publisher><Section type="str">12</Section><Subsection type="str">d1-1</Subsection></References><Calculation type="dict"></Calculation></key><key name="dei:EntityWellKnownSeasonedIssuerP01_01_2020To12_31_2020" type="dict"><Attributes type="dict"><Tag type="str">dei:EntityWellKnownSeasonedIssuer</Tag><Fact type="list"><item type="str">N</item><item type="str">o</item></Fact><Period type="str">2020-01-01 to 2020-01-01</Period><Type type="str">yesNoItemType</Type></Attributes><Labels type="dict"><Documentation type="str">Indicate &apos;Yes&apos; or &apos;No&apos; if the registrant is a well-known seasoned issuer, as defined in Rule 405 of the Securities Act. Is used on Form Type: 10-K, 10-Q, 8-K, 20-F, 6-K, 10-K/A, 10-Q/A, 20-F/A, 6-K/A, N-CSR, N-Q, N-1A.</Documentation><Label type="str">Entity Well-known Seasoned Issuer</Label></Labels><References type="dict"></References><Calculation type="dict"></Calculation></key><key name="dei:EntityVoluntaryFilersP01_01_2020To12_31_2020" type="dict"><Attributes type="dict"><Tag type="str">dei:EntityVoluntaryFilers</Tag><Fact type="list"><item type="str">N</item><item type="str">o</item></Fact><Period type="str">2020-01-01 to 2020-01-01</Period><Type type="str">yesNoItemType</Type></Attributes><Labels type="dict"><Documentation type="str">Indicate &apos;Yes&apos; or &apos;No&apos; if the registrant is not required to file reports pursuant to Section 13 or Section 15(d) of the Act.</Documentation><Label type="str">Entity Voluntary Filers</Label></Labels><References type="dict"></References><Calculation type="dict"></Calculation></key><key name="dei:EntityCurrentReportingStatusP01_01_2020To12_31_2020" type="dict"><Attributes type="dict"><Tag type="str">dei:EntityCurrentReportingStatus</Tag><Fact type="list"><item type="str">N</item><item type="str">o</item></Fact><Period type="str">2020-01-01 to 2020-01-01</Period><Type type="str">yesNoItemType</Type></Attributes><Labels type="dict"><Documentation type="str">Indicate &apos;Yes&apos; or &apos;No&apos; whether registrants (1) have filed all reports required to be filed by Section 13 or 15(d) of the Securities Exchange Act of 1934 during the preceding 12 months (or for such shorter period that registrants were required to file such reports), and (2) have been subject to such filing requirements for the past 90 days. This information should be based on the registrant&apos;s current or most recent filing containing the related disclosure.</Documentation><Label type="str">Entity Current Reporting Status</Label></Labels><References type="dict"></References><Calculation type="dict"></Calculation></key><key name="dei:EntityInteractiveDataCurrentP01_01_2020To12_31_2020" type="dict"><Attributes type="dict"><Tag type="str">dei:EntityInteractiveDataCurrent</Tag><Fact type="list"><item type="str">Y</item><item type="str">e</item><item type="str">s</item></Fact><Period type="str">2020-01-01 to 2020-01-01</Period><Type type="str">yesNoItemType</Type></Attributes><Labels type="dict"><Documentation type="str">Boolean flag that is true when the registrant has submitted electronically every Interactive Data File required to be submitted pursuant to Rule 405 of Regulation S-T during the preceding 12 months (or for such shorter period that the registrant was required to submit such files).</Documentation><Label type="str">Entity Interactive Data Current</Label></Labels><References type="dict"><Name type="str">Regulation S-T</Name><Number type="str">232</Number><Publisher type="str">SEC</Publisher><Section type="str">405</Section><Subsection type="float">nan</Subsection></References><Calculation type="dict"></Calculation></key><key name="dei:EntityFilerCategoryP01_01_2020To12_31_2020" type="dict"><Attributes type="dict"><Tag type="str">dei:EntityFilerCategory</Tag><Fact type="list"><item type="str">N</item><item type="str">o</item><item type="str">n</item><item type="str">-</item><item type="str">a</item><item type="str">c</item><item type="str">c</item><item type="str">e</item><item type="str">l</item><item type="str">e</item><item type="str">r</item><item type="str">a</item><item type="str">t</item><item type="str">e</item><item type="str">d</item><item type="str"> </item><item type="str">f</item><item type="str">i</item><item type="str">l</item><item type="str">e</item><item type="str">r</item></Fact><Period type="str">2020-01-01 to 2020-01-01</Period><Type type="str">filerCategoryItemType</Type></Attributes><Labels type="dict"><Documentation type="str">Indicate whether the registrant is one of the following: Large Accelerated Filer, Accelerated Filer, Non-accelerated Filer. Definitions of these categories are stated in Rule 12b-2 of the Exchange Act. This information should be based on the registrant&apos;s current or most recent filing containing the related disclosure.</Documentation><Label type="str">Entity Filer Category</Label></Labels><References type="dict"><Name type="str">Regulation 12B</Name><Number type="str">240</Number><Publisher type="str">SEC</Publisher><Section type="str">12</Section><Subsection type="str">b-2</Subsection></References><Calculation type="dict"></Calculation></key><key name="dei:EntitySmallBusinessP01_01_2020To12_31_2020" type="dict"><Attributes type="dict"><Tag type="str">dei:EntitySmallBusiness</Tag><Fact type="list"><item type="str">☒</item></Fact><Period type="str">2020-01-01 to 2020-01-01</Period><Type type="str">booleanItemType</Type></Attributes><Labels type="dict"><Documentation type="str">Indicates that the company is a Smaller Reporting Company (SRC).</Documentation><Label type="str">Entity Small Business</Label></Labels><References type="dict"><Name type="str">Regulation 12B</Name><Number type="str">240</Number><Publisher type="str">SEC</Publisher><Section type="str">12</Section><Subsection type="str">b-2</Subsection></References><Calculation type="dict"></Calculation></key><key name="dei:EntityEmergingGrowthCompanyP01_01_2020To12_31_2020" type="dict"><Attributes type="dict"><Tag type="str">dei:EntityEmergingGrowthCompany</Tag><Fact type="list"><item type="str">☐</item></Fact><Period type="str">2020-01-01 to 2020-01-01</Period><Type type="str">booleanItemType</Type></Attributes><Labels type="dict"><Documentation type="str">Indicate if registrant meets the emerging growth company criteria.</Documentation><Label type="str">Entity Emerging Growth Company</Label></Labels><References type="dict"><Name type="str">Regulation 12B</Name><Number type="str">240</Number><Publisher type="str">SEC</Publisher><Section type="str">12</Section><Subsection type="str">b-2</Subsection></References><Calculation type="dict"></Calculation></key><key name="dei:EntityShellCompanyP01_01_2020To12_31_2020" type="dict"><Attributes type="dict"><Tag type="str">dei:EntityShellCompany</Tag><Fact type="list"><item type="str">☒</item></Fact><Period type="str">2020-01-01 to 2020-01-01</Period><Type type="str">booleanItemType</Type></Attributes><Labels type="dict"><Documentation type="str">Boolean flag that is true when the registrant is a shell company as defined in Rule 12b-2 of the Exchange Act.</Documentation><Label type="str">Entity Shell Company</Label></Labels><References type="dict"><Name type="str">Regulation 12B</Name><Number type="str">240</Number><Publisher type="str">SEC</Publisher><Section type="str">12</Section><Subsection type="str">b-2</Subsection></References><Calculation type="dict"></Calculation></key><key name="dei:IcfrAuditorAttestationFlagP01_01_2020To12_31_2020" type="dict"><Attributes type="dict"><Tag type="str">dei:IcfrAuditorAttestationFlag</Tag><Fact type="list"><item type="str">☐</item></Fact><Period type="str">2020-01-01 to 2020-01-01</Period><Type type="str">booleanItemType</Type></Attributes><Labels type="dict"><Documentation type="float">nan</Documentation><Label type="str">ICFR Auditor Attestation Flag</Label></Labels><References type="dict"><Name type="str">Form 10-K</Name><Number type="str">249</Number><Publisher type="str">SEC</Publisher><Section type="str">310</Section><Subsection type="float">nan</Subsection></References><Calculation type="dict"></Calculation></key><key name="dei:EntityPublicFloatPAsOn06_30_2020" type="dict"><Attributes type="dict"><Format type="str">numdotdecimal</Format><Sign type="str">Positive</Sign><Measure type="str">Unit_USD</Measure><Scale type="str">0</Scale><Tag type="str">dei:EntityPublicFloat</Tag><Fact type="float">126925111.0</Fact><Period type="str">As of 2020-06-30</Period><Type type="str">monetaryItemType</Type></Attributes><Labels type="dict"><Documentation type="str">The aggregate market value of the voting and non-voting common equity held by non-affiliates computed by reference to the price at which the common equity was last sold, or the average bid and asked price of such common equity, as of the last business day of the registrant&apos;s most recently completed second fiscal quarter.</Documentation><Label type="str">Entity Public Float</Label></Labels><References type="dict"></References><Calculation type="dict"></Calculation></key><key name="dei:EntityCommonStockSharesOutstandingPAsOn03_05_2021" type="dict"><Attributes type="dict"><Format type="str">numdotdecimal</Format><Sign type="str">Positive</Sign><Measure type="str">Unit_shares</Measure><Scale type="str">0</Scale><Tag type="str">dei:EntityCommonStockSharesOutstanding</Tag><Fact type="float">5587070.0</Fact><Period type="str">As of 2021-03-05</Period><Type type="str">sharesItemType</Type></Attributes><Labels type="dict"><Documentation type="str">Indicate number of shares or other units outstanding of each of registrant&apos;s classes of capital or common stock or other ownership interests, if and as stated on cover of related periodic report. Where multiple classes or units exist define each class/interest by adding class of stock items such as Common Class A [Member], Common Class B [Member] or Partnership Interest [Member] onto the Instrument [Domain] of the Entity Listings, Instrument.</Documentation><Label type="str">Entity Common Stock, Shares Outstanding</Label></Labels><References type="dict"></References><Calculation type="dict"></Calculation></key></root>