<?xml version="1.0" encoding="UTF-8" ?><root><hidden21162140 type="dict"><Attributes type="dict"><Tag type="str">dei:EntityRegistrantName</Tag><Fact type="list"><item type="str">F</item><item type="str">I</item><item type="str">R</item><item type="str">S</item><item type="str">T</item><item type="str"> </item><item type="str">F</item><item type="str">I</item><item type="str">N</item><item type="str">A</item><item type="str">N</item><item type="str">C</item><item type="str">I</item><item type="str">A</item><item type="str">L</item><item type="str"> </item><item type="str">B</item><item type="str">A</item><item type="str">N</item><item type="str">K</item><item type="str">S</item><item type="str">H</item><item type="str">A</item><item type="str">R</item><item type="str">E</item><item type="str">S</item><item type="str"> </item><item type="str">I</item><item type="str">N</item><item type="str">C</item></Fact><Period type="str">2021-01-01 to 2021-01-01</Period></Attributes><Labels type="dict"></Labels><References type="dict"></References><Calculation type="dict"></Calculation></hidden21162140><hidden21156683 type="dict"><Attributes type="dict"><Tag type="str">dei:EntityAddressStateOrProvince</Tag><Fact type="list"><item type="str">T</item><item type="str">X</item></Fact><Period type="str">2021-01-01 to 2021-01-01</Period></Attributes><Labels type="dict"></Labels><References type="dict"></References><Calculation type="dict"></Calculation></hidden21156683></root>