<?xml version="1.0" encoding="UTF-8" ?><root><hidden18327414 type="dict"><Attributes type="dict"><Tag type="str">us-gaap:DebtInstrumentMaturityDateRangeStart1</Tag><Fact type="list"><item type="str">2</item><item type="str">0</item><item type="str">2</item><item type="str">5</item><item type="str">-</item><item type="str">1</item><item type="str">2</item><item type="str">-</item><item type="str">3</item><item type="str">1</item></Fact><Period type="str">2020-01-01 to 2020-01-01</Period></Attributes><Labels type="dict"></Labels><References type="dict"></References><Calculation type="dict"></Calculation></hidden18327414><hidden18327416 type="dict"><Attributes type="dict"><Tag type="str">us-gaap:DebtInstrumentMaturityDateRangeStart1</Tag><Fact type="list"><item type="str">2</item><item type="str">0</item><item type="str">2</item><item type="str">1</item><item type="str">-</item><item type="str">1</item><item type="str">2</item><item type="str">-</item><item type="str">3</item><item type="str">1</item></Fact><Period type="str">2019-01-01 to 2019-01-01</Period></Attributes><Labels type="dict"></Labels><References type="dict"></References><Calculation type="dict"></Calculation></hidden18327416><hidden18327415 type="dict"><Attributes type="dict"><Tag type="str">us-gaap:DebtInstrumentMaturityDateRangeEnd1</Tag><Fact type="list"><item type="str">2</item><item type="str">0</item><item type="str">4</item><item type="str">5</item><item type="str">-</item><item type="str">1</item><item type="str">2</item><item type="str">-</item><item type="str">3</item><item type="str">1</item></Fact><Period type="str">2020-01-01 to 2020-01-01</Period></Attributes><Labels type="dict"></Labels><References type="dict"></References><Calculation type="dict"></Calculation></hidden18327415><hidden18327419 type="dict"><Attributes type="dict"><Tag type="str">us-gaap:DebtInstrumentMaturityDateRangeEnd1</Tag><Fact type="list"><item type="str">2</item><item type="str">0</item><item type="str">4</item><item type="str">5</item><item type="str">-</item><item type="str">1</item><item type="str">2</item><item type="str">-</item><item type="str">3</item><item type="str">1</item></Fact><Period type="str">2019-01-01 to 2019-01-01</Period></Attributes><Labels type="dict"></Labels><References type="dict"></References><Calculation type="dict"></Calculation></hidden18327419><hidden18327926 type="dict"><Attributes type="dict"><Tag type="str">gs:TimeHorizonForRiskManagementVar</Tag><Fact type="list"><item type="str">P</item><item type="str">1</item><item type="str">D</item></Fact><Period type="str">2020-01-01 to 2020-01-01</Period></Attributes><Labels type="dict"></Labels><References type="dict"></References><Calculation type="dict"></Calculation></hidden18327926><hidden18324722 type="dict"><Attributes type="dict"><Sign type="str">Positive</Sign><Measure type="str">Unit_pure</Measure><Tag type="str">gs:TradingCashInstrumentAssetMeasurementInput</Tag><Fact type="float">0.208</Fact><Period type="str">As of 2020-12-31</Period></Attributes><Labels type="dict"></Labels><References type="dict"></References><Calculation type="dict"></Calculation></hidden18324722><hidden18324723 type="dict"><Attributes type="dict"><Sign type="str">Positive</Sign><Measure type="str">Unit_pure</Measure><Tag type="str">gs:TradingCashInstrumentAssetMeasurementInput</Tag><Fact type="float">0.058</Fact><Period type="str">As of 2019-12-31</Period></Attributes><Labels type="dict"></Labels><References type="dict"></References><Calculation type="dict"></Calculation></hidden18324723><hidden18324725 type="dict"><Attributes type="dict"><Sign type="str">Positive</Sign><Measure type="str">Unit_pure</Measure><Tag type="str">gs:TradingCashInstrumentAssetMeasurementInput</Tag><Fact type="float">0.163</Fact><Period type="str">As of 2019-12-31</Period></Attributes><Labels type="dict"></Labels><References type="dict"></References><Calculation type="dict"></Calculation></hidden18324725><hidden18324726 type="dict"><Attributes type="dict"><Sign type="str">Positive</Sign><Measure type="str">Unit_pure</Measure><Tag type="str">gs:TradingCashInstrumentAssetMeasurementInput</Tag><Fact type="float">0.577</Fact><Period type="str">As of 2020-12-31</Period></Attributes><Labels type="dict"></Labels><References type="dict"></References><Calculation type="dict"></Calculation></hidden18324726><hidden18324713 type="dict"><Attributes type="dict"><Sign type="str">Positive</Sign><Measure type="str">Unit_pure</Measure><Tag type="str">gs:TradingCashInstrumentAssetMeasurementInput</Tag><Fact type="float">0.09</Fact><Period type="str">As of 2020-12-31</Period></Attributes><Labels type="dict"></Labels><References type="dict"></References><Calculation type="dict"></Calculation></hidden18324713><hidden18324714 type="dict"><Attributes type="dict"><Sign type="str">Positive</Sign><Measure type="str">Unit_pure</Measure><Tag type="str">gs:TradingCashInstrumentAssetMeasurementInput</Tag><Fact type="float">0.135</Fact><Period type="str">As of 2019-12-31</Period></Attributes><Labels type="dict"></Labels><References type="dict"></References><Calculation type="dict"></Calculation></hidden18324714><hidden18324715 type="dict"><Attributes type="dict"><Sign type="str">Positive</Sign><Measure type="str">Unit_pure</Measure><Tag type="str">gs:TradingCashInstrumentAssetMeasurementInput</Tag><Fact type="float">0.063</Fact><Period type="str">As of 2020-12-31</Period></Attributes><Labels type="dict"></Labels><References type="dict"></References><Calculation type="dict"></Calculation></hidden18324715><hidden18324728 type="dict"><Attributes type="dict"><Sign type="str">Positive</Sign><Measure type="str">Unit_pure</Measure><Tag type="str">gs:TradingCashInstrumentAssetMeasurementInput</Tag><Fact type="float">0.556</Fact><Period type="str">As of 2019-12-31</Period></Attributes><Labels type="dict"></Labels><References type="dict"></References><Calculation type="dict"></Calculation></hidden18324728><hidden18324729 type="dict"><Attributes type="dict"><Sign type="str">Positive</Sign><Measure type="str">Unit_pure</Measure><Tag type="str">gs:TradingCashInstrumentAssetMeasurementInput</Tag><Fact type="float">0.095</Fact><Period type="str">As of 2020-12-31</Period></Attributes><Labels type="dict"></Labels><References type="dict"></References><Calculation type="dict"></Calculation></hidden18324729><hidden18324730 type="dict"><Attributes type="dict"><Sign type="str">Positive</Sign><Measure type="str">Unit_pure</Measure><Tag type="str">gs:TradingCashInstrumentAssetMeasurementInput</Tag><Fact type="float">0.587</Fact><Period type="str">As of 2020-12-31</Period></Attributes><Labels type="dict"></Labels><References type="dict"></References><Calculation type="dict"></Calculation></hidden18324730><hidden18324731 type="dict"><Attributes type="dict"><Sign type="str">Positive</Sign><Measure type="str">Unit_pure</Measure><Tag type="str">gs:TradingCashInstrumentAssetMeasurementInput</Tag><Fact type="float">0.072</Fact><Period type="str">As of 2019-12-31</Period></Attributes><Labels type="dict"></Labels><References type="dict"></References><Calculation type="dict"></Calculation></hidden18324731><hidden18324732 type="dict"><Attributes type="dict"><Sign type="str">Positive</Sign><Measure type="str">Unit_pure</Measure><Tag type="str">gs:TradingCashInstrumentAssetMeasurementInput</Tag><Fact type="float">0.549</Fact><Period type="str">As of 2019-12-31</Period></Attributes><Labels type="dict"></Labels><References type="dict"></References><Calculation type="dict"></Calculation></hidden18324732><hidden18327050 type="dict"><Attributes type="dict"><Tag type="str">dei:EntityAddressStateOrProvince</Tag><Fact type="list"><item type="str">N</item><item type="str">Y</item></Fact><Period type="str">2020-01-01 to 2020-01-01</Period></Attributes><Labels type="dict"></Labels><References type="dict"></References><Calculation type="dict"></Calculation></hidden18327050><hidden18327151 type="dict"><Attributes type="dict"><Sign type="str">Positive</Sign><Measure type="str">Unit_pure</Measure><Tag type="str">gs:OtherSecuredFinancingMeasurementInput</Tag><Fact type="float">0.014</Fact><Period type="str">As of 2020-12-31</Period></Attributes><Labels type="dict"></Labels><References type="dict"></References><Calculation type="dict"></Calculation></hidden18327151><hidden18327152 type="dict"><Attributes type="dict"><Sign type="str">Positive</Sign><Measure type="str">Unit_pure</Measure><Tag type="str">gs:OtherSecuredFinancingMeasurementInput</Tag><Fact type="float">0.071</Fact><Period type="str">As of 2020-12-31</Period></Attributes><Labels type="dict"></Labels><References type="dict"></References><Calculation type="dict"></Calculation></hidden18327152><hidden18327153 type="dict"><Attributes type="dict"><Sign type="str">Positive</Sign><Measure type="str">Unit_pure</Measure><Tag type="str">gs:OtherSecuredFinancingMeasurementInput</Tag><Fact type="float">0.027</Fact><Period type="str">As of 2020-12-31</Period></Attributes><Labels type="dict"></Labels><References type="dict"></References><Calculation type="dict"></Calculation></hidden18327153><hidden18327154 type="dict"><Attributes type="dict"><Sign type="str">Positive</Sign><Measure type="str">Unit_pure</Measure><Tag type="str">gs:OtherSecuredFinancingMeasurementInput</Tag><Fact type="float">0.033</Fact><Period type="str">As of 2019-12-31</Period></Attributes><Labels type="dict"></Labels><References type="dict"></References><Calculation type="dict"></Calculation></hidden18327154><hidden18327155 type="dict"><Attributes type="dict"><Sign type="str">Positive</Sign><Measure type="str">Unit_pure</Measure><Tag type="str">gs:OtherSecuredFinancingMeasurementInput</Tag><Fact type="float">0.042</Fact><Period type="str">As of 2019-12-31</Period></Attributes><Labels type="dict"></Labels><References type="dict"></References><Calculation type="dict"></Calculation></hidden18327155><hidden18327156 type="dict"><Attributes type="dict"><Sign type="str">Positive</Sign><Measure type="str">Unit_pure</Measure><Tag type="str">gs:OtherSecuredFinancingMeasurementInput</Tag><Fact type="float">0.035</Fact><Period type="str">As of 2019-12-31</Period></Attributes><Labels type="dict"></Labels><References type="dict"></References><Calculation type="dict"></Calculation></hidden18327156><hidden18329853 type="dict"><Attributes type="dict"><Sign type="str">Positive</Sign><Measure type="str">Unit_pure</Measure><Tag type="str">gs:LoansReceivableMeasurementInput</Tag><Fact type="float">0.124</Fact><Period type="str">As of 2020-12-31</Period></Attributes><Labels type="dict"></Labels><References type="dict"></References><Calculation type="dict"></Calculation></hidden18329853><hidden18329854 type="dict"><Attributes type="dict"><Sign type="str">Positive</Sign><Measure type="str">Unit_pure</Measure><Tag type="str">gs:LoansReceivableMeasurementInput</Tag><Fact type="float">0.095</Fact><Period type="str">As of 2019-12-31</Period></Attributes><Labels type="dict"></Labels><References type="dict"></References><Calculation type="dict"></Calculation></hidden18329854><hidden18329855 type="dict"><Attributes type="dict"><Sign type="str">Positive</Sign><Measure type="str">Unit_pure</Measure><Tag type="str">gs:LoansReceivableMeasurementInput</Tag><Fact type="float">0.31</Fact><Period type="str">As of 2020-12-31</Period></Attributes><Labels type="dict"></Labels><References type="dict"></References><Calculation type="dict"></Calculation></hidden18329855><hidden18329856 type="dict"><Attributes type="dict"><Sign type="str">Positive</Sign><Measure type="str">Unit_pure</Measure><Tag type="str">gs:LoansReceivableMeasurementInput</Tag><Fact type="float">0.444</Fact><Period type="str">As of 2019-12-31</Period></Attributes><Labels type="dict"></Labels><References type="dict"></References><Calculation type="dict"></Calculation></hidden18329856><hidden18329857 type="dict"><Attributes type="dict"><Sign type="str">Positive</Sign><Measure type="str">Unit_pure</Measure><Tag type="str">gs:LoansReceivableMeasurementInput</Tag><Fact type="float">0.11</Fact><Period type="str">As of 2020-12-31</Period></Attributes><Labels type="dict"></Labels><References type="dict"></References><Calculation type="dict"></Calculation></hidden18329857><hidden18329858 type="dict"><Attributes type="dict"><Sign type="str">Positive</Sign><Measure type="str">Unit_pure</Measure><Tag type="str">gs:LoansReceivableMeasurementInput</Tag><Fact type="float">0.093</Fact><Period type="str">As of 2019-12-31</Period></Attributes><Labels type="dict"></Labels><References type="dict"></References><Calculation type="dict"></Calculation></hidden18329858><hidden18329859 type="dict"><Attributes type="dict"><Sign type="str">Positive</Sign><Measure type="str">Unit_pure</Measure><Tag type="str">gs:LoansReceivableMeasurementInput</Tag><Fact type="float">0.665</Fact><Period type="str">As of 2020-12-31</Period></Attributes><Labels type="dict"></Labels><References type="dict"></References><Calculation type="dict"></Calculation></hidden18329859><hidden18329860 type="dict"><Attributes type="dict"><Sign type="str">Positive</Sign><Measure type="str">Unit_pure</Measure><Tag type="str">gs:LoansReceivableMeasurementInput</Tag><Fact type="float">0.486</Fact><Period type="str">As of 2019-12-31</Period></Attributes><Labels type="dict"></Labels><References type="dict"></References><Calculation type="dict"></Calculation></hidden18329860><hidden18329861 type="dict"><Attributes type="dict"><Sign type="str">Positive</Sign><Measure type="str">Unit_pure</Measure><Tag type="str">gs:LoansReceivableMeasurementInput</Tag><Fact type="float">0.121</Fact><Period type="str">As of 2020-12-31</Period></Attributes><Labels type="dict"></Labels><References type="dict"></References><Calculation type="dict"></Calculation></hidden18329861><hidden18329862 type="dict"><Attributes type="dict"><Sign type="str">Positive</Sign><Measure type="str">Unit_pure</Measure><Tag type="str">gs:LoansReceivableMeasurementInput</Tag><Fact type="float">0.115</Fact><Period type="str">As of 2019-12-31</Period></Attributes><Labels type="dict"></Labels><References type="dict"></References><Calculation type="dict"></Calculation></hidden18329862><hidden18329863 type="dict"><Attributes type="dict"><Sign type="str">Positive</Sign><Measure type="str">Unit_pure</Measure><Tag type="str">gs:LoansReceivableMeasurementInput</Tag><Fact type="float">0.08</Fact><Period type="str">As of 2020-12-31</Period></Attributes><Labels type="dict"></Labels><References type="dict"></References><Calculation type="dict"></Calculation></hidden18329863><hidden18329865 type="dict"><Attributes type="dict"><Sign type="str">Positive</Sign><Measure type="str">Unit_pure</Measure><Tag type="str">gs:LoansReceivableMeasurementInput</Tag><Fact type="float">0.099</Fact><Period type="str">As of 2019-12-31</Period></Attributes><Labels type="dict"></Labels><References type="dict"></References><Calculation type="dict"></Calculation></hidden18329865><hidden18329668 type="dict"><Attributes type="dict"><Sign type="str">Positive</Sign><Measure type="str">Unit_pure</Measure><Tag type="str">gs:InvestmentsMeasurementInput</Tag><Fact type="float">0.102</Fact><Period type="str">As of 2020-12-31</Period></Attributes><Labels type="dict"></Labels><References type="dict"></References><Calculation type="dict"></Calculation></hidden18329668><hidden18329669 type="dict"><Attributes type="dict"><Sign type="str">Positive</Sign><Measure type="str">Unit_pure</Measure><Tag type="str">gs:InvestmentsMeasurementInput</Tag><Fact type="float">0.12</Fact><Period type="str">As of 2019-12-31</Period></Attributes><Labels type="dict"></Labels><References type="dict"></References><Calculation type="dict"></Calculation></hidden18329669><hidden18329674 type="dict"><Attributes type="dict"><Sign type="str">Positive</Sign><Measure type="str">Unit_pure</Measure><Tag type="str">gs:InvestmentsMeasurementInput</Tag><Fact type="float">0.175</Fact><Period type="str">As of 2020-12-31</Period></Attributes><Labels type="dict"></Labels><References type="dict"></References><Calculation type="dict"></Calculation></hidden18329674><hidden18329676 type="dict"><Attributes type="dict"><Sign type="str">Positive</Sign><Measure type="str">Unit_pure</Measure><Tag type="str">gs:InvestmentsMeasurementInput</Tag><Fact type="float">0.16</Fact><Period type="str">As of 2019-12-31</Period></Attributes><Labels type="dict"></Labels><References type="dict"></References><Calculation type="dict"></Calculation></hidden18329676><hidden18329681 type="dict"><Attributes type="dict"><Sign type="str">Positive</Sign><Measure type="str">Unit_pure</Measure><Tag type="str">gs:InvestmentsMeasurementInput</Tag><Fact type="float">0.63</Fact><Period type="str">As of 2020-12-31</Period></Attributes><Labels type="dict"></Labels><References type="dict"></References><Calculation type="dict"></Calculation></hidden18329681><hidden18329683 type="dict"><Attributes type="dict"><Sign type="str">Positive</Sign><Measure type="str">Unit_pure</Measure><Tag type="str">gs:InvestmentsMeasurementInput</Tag><Fact type="float">0.61</Fact><Period type="str">As of 2019-12-31</Period></Attributes><Labels type="dict"></Labels><References type="dict"></References><Calculation type="dict"></Calculation></hidden18329683><hidden18329501 type="dict"><Attributes type="dict"><Tag type="str">us-gaap:DebtInstrumentMaturityDateRangeEnd1</Tag><Fact type="list"><item type="str">2</item><item type="str">0</item><item type="str">6</item><item type="str">5</item><item type="str">-</item><item type="str">1</item><item type="str">2</item><item type="str">-</item><item type="str">3</item><item type="str">1</item></Fact><Period type="str">2020-01-01 to 2020-01-01</Period></Attributes><Labels type="dict"></Labels><References type="dict"></References><Calculation type="dict"></Calculation></hidden18329501><hidden18329957 type="dict"><Attributes type="dict"><Tag type="str">gs:NumberOfYearsForRecoveries</Tag><Fact type="list"><item type="str">P</item><item type="str">5</item><item type="str">Y</item></Fact><Period type="str">2020-01-01 to 2020-01-01</Period></Attributes><Labels type="dict"></Labels><References type="dict"></References><Calculation type="dict"></Calculation></hidden18329957><hidden18329958 type="dict"><Attributes type="dict"><Tag type="str">gs:NumberOfYearsForRecoveries</Tag><Fact type="list"><item type="str">P</item><item type="str">8</item><item type="str">Y</item></Fact><Period type="str">2020-01-01 to 2020-01-01</Period></Attributes><Labels type="dict"></Labels><References type="dict"></References><Calculation type="dict"></Calculation></hidden18329958></root>