{"hidden18327414": {"Attributes": {"Tag": "us-gaap:DebtInstrumentMaturityDateRangeStart1", "Fact": "2025-12-31", "Period": "2020-01-01 to 2020-01-01"}, "Labels": {}, "References": {}, "Calculation": {}}, "hidden18327416": {"Attributes": {"Tag": "us-gaap:DebtInstrumentMaturityDateRangeStart1", "Fact": "2021-12-31", "Period": "2019-01-01 to 2019-01-01"}, "Labels": {}, "References": {}, "Calculation": {}}, "hidden18327415": {"Attributes": {"Tag": "us-gaap:DebtInstrumentMaturityDateRangeEnd1", "Fact": "2045-12-31", "Period": "2020-01-01 to 2020-01-01"}, "Labels": {}, "References": {}, "Calculation": {}}, "hidden18327419": {"Attributes": {"Tag": "us-gaap:DebtInstrumentMaturityDateRangeEnd1", "Fact": "2045-12-31", "Period": "2019-01-01 to 2019-01-01"}, "Labels": {}, "References": {}, "Calculation": {}}, "hidden18327926": {"Attributes": {"Tag": "gs:TimeHorizonForRiskManagementVar", "Fact": "P1D", "Period": "2020-01-01 to 2020-01-01"}, "Labels": {}, "References": {}, "Calculation": {}}, "hidden18324722": {"Attributes": {"Sign": "Positive", "Measure": "Unit_pure", "Tag": "gs:TradingCashInstrumentAssetMeasurementInput", "Fact": 0.208, "Period": "As of 2020-12-31"}, "Labels": {}, "References": {}, "Calculation": {}}, "hidden18324723": {"Attributes": {"Sign": "Positive", "Measure": "Unit_pure", "Tag": "gs:TradingCashInstrumentAssetMeasurementInput", "Fact": 0.058, "Period": "As of 2019-12-31"}, "Labels": {}, "References": {}, "Calculation": {}}, "hidden18324725": {"Attributes": {"Sign": "Positive", "Measure": "Unit_pure", "Tag": "gs:TradingCashInstrumentAssetMeasurementInput", "Fact": 0.163, "Period": "As of 2019-12-31"}, "Labels": {}, "References": {}, "Calculation": {}}, "hidden18324726": {"Attributes": {"Sign": "Positive", "Measure": "Unit_pure", "Tag": "gs:TradingCashInstrumentAssetMeasurementInput", "Fact": 0.577, "Period": "As of 2020-12-31"}, "Labels": {}, "References": {}, "Calculation": {}}, "hidden18324713": {"Attributes": {"Sign": "Positive", "Measure": "Unit_pure", "Tag": "gs:TradingCashInstrumentAssetMeasurementInput", "Fact": 0.09, "Period": "As of 2020-12-31"}, "Labels": {}, "References": {}, "Calculation": {}}, "hidden18324714": {"Attributes": {"Sign": "Positive", "Measure": "Unit_pure", "Tag": "gs:TradingCashInstrumentAssetMeasurementInput", "Fact": 0.135, "Period": "As of 2019-12-31"}, "Labels": {}, "References": {}, "Calculation": {}}, "hidden18324715": {"Attributes": {"Sign": "Positive", "Measure": "Unit_pure", "Tag": "gs:TradingCashInstrumentAssetMeasurementInput", "Fact": 0.063, "Period": "As of 2020-12-31"}, "Labels": {}, "References": {}, "Calculation": {}}, "hidden18324728": {"Attributes": {"Sign": "Positive", "Measure": "Unit_pure", "Tag": "gs:TradingCashInstrumentAssetMeasurementInput", "Fact": 0.556, "Period": "As of 2019-12-31"}, "Labels": {}, "References": {}, "Calculation": {}}, "hidden18324729": {"Attributes": {"Sign": "Positive", "Measure": "Unit_pure", "Tag": "gs:TradingCashInstrumentAssetMeasurementInput", "Fact": 0.095, "Period": "As of 2020-12-31"}, "Labels": {}, "References": {}, "Calculation": {}}, "hidden18324730": {"Attributes": {"Sign": "Positive", "Measure": "Unit_pure", "Tag": "gs:TradingCashInstrumentAssetMeasurementInput", "Fact": 0.587, "Period": "As of 2020-12-31"}, "Labels": {}, "References": {}, "Calculation": {}}, "hidden18324731": {"Attributes": {"Sign": "Positive", "Measure": "Unit_pure", "Tag": "gs:TradingCashInstrumentAssetMeasurementInput", "Fact": 0.072, "Period": "As of 2019-12-31"}, "Labels": {}, "References": {}, "Calculation": {}}, "hidden18324732": {"Attributes": {"Sign": "Positive", "Measure": "Unit_pure", "Tag": "gs:TradingCashInstrumentAssetMeasurementInput", "Fact": 0.549, "Period": "As of 2019-12-31"}, "Labels": {}, "References": {}, "Calculation": {}}, "hidden18327050": {"Attributes": {"Tag": "dei:EntityAddressStateOrProvince", "Fact": "NY", "Period": "2020-01-01 to 2020-01-01"}, "Labels": {}, "References": {}, "Calculation": {}}, "hidden18327151": {"Attributes": {"Sign": "Positive", "Measure": "Unit_pure", "Tag": "gs:OtherSecuredFinancingMeasurementInput", "Fact": 0.014, "Period": "As of 2020-12-31"}, "Labels": {}, "References": {}, "Calculation": {}}, "hidden18327152": {"Attributes": {"Sign": "Positive", "Measure": "Unit_pure", "Tag": "gs:OtherSecuredFinancingMeasurementInput", "Fact": 0.071, "Period": "As of 2020-12-31"}, "Labels": {}, "References": {}, "Calculation": {}}, "hidden18327153": {"Attributes": {"Sign": "Positive", "Measure": "Unit_pure", "Tag": "gs:OtherSecuredFinancingMeasurementInput", "Fact": 0.027, "Period": "As of 2020-12-31"}, "Labels": {}, "References": {}, "Calculation": {}}, "hidden18327154": {"Attributes": {"Sign": "Positive", "Measure": "Unit_pure", "Tag": "gs:OtherSecuredFinancingMeasurementInput", "Fact": 0.033, "Period": "As of 2019-12-31"}, "Labels": {}, "References": {}, "Calculation": {}}, "hidden18327155": {"Attributes": {"Sign": "Positive", "Measure": "Unit_pure", "Tag": "gs:OtherSecuredFinancingMeasurementInput", "Fact": 0.042, "Period": "As of 2019-12-31"}, "Labels": {}, "References": {}, "Calculation": {}}, "hidden18327156": {"Attributes": {"Sign": "Positive", "Measure": "Unit_pure", "Tag": "gs:OtherSecuredFinancingMeasurementInput", "Fact": 0.035, "Period": "As of 2019-12-31"}, "Labels": {}, "References": {}, "Calculation": {}}, "hidden18329853": {"Attributes": {"Sign": "Positive", "Measure": "Unit_pure", "Tag": "gs:LoansReceivableMeasurementInput", "Fact": 0.124, "Period": "As of 2020-12-31"}, "Labels": {}, "References": {}, "Calculation": {}}, "hidden18329854": {"Attributes": {"Sign": "Positive", "Measure": "Unit_pure", "Tag": "gs:LoansReceivableMeasurementInput", "Fact": 0.095, "Period": "As of 2019-12-31"}, "Labels": {}, "References": {}, "Calculation": {}}, "hidden18329855": {"Attributes": {"Sign": "Positive", "Measure": "Unit_pure", "Tag": "gs:LoansReceivableMeasurementInput", "Fact": 0.31, "Period": "As of 2020-12-31"}, "Labels": {}, "References": {}, "Calculation": {}}, "hidden18329856": {"Attributes": {"Sign": "Positive", "Measure": "Unit_pure", "Tag": "gs:LoansReceivableMeasurementInput", "Fact": 0.444, "Period": "As of 2019-12-31"}, "Labels": {}, "References": {}, "Calculation": {}}, "hidden18329857": {"Attributes": {"Sign": "Positive", "Measure": "Unit_pure", "Tag": "gs:LoansReceivableMeasurementInput", "Fact": 0.11, "Period": "As of 2020-12-31"}, "Labels": {}, "References": {}, "Calculation": {}}, "hidden18329858": {"Attributes": {"Sign": "Positive", "Measure": "Unit_pure", "Tag": "gs:LoansReceivableMeasurementInput", "Fact": 0.093, "Period": "As of 2019-12-31"}, "Labels": {}, "References": {}, "Calculation": {}}, "hidden18329859": {"Attributes": {"Sign": "Positive", "Measure": "Unit_pure", "Tag": "gs:LoansReceivableMeasurementInput", "Fact": 0.665, "Period": "As of 2020-12-31"}, "Labels": {}, "References": {}, "Calculation": {}}, "hidden18329860": {"Attributes": {"Sign": "Positive", "Measure": "Unit_pure", "Tag": "gs:LoansReceivableMeasurementInput", "Fact": 0.486, "Period": "As of 2019-12-31"}, "Labels": {}, "References": {}, "Calculation": {}}, "hidden18329861": {"Attributes": {"Sign": "Positive", "Measure": "Unit_pure", "Tag": "gs:LoansReceivableMeasurementInput", "Fact": 0.121, "Period": "As of 2020-12-31"}, "Labels": {}, "References": {}, "Calculation": {}}, "hidden18329862": {"Attributes": {"Sign": "Positive", "Measure": "Unit_pure", "Tag": "gs:LoansReceivableMeasurementInput", "Fact": 0.115, "Period": "As of 2019-12-31"}, "Labels": {}, "References": {}, "Calculation": {}}, "hidden18329863": {"Attributes": {"Sign": "Positive", "Measure": "Unit_pure", "Tag": "gs:LoansReceivableMeasurementInput", "Fact": 0.08, "Period": "As of 2020-12-31"}, "Labels": {}, "References": {}, "Calculation": {}}, "hidden18329865": {"Attributes": {"Sign": "Positive", "Measure": "Unit_pure", "Tag": "gs:LoansReceivableMeasurementInput", "Fact": 0.099, "Period": "As of 2019-12-31"}, "Labels": {}, "References": {}, "Calculation": {}}, "hidden18329668": {"Attributes": {"Sign": "Positive", "Measure": "Unit_pure", "Tag": "gs:InvestmentsMeasurementInput", "Fact": 0.102, "Period": "As of 2020-12-31"}, "Labels": {}, "References": {}, "Calculation": {}}, "hidden18329669": {"Attributes": {"Sign": "Positive", "Measure": "Unit_pure", "Tag": "gs:InvestmentsMeasurementInput", "Fact": 0.12, "Period": "As of 2019-12-31"}, "Labels": {}, "References": {}, "Calculation": {}}, "hidden18329674": {"Attributes": {"Sign": "Positive", "Measure": "Unit_pure", "Tag": "gs:InvestmentsMeasurementInput", "Fact": 0.175, "Period": "As of 2020-12-31"}, "Labels": {}, "References": {}, "Calculation": {}}, "hidden18329676": {"Attributes": {"Sign": "Positive", "Measure": "Unit_pure", "Tag": "gs:InvestmentsMeasurementInput", "Fact": 0.16, "Period": "As of 2019-12-31"}, "Labels": {}, "References": {}, "Calculation": {}}, "hidden18329681": {"Attributes": {"Sign": "Positive", "Measure": "Unit_pure", "Tag": "gs:InvestmentsMeasurementInput", "Fact": 0.63, "Period": "As of 2020-12-31"}, "Labels": {}, "References": {}, "Calculation": {}}, "hidden18329683": {"Attributes": {"Sign": "Positive", "Measure": "Unit_pure", "Tag": "gs:InvestmentsMeasurementInput", "Fact": 0.61, "Period": "As of 2019-12-31"}, "Labels": {}, "References": {}, "Calculation": {}}, "hidden18329501": {"Attributes": {"Tag": "us-gaap:DebtInstrumentMaturityDateRangeEnd1", "Fact": "2065-12-31", "Period": "2020-01-01 to 2020-01-01"}, "Labels": {}, "References": {}, "Calculation": {}}, "hidden18329957": {"Attributes": {"Tag": "gs:NumberOfYearsForRecoveries", "Fact": "P5Y", "Period": "2020-01-01 to 2020-01-01"}, "Labels": {}, "References": {}, "Calculation": {}}, "hidden18329958": {"Attributes": {"Tag": "gs:NumberOfYearsForRecoveries", "Fact": "P8Y", "Period": "2020-01-01 to 2020-01-01"}, "Labels": {}, "References": {}, "Calculation": {}}}