{"hidden20817347": {"Attributes": {"Tag": "dei:EntityRegistrantName", "Fact": "ICAD INC ", "Period": "2021-01-01 to 2021-01-01"}, "Labels": {}, "References": {}, "Calculation": {}}, "hidden20817515": {"Attributes": {"Tag": "dei:EntityCurrentReportingStatus", "Fact": "Yes", "Period": "2021-01-01 to 2021-01-01"}, "Labels": {}, "References": {}, "Calculation": {}}, "hidden20817514": {"Attributes": {"Tag": "dei:EntityAddressStateOrProvince", "Fact": "NH", "Period": "2021-01-01 to 2021-01-01"}, "Labels": {}, "References": {}, "Calculation": {}}, "hidden20817516": {"Attributes": {"Tag": "dei:EntityInteractiveDataCurrent", "Fact": "Yes", "Period": "2021-01-01 to 2021-01-01"}, "Labels": {}, "References": {}, "Calculation": {}}, "Fact_20817198": {"Attributes": {"Format": "numdotdecimal", "Sign": "Positive", "Measure": "Unit_pure", "Scale": "0", "Tag": "us-gaap:DebtInstrumentMeasurementInput", "Fact": 100.0, "Period": "As of 2019-12-31"}, "Labels": {}, "References": {}, "Calculation": {}}, "Fact_20817199": {"Attributes": {"Format": "numdotdecimal", "Sign": "Positive", "Measure": "Unit_pure", "Scale": "0", "Tag": "us-gaap:DebtInstrumentMeasurementInput", "Fact": 100.0, "Period": "As of 2020-02-21"}, "Labels": {}, "References": {}, "Calculation": {}}}