<?xml version="1.0" encoding="UTF-8" ?><root><hidden20817347 type="dict"><Attributes type="dict"><Tag type="str">dei:EntityRegistrantName</Tag><Fact type="list"><item type="str">I</item><item type="str">C</item><item type="str">A</item><item type="str">D</item><item type="str"> </item><item type="str">I</item><item type="str">N</item><item type="str">C</item><item type="str"> </item></Fact><Period type="str">2021-01-01 to 2021-01-01</Period></Attributes><Labels type="dict"></Labels><References type="dict"></References><Calculation type="dict"></Calculation></hidden20817347><hidden20817515 type="dict"><Attributes type="dict"><Tag type="str">dei:EntityCurrentReportingStatus</Tag><Fact type="list"><item type="str">Y</item><item type="str">e</item><item type="str">s</item></Fact><Period type="str">2021-01-01 to 2021-01-01</Period></Attributes><Labels type="dict"></Labels><References type="dict"></References><Calculation type="dict"></Calculation></hidden20817515><hidden20817514 type="dict"><Attributes type="dict"><Tag type="str">dei:EntityAddressStateOrProvince</Tag><Fact type="list"><item type="str">N</item><item type="str">H</item></Fact><Period type="str">2021-01-01 to 2021-01-01</Period></Attributes><Labels type="dict"></Labels><References type="dict"></References><Calculation type="dict"></Calculation></hidden20817514><hidden20817516 type="dict"><Attributes type="dict"><Tag type="str">dei:EntityInteractiveDataCurrent</Tag><Fact type="list"><item type="str">Y</item><item type="str">e</item><item type="str">s</item></Fact><Period type="str">2021-01-01 to 2021-01-01</Period></Attributes><Labels type="dict"></Labels><References type="dict"></References><Calculation type="dict"></Calculation></hidden20817516><Fact_20817198 type="dict"><Attributes type="dict"><Format type="str">numdotdecimal</Format><Sign type="str">Positive</Sign><Measure type="str">Unit_pure</Measure><Scale type="str">0</Scale><Tag type="str">us-gaap:DebtInstrumentMeasurementInput</Tag><Fact type="float">100.0</Fact><Period type="str">As of 2019-12-31</Period></Attributes><Labels type="dict"></Labels><References type="dict"></References><Calculation type="dict"></Calculation></Fact_20817198><Fact_20817199 type="dict"><Attributes type="dict"><Format type="str">numdotdecimal</Format><Sign type="str">Positive</Sign><Measure type="str">Unit_pure</Measure><Scale type="str">0</Scale><Tag type="str">us-gaap:DebtInstrumentMeasurementInput</Tag><Fact type="float">100.0</Fact><Period type="str">As of 2020-02-21</Period></Attributes><Labels type="dict"></Labels><References type="dict"></References><Calculation type="dict"></Calculation></Fact_20817199></root>