{"hidden21251633": {"Attributes": {"Tag": "mmi:IPOCompletionDate", "Fact": "2013-11-05", "Period": "2021-01-01 to 2021-01-01"}, "Labels": {}, "References": {}, "Calculation": {}}, "hidden21252130": {"Attributes": {"Tag": "mmi:DeferredCompensationLiabilityMinimumPayoutPeriod", "Fact": "P2Y", "Period": "2021-01-01 to 2021-01-01"}, "Labels": {}, "References": {}, "Calculation": {}}, "hidden21252409": {"Attributes": {"Tag": "mmi:BusinessCombinationContingentDeferredConsiderationArrangementsEarnOutPeriod", "Fact": "P1Y", "Period": "2021-01-01 to 2021-01-01"}, "Labels": {}, "References": {}, "Calculation": {}}, "hidden21252413": {"Attributes": {"Sign": "Positive", "Measure": "Unit_pure", "Tag": "us-gaap:ServicingAssetMeasurementInput", "Fact": 0.1, "Period": "As of 2021-03-31"}, "Labels": {}, "References": {}, "Calculation": {}}, "Fact_21251485": {"Attributes": {"Format": "numdotdecimal", "Sign": "Positive", "Measure": "Unit_USD", "Scale": "3", "Tag": "mmi:TenanantImprovemntsOwnedByLessor", "Fact": 55.0, "Period": "2021-01-01 to 2021-01-01"}, "Labels": {}, "References": {}, "Calculation": {}}, "Fact_21251486": {"Attributes": {"Format": "numdotdecimal", "Sign": "Positive", "Measure": "Unit_USD", "Scale": "3", "Tag": "mmi:TenanantImprovemntsOwnedByLessor", "Fact": 317.0, "Period": "2020-01-01 to 2020-01-01"}, "Labels": {}, "References": {}, "Calculation": {}}}