<?xml version="1.0" encoding="UTF-8" ?><root><hidden21251633 type="dict"><Attributes type="dict"><Tag type="str">mmi:IPOCompletionDate</Tag><Fact type="list"><item type="str">2</item><item type="str">0</item><item type="str">1</item><item type="str">3</item><item type="str">-</item><item type="str">1</item><item type="str">1</item><item type="str">-</item><item type="str">0</item><item type="str">5</item></Fact><Period type="str">2021-01-01 to 2021-01-01</Period></Attributes><Labels type="dict"></Labels><References type="dict"></References><Calculation type="dict"></Calculation></hidden21251633><hidden21252130 type="dict"><Attributes type="dict"><Tag type="str">mmi:DeferredCompensationLiabilityMinimumPayoutPeriod</Tag><Fact type="list"><item type="str">P</item><item type="str">2</item><item type="str">Y</item></Fact><Period type="str">2021-01-01 to 2021-01-01</Period></Attributes><Labels type="dict"></Labels><References type="dict"></References><Calculation type="dict"></Calculation></hidden21252130><hidden21252409 type="dict"><Attributes type="dict"><Tag type="str">mmi:BusinessCombinationContingentDeferredConsiderationArrangementsEarnOutPeriod</Tag><Fact type="list"><item type="str">P</item><item type="str">1</item><item type="str">Y</item></Fact><Period type="str">2021-01-01 to 2021-01-01</Period></Attributes><Labels type="dict"></Labels><References type="dict"></References><Calculation type="dict"></Calculation></hidden21252409><hidden21252413 type="dict"><Attributes type="dict"><Sign type="str">Positive</Sign><Measure type="str">Unit_pure</Measure><Tag type="str">us-gaap:ServicingAssetMeasurementInput</Tag><Fact type="float">0.1</Fact><Period type="str">As of 2021-03-31</Period></Attributes><Labels type="dict"></Labels><References type="dict"></References><Calculation type="dict"></Calculation></hidden21252413><Fact_21251485 type="dict"><Attributes type="dict"><Format type="str">numdotdecimal</Format><Sign type="str">Positive</Sign><Measure type="str">Unit_USD</Measure><Scale type="str">3</Scale><Tag type="str">mmi:TenanantImprovemntsOwnedByLessor</Tag><Fact type="float">55.0</Fact><Period type="str">2021-01-01 to 2021-01-01</Period></Attributes><Labels type="dict"></Labels><References type="dict"></References><Calculation type="dict"></Calculation></Fact_21251485><Fact_21251486 type="dict"><Attributes type="dict"><Format type="str">numdotdecimal</Format><Sign type="str">Positive</Sign><Measure type="str">Unit_USD</Measure><Scale type="str">3</Scale><Tag type="str">mmi:TenanantImprovemntsOwnedByLessor</Tag><Fact type="float">317.0</Fact><Period type="str">2020-01-01 to 2020-01-01</Period></Attributes><Labels type="dict"></Labels><References type="dict"></References><Calculation type="dict"></Calculation></Fact_21251486></root>