{"hidden18591266": {"Attributes": {"Tag": "us-gaap:OperatingLeaseLiabilityStatementOfFinancialPositionExtensibleList", "Fact": "us-gaap:OperatingLeaseLiability", "Period": "As of 2020-12-31"}, "Labels": {}, "References": {}, "Calculation": {}}, "hidden18587403": {"Attributes": {"Tag": "us-gaap:ShareBasedCompensationArrangementByShareBasedPaymentAwardAwardVestingPeriod1", "Fact": "P3Y", "Period": "2020-01-01 to 2020-01-01"}, "Labels": {}, "References": {}, "Calculation": {}}, "Fact_18587269": {"Attributes": {"Format": "numdotdecimal", "Sign": "Positive", "Measure": "Unit_USD", "Scale": "6", "Tag": "us-gaap:FinancialGuaranteeInsuranceContractsPremiumsReceivableAccretionOfDiscountOnPremiumReceivable", "Fact": 6.0, "Period": "2020-01-01 to 2020-01-01"}, "Labels": {}, "References": {}, "Calculation": {}}, "Fact_18587270": {"Attributes": {"Format": "numdotdecimal", "Sign": "Positive", "Measure": "Unit_USD", "Scale": "6", "Tag": "us-gaap:FinancialGuaranteeInsuranceContractsPremiumsReceivableAdjustmentOtherAdjustments", "Fact": 8.0, "Period": "2020-01-01 to 2020-01-01"}, "Labels": {}, "References": {}, "Calculation": {}}, "Fact_18585857": {"Attributes": {"Format": "numdotdecimal", "Sign": "Positive", "Measure": "Unit_USD", "Scale": "6", "Tag": "us-gaap:FinancialGuaranteeInsuranceContractsPremiumsReceivableAccretionOfDiscountOnPremiumReceivable", "Fact": 7.0, "Period": "2019-01-01 to 2019-01-01"}, "Labels": {}, "References": {}, "Calculation": {}}, "Fact_18585858": {"Attributes": {"Format": "numdotdecimal", "Sign": "Positive", "Measure": "Unit_USD", "Scale": "6", "Tag": "us-gaap:FinancialGuaranteeInsuranceContractsPremiumsReceivableAdjustmentOtherAdjustments", "Fact": 7.0, "Period": "2019-01-01 to 2019-01-01"}, "Labels": {}, "References": {}, "Calculation": {}}, "Fact_18584144": {"Attributes": {"Format": "numdotdecimal", "Sign": "Positive", "Measure": "Unit_USD", "Scale": "6", "Tag": "us-gaap:LiabilityForClaimsAndClaimsAdjustmentExpense", "Fact": 469.0, "Period": "As of 2020-12-31"}, "Labels": {}, "References": {}, "Calculation": {}}, "Fact_18584146": {"Attributes": {"Format": "numdotdecimal", "Sign": "Positive", "Measure": "Unit_USD", "Scale": "6", "Tag": "us-gaap:LiabilityForClaimsAndClaimsAdjustmentExpense", "Fact": 432.0, "Period": "As of 2019-12-31"}, "Labels": {}, "References": {}, "Calculation": {}}, "Fact_18584147": {"Attributes": {"Format": "numdotdecimal", "Sign": "Positive", "Measure": "Unit_USD", "Scale": "6", "Tag": "mbi:InsuranceLossRecoverable", "Fact": 1082.0, "Period": "As of 2020-12-31"}, "Labels": {}, "References": {}, "Calculation": {}}, "Fact_18584148": {"Attributes": {"Format": "numdotdecimal", "Sign": "Positive", "Measure": "Unit_USD", "Scale": "6", "Tag": "us-gaap:LiabilityForClaimsAndClaimsAdjustmentExpense", "Fact": 780.0, "Period": "As of 2020-12-31"}, "Labels": {}, "References": {}, "Calculation": {}}, "Fact_18584149": {"Attributes": {"Format": "numdotdecimal", "Sign": "Positive", "Measure": "Unit_USD", "Scale": "6", "Tag": "mbi:InsuranceLossRecoverable", "Fact": 1286.0, "Period": "As of 2019-12-31"}, "Labels": {}, "References": {}, "Calculation": {}}, "Fact_18584150": {"Attributes": {"Format": "numdotdecimal", "Sign": "Positive", "Measure": "Unit_USD", "Scale": "6", "Tag": "us-gaap:LiabilityForClaimsAndClaimsAdjustmentExpense", "Fact": 749.0, "Period": "As of 2019-12-31"}, "Labels": {}, "References": {}, "Calculation": {}}, "Fact_18584151": {"Attributes": {"Format": "numdotdecimal", "Sign": "Negative", "Measure": "Unit_USD", "Scale": "6", "Tag": "mbi:InsuranceLossRecoverable", "Fact": 625.0, "Period": "As of 2020-12-31"}, "Labels": {}, "References": {}, "Calculation": {}}, "Fact_18584152": {"Attributes": {"Format": "numdotdecimal", "Sign": "Negative", "Measure": "Unit_USD", "Scale": "6", "Tag": "us-gaap:LiabilityForClaimsAndClaimsAdjustmentExpense", "Fact": 259.0, "Period": "As of 2020-12-31"}, "Labels": {}, "References": {}, "Calculation": {}}, "Fact_18584153": {"Attributes": {"Format": "numdotdecimal", "Sign": "Negative", "Measure": "Unit_USD", "Scale": "6", "Tag": "mbi:InsuranceLossRecoverable", "Fact": 503.0, "Period": "As of 2019-12-31"}, "Labels": {}, "References": {}, "Calculation": {}}, "Fact_18584154": {"Attributes": {"Format": "numdotdecimal", "Sign": "Negative", "Measure": "Unit_USD", "Scale": "6", "Tag": "us-gaap:LiabilityForClaimsAndClaimsAdjustmentExpense", "Fact": 280.0, "Period": "As of 2019-12-31"}, "Labels": {}, "References": {}, "Calculation": {}}, "Fact_18584156": {"Attributes": {"Format": "numdotdecimal", "Sign": "Positive", "Measure": "Unit_USD", "Scale": "6", "Tag": "us-gaap:LiabilityForClaimsAndClaimsAdjustmentExpense", "Fact": 521.0, "Period": "As of 2020-12-31"}, "Labels": {}, "References": {}, "Calculation": {}}, "Fact_18584158": {"Attributes": {"Format": "numdotdecimal", "Sign": "Positive", "Measure": "Unit_USD", "Scale": "6", "Tag": "us-gaap:LiabilityForClaimsAndClaimsAdjustmentExpense", "Fact": 469.0, "Period": "As of 2019-12-31"}, "Labels": {}, "References": {}, "Calculation": {}}, "Fact_18584160": {"Attributes": {"Format": "numdotdecimal", "Sign": "Positive", "Measure": "Unit_USD", "Scale": "6", "Tag": "us-gaap:LiabilityForClaimsAndClaimsAdjustmentExpense", "Fact": 990.0, "Period": "As of 2020-12-31"}, "Labels": {}, "References": {}, "Calculation": {}}, "Fact_18584162": {"Attributes": {"Format": "numdotdecimal", "Sign": "Positive", "Measure": "Unit_USD", "Scale": "6", "Tag": "us-gaap:LiabilityForClaimsAndClaimsAdjustmentExpense", "Fact": 901.0, "Period": "As of 2019-12-31"}, "Labels": {}, "References": {}, "Calculation": {}}, "Fact_18585425": {"Attributes": {"Format": "numdotdecimal", "Sign": "Positive", "Measure": "Unit_USD", "Scale": "6", "Tag": "us-gaap:LiabilityForClaimsAndClaimsAdjustmentExpense", "Fact": 901.0, "Period": "As of 2019-12-31"}, "Labels": {}, "References": {}, "Calculation": {}}, "Fact_18584168": {"Attributes": {"Format": "numdotdecimal", "Sign": "Positive", "Measure": "Unit_USD", "Scale": "6", "Tag": "us-gaap:LiabilityForClaimsAndClaimsAdjustmentExpense", "Fact": 990.0, "Period": "As of 2020-12-31"}, "Labels": {}, "References": {}, "Calculation": {}}, "Fact_18585426": {"Attributes": {"Format": "numdotdecimal", "Sign": "Positive", "Measure": "Unit_USD", "Scale": "6", "Tag": "us-gaap:LiabilityForClaimsAndClaimsAdjustmentExpense", "Fact": 965.0, "Period": "As of 2018-12-31"}, "Labels": {}, "References": {}, "Calculation": {}}, "Fact_18585427": {"Attributes": {"Format": "numdotdecimal", "Sign": "Positive", "Measure": "Unit_USD", "Scale": "6", "Tag": "us-gaap:LiabilityForClaimsAndClaimsAdjustmentExpense", "Fact": 901.0, "Period": "As of 2019-12-31"}, "Labels": {}, "References": {}, "Calculation": {}}, "Fact_18584178": {"Attributes": {"Format": "numdotdecimal", "Sign": "Negative", "Measure": "Unit_USD", "Scale": "6", "Tag": "mbi:InsuranceLossRecoverableAndChangesInRecoveriesOfUnpaidLossesChangeInAssumptions", "Fact": 94.0, "Period": "2020-01-01 to 2020-01-01"}, "Labels": {}, "References": {}, "Calculation": {}}, "Fact_18584182": {"Attributes": {"Format": "numdotdecimal", "Sign": "Positive", "Measure": "Unit_USD", "Scale": "6", "Tag": "mbi:InsuranceLossRecoverableAndChangesInRecoveriesOfUnpaidLossesChangeInAssumptions", "Fact": 105.0, "Period": "2019-01-01 to 2019-01-01"}, "Labels": {}, "References": {}, "Calculation": {}}, "Fact_18584183": {"Attributes": {"Format": "numdotdecimal", "Sign": "Positive", "Measure": "Unit_USD", "Scale": "6", "Tag": "mbi:InsuranceLossRecoverableAndChangesInRecoveriesOfUnpaidLossesOther", "Fact": 37.0, "Period": "2019-01-01 to 2019-01-01"}, "Labels": {}, "References": {}, "Calculation": {}}, "Fact_18584192": {"Attributes": {"Format": "numdotdecimal", "Sign": "Positive", "Measure": "Unit_issue", "Scale": "0", "Tag": "us-gaap:ScheduleOfInsuredFinancialObligationsWithCreditDeteriorationNumberOfContractsIssuedAndOutstanding", "Fact": 16.0, "Period": "As of 2020-12-31"}, "Labels": {}, "References": {}, "Calculation": {}}, "Fact_18584193": {"Attributes": {"Format": "numdotdecimal", "Sign": "Positive", "Measure": "Unit_issue", "Scale": "0", "Tag": "us-gaap:ScheduleOfInsuredFinancialObligationsWithCreditDeteriorationNumberOfContractsIssuedAndOutstanding", "Fact": 3.0, "Period": "As of 2020-12-31"}, "Labels": {}, "References": {}, "Calculation": {}}, "Fact_18584194": {"Attributes": {"Format": "zerodash", "Sign": "Positive", "Measure": "Unit_issue", "Scale": "0", "Tag": "us-gaap:ScheduleOfInsuredFinancialObligationsWithCreditDeteriorationNumberOfContractsIssuedAndOutstanding", "Fact": "\u2014", "Period": "As of 2020-12-31"}, "Labels": {}, "References": {}, "Calculation": {}}, "Fact_18584195": {"Attributes": {"Format": "numdotdecimal", "Sign": "Positive", "Measure": "Unit_issue", "Scale": "0", "Tag": "us-gaap:ScheduleOfInsuredFinancialObligationsWithCreditDeteriorationNumberOfContractsIssuedAndOutstanding", "Fact": 100.0, "Period": "As of 2020-12-31"}, "Labels": {}, "References": {}, "Calculation": {}}, "Fact_18584196": {"Attributes": {"Format": "numdotdecimal", "Sign": "Positive", "Measure": "Unit_issue", "Scale": "0", "Tag": "us-gaap:ScheduleOfInsuredFinancialObligationsWithCreditDeteriorationNumberOfContractsIssuedAndOutstanding", "Fact": 119.0, "Period": "As of 2020-12-31"}, "Labels": {}, "References": {}, "Calculation": {}}, "Fact_18584202": {"Attributes": {"Format": "numdotdecimal", "Sign": "Positive", "Measure": "Unit_USD", "Scale": "6", "Tag": "us-gaap:ScheduleOfInsuredFinancialObligationsWithCreditDeteriorationInsuredContractualPaymentsOutstandingPrincipal", "Fact": 1422.0, "Period": "As of 2020-12-31"}, "Labels": {}, "References": {}, "Calculation": {}}, "Fact_18584203": {"Attributes": {"Format": "numdotdecimal", "Sign": "Positive", "Measure": "Unit_USD", "Scale": "6", "Tag": "us-gaap:ScheduleOfInsuredFinancialObligationsWithCreditDeteriorationInsuredContractualPaymentsOutstandingPrincipal", "Fact": 123.0, "Period": "As of 2020-12-31"}, "Labels": {}, "References": {}, "Calculation": {}}, "Fact_18584204": {"Attributes": {"Format": "zerodash", "Sign": "Positive", "Measure": "Unit_USD", "Scale": "6", "Tag": "us-gaap:ScheduleOfInsuredFinancialObligationsWithCreditDeteriorationInsuredContractualPaymentsOutstandingPrincipal", "Fact": "\u2014", "Period": "As of 2020-12-31"}, "Labels": {}, "References": {}, "Calculation": {}}, "Fact_18584205": {"Attributes": {"Format": "numdotdecimal", "Sign": "Positive", "Measure": "Unit_USD", "Scale": "6", "Tag": "us-gaap:ScheduleOfInsuredFinancialObligationsWithCreditDeteriorationInsuredContractualPaymentsOutstandingPrincipal", "Fact": 3302.0, "Period": "As of 2020-12-31"}, "Labels": {}, "References": {}, "Calculation": {}}, "Fact_18584206": {"Attributes": {"Format": "numdotdecimal", "Sign": "Positive", "Measure": "Unit_USD", "Scale": "6", "Tag": "us-gaap:ScheduleOfInsuredFinancialObligationsWithCreditDeteriorationInsuredContractualPaymentsOutstandingPrincipal", "Fact": 4847.0, "Period": "As of 2020-12-31"}, "Labels": {}, "References": {}, "Calculation": {}}, "Fact_18584207": {"Attributes": {"Format": "numdotdecimal", "Sign": "Positive", "Measure": "Unit_USD", "Scale": "6", "Tag": "us-gaap:ScheduleOfInsuredFinancialObligationsWithCreditDeteriorationInsuredContractualPaymentsOutstandingInterest", "Fact": 1974.0, "Period": "As of 2020-12-31"}, "Labels": {}, "References": {}, "Calculation": {}}, "Fact_18584208": {"Attributes": {"Format": "numdotdecimal", "Sign": "Positive", "Measure": "Unit_USD", "Scale": "6", "Tag": "us-gaap:ScheduleOfInsuredFinancialObligationsWithCreditDeteriorationInsuredContractualPaymentsOutstandingInterest", "Fact": 54.0, "Period": "As of 2020-12-31"}, "Labels": {}, "References": {}, "Calculation": {}}, "Fact_18584209": {"Attributes": {"Format": "zerodash", "Sign": "Positive", "Measure": "Unit_USD", "Scale": "6", "Tag": "us-gaap:ScheduleOfInsuredFinancialObligationsWithCreditDeteriorationInsuredContractualPaymentsOutstandingInterest", "Fact": "\u2014", "Period": "As of 2020-12-31"}, "Labels": {}, "References": {}, "Calculation": {}}, "Fact_18584210": {"Attributes": {"Format": "numdotdecimal", "Sign": "Positive", "Measure": "Unit_USD", "Scale": "6", "Tag": "us-gaap:ScheduleOfInsuredFinancialObligationsWithCreditDeteriorationInsuredContractualPaymentsOutstandingInterest", "Fact": 1441.0, "Period": "As of 2020-12-31"}, "Labels": {}, "References": {}, "Calculation": {}}, "Fact_18584211": {"Attributes": {"Format": "numdotdecimal", "Sign": "Positive", "Measure": "Unit_USD", "Scale": "6", "Tag": "us-gaap:ScheduleOfInsuredFinancialObligationsWithCreditDeteriorationInsuredContractualPaymentsOutstandingInterest", "Fact": 3469.0, "Period": "As of 2020-12-31"}, "Labels": {}, "References": {}, "Calculation": {}}, "Fact_18584217": {"Attributes": {"Format": "zerodash", "Sign": "Positive", "Measure": "Unit_USD", "Scale": "6", "Tag": "us-gaap:ScheduleOfInsuredFinancialObligationsWithCreditDeteriorationGrossClaimLiability", "Fact": "\u2014", "Period": "As of 2020-12-31"}, "Labels": {}, "References": {}, "Calculation": {}}, "Fact_18584218": {"Attributes": {"Format": "zerodash", "Sign": "Positive", "Measure": "Unit_USD", "Scale": "6", "Tag": "us-gaap:ScheduleOfInsuredFinancialObligationsWithCreditDeteriorationGrossClaimLiability", "Fact": "\u2014", "Period": "As of 2020-12-31"}, "Labels": {}, "References": {}, "Calculation": {}}, "Fact_18584219": {"Attributes": {"Format": "zerodash", "Sign": "Positive", "Measure": "Unit_USD", "Scale": "6", "Tag": "us-gaap:ScheduleOfInsuredFinancialObligationsWithCreditDeteriorationGrossClaimLiability", "Fact": "\u2014", "Period": "As of 2020-12-31"}, "Labels": {}, "References": {}, "Calculation": {}}, "Fact_18584220": {"Attributes": {"Format": "numdotdecimal", "Sign": "Positive", "Measure": "Unit_USD", "Scale": "6", "Tag": "us-gaap:ScheduleOfInsuredFinancialObligationsWithCreditDeteriorationGrossClaimLiability", "Fact": 1088.0, "Period": "As of 2020-12-31"}, "Labels": {}, "References": {}, "Calculation": {}}, "Fact_18584221": {"Attributes": {"Format": "numdotdecimal", "Sign": "Positive", "Measure": "Unit_USD", "Scale": "6", "Tag": "us-gaap:ScheduleOfInsuredFinancialObligationsWithCreditDeteriorationGrossClaimLiability", "Fact": 1088.0, "Period": "As of 2020-12-31"}, "Labels": {}, "References": {}, "Calculation": {}}, "Fact_18584222": {"Attributes": {"Format": "zerodash", "Sign": "Positive", "Measure": "Unit_USD", "Scale": "6", "Tag": "us-gaap:ScheduleOfInsuredFinancialObligationsWithCreditDeteriorationReductionsOfGrossClaimLiabilityGrossPotentialRecoveries", "Fact": "\u2014", "Period": "As of 2020-12-31"}, "Labels": {}, "References": {}, "Calculation": {}}, "Fact_18584223": {"Attributes": {"Format": "zerodash", "Sign": "Positive", "Measure": "Unit_USD", "Scale": "6", "Tag": "us-gaap:ScheduleOfInsuredFinancialObligationsWithCreditDeteriorationReductionsOfGrossClaimLiabilityGrossPotentialRecoveries", "Fact": "\u2014", "Period": "As of 2020-12-31"}, "Labels": {}, "References": {}, "Calculation": {}}, "Fact_18584224": {"Attributes": {"Format": "zerodash", "Sign": "Positive", "Measure": "Unit_USD", "Scale": "6", "Tag": "us-gaap:ScheduleOfInsuredFinancialObligationsWithCreditDeteriorationReductionsOfGrossClaimLiabilityGrossPotentialRecoveries", "Fact": "\u2014", "Period": "As of 2020-12-31"}, "Labels": {}, "References": {}, "Calculation": {}}, "Fact_18584225": {"Attributes": {"Format": "numdotdecimal", "Sign": "Positive", "Measure": "Unit_USD", "Scale": "6", "Tag": "us-gaap:ScheduleOfInsuredFinancialObligationsWithCreditDeteriorationReductionsOfGrossClaimLiabilityGrossPotentialRecoveries", "Fact": 1947.0, "Period": "As of 2020-12-31"}, "Labels": {}, "References": {}, "Calculation": {}}, "Fact_18584226": {"Attributes": {"Format": "numdotdecimal", "Sign": "Positive", "Measure": "Unit_USD", "Scale": "6", "Tag": "us-gaap:ScheduleOfInsuredFinancialObligationsWithCreditDeteriorationReductionsOfGrossClaimLiabilityGrossPotentialRecoveries", "Fact": 1947.0, "Period": "As of 2020-12-31"}, "Labels": {}, "References": {}, "Calculation": {}}, "Fact_18584227": {"Attributes": {"Format": "zerodash", "Sign": "Positive", "Measure": "Unit_USD", "Scale": "6", "Tag": "us-gaap:ScheduleOfInsuredFinancialObligationsWithCreditDeteriorationReductionsOfGrossClaimLiabilityNetDiscount", "Fact": "\u2014", "Period": "As of 2020-12-31"}, "Labels": {}, "References": {}, "Calculation": {}}, "Fact_18584228": {"Attributes": {"Format": "zerodash", "Sign": "Positive", "Measure": "Unit_USD", "Scale": "6", "Tag": "us-gaap:ScheduleOfInsuredFinancialObligationsWithCreditDeteriorationReductionsOfGrossClaimLiabilityNetDiscount", "Fact": "\u2014", "Period": "As of 2020-12-31"}, "Labels": {}, "References": {}, "Calculation": {}}, "Fact_18584229": {"Attributes": {"Format": "zerodash", "Sign": "Positive", "Measure": "Unit_USD", "Scale": "6", "Tag": "us-gaap:ScheduleOfInsuredFinancialObligationsWithCreditDeteriorationReductionsOfGrossClaimLiabilityNetDiscount", "Fact": "\u2014", "Period": "As of 2020-12-31"}, "Labels": {}, "References": {}, "Calculation": {}}, "Fact_18584230": {"Attributes": {"Format": "numdotdecimal", "Sign": "Positive", "Measure": "Unit_USD", "Scale": "6", "Tag": "us-gaap:ScheduleOfInsuredFinancialObligationsWithCreditDeteriorationReductionsOfGrossClaimLiabilityNetDiscount", "Fact": 173.0, "Period": "As of 2020-12-31"}, "Labels": {}, "References": {}, "Calculation": {}}, "Fact_18584231": {"Attributes": {"Format": "numdotdecimal", "Sign": "Positive", "Measure": "Unit_USD", "Scale": "6", "Tag": "us-gaap:ScheduleOfInsuredFinancialObligationsWithCreditDeteriorationReductionsOfGrossClaimLiabilityNetDiscount", "Fact": 173.0, "Period": "As of 2020-12-31"}, "Labels": {}, "References": {}, "Calculation": {}}, "Fact_18584242": {"Attributes": {"Format": "numdotdecimal", "Sign": "Positive", "Measure": "Unit_USD", "Scale": "6", "Tag": "us-gaap:ReinsuranceRecoverablesOnPaidAndUnpaidLosses", "Fact": 11.0, "Period": "As of 2020-12-31"}, "Labels": {}, "References": {}, "Calculation": {}}, "Fact_18584248": {"Attributes": {"Format": "numdotdecimal", "Sign": "Positive", "Measure": "Unit_issue", "Scale": "0", "Tag": "us-gaap:ScheduleOfInsuredFinancialObligationsWithCreditDeteriorationNumberOfContractsIssuedAndOutstanding", "Fact": 13.0, "Period": "As of 2019-12-31"}, "Labels": {}, "References": {}, "Calculation": {}}, "Fact_18584249": {"Attributes": {"Format": "numdotdecimal", "Sign": "Positive", "Measure": "Unit_issue", "Scale": "0", "Tag": "us-gaap:ScheduleOfInsuredFinancialObligationsWithCreditDeteriorationNumberOfContractsIssuedAndOutstanding", "Fact": 5.0, "Period": "As of 2019-12-31"}, "Labels": {}, "References": {}, "Calculation": {}}, "Fact_18584250": {"Attributes": {"Format": "zerodash", "Sign": "Positive", "Measure": "Unit_issue", "Scale": "0", "Tag": "us-gaap:ScheduleOfInsuredFinancialObligationsWithCreditDeteriorationNumberOfContractsIssuedAndOutstanding", "Fact": "\u2014", "Period": "As of 2019-12-31"}, "Labels": {}, "References": {}, "Calculation": {}}, "Fact_18584251": {"Attributes": {"Format": "numdotdecimal", "Sign": "Positive", "Measure": "Unit_issue", "Scale": "0", "Tag": "us-gaap:ScheduleOfInsuredFinancialObligationsWithCreditDeteriorationNumberOfContractsIssuedAndOutstanding", "Fact": 94.0, "Period": "As of 2019-12-31"}, "Labels": {}, "References": {}, "Calculation": {}}, "Fact_18584252": {"Attributes": {"Format": "numdotdecimal", "Sign": "Positive", "Measure": "Unit_issue", "Scale": "0", "Tag": "us-gaap:ScheduleOfInsuredFinancialObligationsWithCreditDeteriorationNumberOfContractsIssuedAndOutstanding", "Fact": 112.0, "Period": "As of 2019-12-31"}, "Labels": {}, "References": {}, "Calculation": {}}, "Fact_18585436": {"Attributes": {"Format": "numdotdecimal", "Sign": "Positive", "Measure": "Unit_USD", "Scale": "6", "Tag": "us-gaap:ScheduleOfInsuredFinancialObligationsWithCreditDeteriorationInsuredContractualPaymentsOutstandingPrincipal", "Fact": 248.0, "Period": "As of 2019-12-31"}, "Labels": {}, "References": {}, "Calculation": {}}, "Fact_18585437": {"Attributes": {"Format": "zerodash", "Sign": "Positive", "Measure": "Unit_USD", "Scale": "6", "Tag": "us-gaap:ScheduleOfInsuredFinancialObligationsWithCreditDeteriorationInsuredContractualPaymentsOutstandingPrincipal", "Fact": "\u2014", "Period": "As of 2019-12-31"}, "Labels": {}, "References": {}, "Calculation": {}}, "Fact_18585438": {"Attributes": {"Format": "numdotdecimal", "Sign": "Positive", "Measure": "Unit_USD", "Scale": "6", "Tag": "us-gaap:ScheduleOfInsuredFinancialObligationsWithCreditDeteriorationInsuredContractualPaymentsOutstandingPrincipal", "Fact": 3794.0, "Period": "As of 2019-12-31"}, "Labels": {}, "References": {}, "Calculation": {}}, "Fact_18585439": {"Attributes": {"Format": "numdotdecimal", "Sign": "Positive", "Measure": "Unit_USD", "Scale": "6", "Tag": "us-gaap:ScheduleOfInsuredFinancialObligationsWithCreditDeteriorationInsuredContractualPaymentsOutstandingPrincipal", "Fact": 5588.0, "Period": "As of 2019-12-31"}, "Labels": {}, "References": {}, "Calculation": {}}, "Fact_18585440": {"Attributes": {"Format": "numdotdecimal", "Sign": "Positive", "Measure": "Unit_USD", "Scale": "6", "Tag": "us-gaap:ScheduleOfInsuredFinancialObligationsWithCreditDeteriorationInsuredContractualPaymentsOutstandingInterest", "Fact": 2107.0, "Period": "As of 2019-12-31"}, "Labels": {}, "References": {}, "Calculation": {}}, "Fact_18585441": {"Attributes": {"Format": "numdotdecimal", "Sign": "Positive", "Measure": "Unit_USD", "Scale": "6", "Tag": "us-gaap:ScheduleOfInsuredFinancialObligationsWithCreditDeteriorationInsuredContractualPaymentsOutstandingInterest", "Fact": 110.0, "Period": "As of 2019-12-31"}, "Labels": {}, "References": {}, "Calculation": {}}, "Fact_18585442": {"Attributes": {"Format": "zerodash", "Sign": "Positive", "Measure": "Unit_USD", "Scale": "6", "Tag": "us-gaap:ScheduleOfInsuredFinancialObligationsWithCreditDeteriorationInsuredContractualPaymentsOutstandingInterest", "Fact": "\u2014", "Period": "As of 2019-12-31"}, "Labels": {}, "References": {}, "Calculation": {}}, "Fact_18585443": {"Attributes": {"Format": "numdotdecimal", "Sign": "Positive", "Measure": "Unit_USD", "Scale": "6", "Tag": "us-gaap:ScheduleOfInsuredFinancialObligationsWithCreditDeteriorationInsuredContractualPaymentsOutstandingInterest", "Fact": 1668.0, "Period": "As of 2019-12-31"}, "Labels": {}, "References": {}, "Calculation": {}}, "Fact_18585444": {"Attributes": {"Format": "numdotdecimal", "Sign": "Positive", "Measure": "Unit_USD", "Scale": "6", "Tag": "us-gaap:ScheduleOfInsuredFinancialObligationsWithCreditDeteriorationInsuredContractualPaymentsOutstandingInterest", "Fact": 3885.0, "Period": "As of 2019-12-31"}, "Labels": {}, "References": {}, "Calculation": {}}, "Fact_18585450": {"Attributes": {"Format": "zerodash", "Sign": "Positive", "Measure": "Unit_USD", "Scale": "6", "Tag": "us-gaap:ScheduleOfInsuredFinancialObligationsWithCreditDeteriorationGrossClaimLiability", "Fact": "\u2014", "Period": "As of 2019-12-31"}, "Labels": {}, "References": {}, "Calculation": {}}, "Fact_18585451": {"Attributes": {"Format": "zerodash", "Sign": "Positive", "Measure": "Unit_USD", "Scale": "6", "Tag": "us-gaap:ScheduleOfInsuredFinancialObligationsWithCreditDeteriorationGrossClaimLiability", "Fact": "\u2014", "Period": "As of 2019-12-31"}, "Labels": {}, "References": {}, "Calculation": {}}, "Fact_18585452": {"Attributes": {"Format": "zerodash", "Sign": "Positive", "Measure": "Unit_USD", "Scale": "6", "Tag": "us-gaap:ScheduleOfInsuredFinancialObligationsWithCreditDeteriorationGrossClaimLiability", "Fact": "\u2014", "Period": "As of 2019-12-31"}, "Labels": {}, "References": {}, "Calculation": {}}, "Fact_18585453": {"Attributes": {"Format": "numdotdecimal", "Sign": "Positive", "Measure": "Unit_USD", "Scale": "6", "Tag": "us-gaap:ScheduleOfInsuredFinancialObligationsWithCreditDeteriorationGrossClaimLiability", "Fact": 965.0, "Period": "As of 2019-12-31"}, "Labels": {}, "References": {}, "Calculation": {}}, "Fact_18585454": {"Attributes": {"Format": "numdotdecimal", "Sign": "Positive", "Measure": "Unit_USD", "Scale": "6", "Tag": "us-gaap:ScheduleOfInsuredFinancialObligationsWithCreditDeteriorationGrossClaimLiability", "Fact": 965.0, "Period": "As of 2019-12-31"}, "Labels": {}, "References": {}, "Calculation": {}}, "Fact_18585455": {"Attributes": {"Format": "zerodash", "Sign": "Positive", "Measure": "Unit_USD", "Scale": "6", "Tag": "us-gaap:ScheduleOfInsuredFinancialObligationsWithCreditDeteriorationReductionsOfGrossClaimLiabilityGrossPotentialRecoveries", "Fact": "\u2014", "Period": "As of 2019-12-31"}, "Labels": {}, "References": {}, "Calculation": {}}, "Fact_18585456": {"Attributes": {"Format": "zerodash", "Sign": "Positive", "Measure": "Unit_USD", "Scale": "6", "Tag": "us-gaap:ScheduleOfInsuredFinancialObligationsWithCreditDeteriorationReductionsOfGrossClaimLiabilityGrossPotentialRecoveries", "Fact": "\u2014", "Period": "As of 2019-12-31"}, "Labels": {}, "References": {}, "Calculation": {}}, "Fact_18585457": {"Attributes": {"Format": "zerodash", "Sign": "Positive", "Measure": "Unit_USD", "Scale": "6", "Tag": "us-gaap:ScheduleOfInsuredFinancialObligationsWithCreditDeteriorationReductionsOfGrossClaimLiabilityGrossPotentialRecoveries", "Fact": "\u2014", "Period": "As of 2019-12-31"}, "Labels": {}, "References": {}, "Calculation": {}}, "Fact_18585458": {"Attributes": {"Format": "numdotdecimal", "Sign": "Positive", "Measure": "Unit_USD", "Scale": "6", "Tag": "us-gaap:ScheduleOfInsuredFinancialObligationsWithCreditDeteriorationReductionsOfGrossClaimLiabilityGrossPotentialRecoveries", "Fact": 2184.0, "Period": "As of 2019-12-31"}, "Labels": {}, "References": {}, "Calculation": {}}, "Fact_18585459": {"Attributes": {"Format": "numdotdecimal", "Sign": "Positive", "Measure": "Unit_USD", "Scale": "6", "Tag": "us-gaap:ScheduleOfInsuredFinancialObligationsWithCreditDeteriorationReductionsOfGrossClaimLiabilityGrossPotentialRecoveries", "Fact": 2184.0, "Period": "As of 2019-12-31"}, "Labels": {}, "References": {}, "Calculation": {}}, "Fact_18585460": {"Attributes": {"Format": "zerodash", "Sign": "Positive", "Measure": "Unit_USD", "Scale": "6", "Tag": "us-gaap:ScheduleOfInsuredFinancialObligationsWithCreditDeteriorationReductionsOfGrossClaimLiabilityNetDiscount", "Fact": "\u2014", "Period": "As of 2019-12-31"}, "Labels": {}, "References": {}, "Calculation": {}}, "Fact_18585461": {"Attributes": {"Format": "zerodash", "Sign": "Positive", "Measure": "Unit_USD", "Scale": "6", "Tag": "us-gaap:ScheduleOfInsuredFinancialObligationsWithCreditDeteriorationReductionsOfGrossClaimLiabilityNetDiscount", "Fact": "\u2014", "Period": "As of 2019-12-31"}, "Labels": {}, "References": {}, "Calculation": {}}, "Fact_18585462": {"Attributes": {"Format": "zerodash", "Sign": "Positive", "Measure": "Unit_USD", "Scale": "6", "Tag": "us-gaap:ScheduleOfInsuredFinancialObligationsWithCreditDeteriorationReductionsOfGrossClaimLiabilityNetDiscount", "Fact": "\u2014", "Period": "As of 2019-12-31"}, "Labels": {}, "References": {}, "Calculation": {}}, "Fact_18585463": {"Attributes": {"Format": "numdotdecimal", "Sign": "Positive", "Measure": "Unit_USD", "Scale": "6", "Tag": "us-gaap:ScheduleOfInsuredFinancialObligationsWithCreditDeteriorationReductionsOfGrossClaimLiabilityNetDiscount", "Fact": 453.0, "Period": "As of 2019-12-31"}, "Labels": {}, "References": {}, "Calculation": {}}, "Fact_18585464": {"Attributes": {"Format": "numdotdecimal", "Sign": "Positive", "Measure": "Unit_USD", "Scale": "6", "Tag": "us-gaap:ScheduleOfInsuredFinancialObligationsWithCreditDeteriorationReductionsOfGrossClaimLiabilityNetDiscount", "Fact": 453.0, "Period": "As of 2019-12-31"}, "Labels": {}, "References": {}, "Calculation": {}}, "Fact_18585475": {"Attributes": {"Format": "numdotdecimal", "Sign": "Positive", "Measure": "Unit_USD", "Scale": "6", "Tag": "us-gaap:ReinsuranceRecoverablesOnPaidAndUnpaidLosses", "Fact": 19.0, "Period": "As of 2019-12-31"}, "Labels": {}, "References": {}, "Calculation": {}}, "Fact_18584296": {"Attributes": {"Format": "numdotdecimal", "Sign": "Positive", "Measure": "Unit_USD", "Scale": "6", "Tag": "us-gaap:FairValueMeasurementWithUnobservableInputsReconciliationRecurringBasisAssetValue", "Fact": 120.0, "Period": "As of 2020-12-31"}, "Labels": {}, "References": {}, "Calculation": {}}, "Fact_18585591": {"Attributes": {"Format": "numdotdecimal", "Sign": "Negative", "Measure": "Unit_pure", "Scale": "-2", "Tag": "mbi:FairValueMeasurementRangePercentage", "Fact": 28.0, "Period": "As of 2020-12-31"}, "Labels": {}, "References": {}, "Calculation": {}}, "Fact_18585592": {"Attributes": {"Format": "numdotdecimal", "Sign": "Positive", "Measure": "Unit_pure", "Scale": "-2", "Tag": "mbi:FairValueMeasurementRangePercentage", "Fact": 109.0, "Period": "As of 2020-12-31"}, "Labels": {}, "References": {}, "Calculation": {}}, "Fact_18585593": {"Attributes": {"Format": "numdotdecimal", "Sign": "Positive", "Measure": "Unit_pure", "Scale": "-2", "Tag": "mbi:FairValueMeasurementRangePercentage", "Fact": 22.0, "Period": "As of 2020-12-31"}, "Labels": {}, "References": {}, "Calculation": {}}, "Fact_18584297": {"Attributes": {"Format": "numdotdecimal", "Sign": "Positive", "Measure": "Unit_USD", "Scale": "6", "Tag": "us-gaap:FairValueMeasurementWithUnobservableInputsReconciliationRecurringBasisAssetValue", "Fact": 604.0, "Period": "As of 2020-12-31"}, "Labels": {}, "References": {}, "Calculation": {}}, "Fact_18585594": {"Attributes": {"Format": "numdotdecimal", "Sign": "Positive", "Measure": "Unit_pure", "Scale": "-2", "Tag": "mbi:FairValueMeasurementRangePercentage", "Fact": 30.0, "Period": "As of 2020-12-31"}, "Labels": {}, "References": {}, "Calculation": {}}, "Fact_18585595": {"Attributes": {"Format": "numdotdecimal", "Sign": "Positive", "Measure": "Unit_pure", "Scale": "-2", "Tag": "mbi:FairValueMeasurementRangePercentage", "Fact": 73.0, "Period": "As of 2020-12-31"}, "Labels": {}, "References": {}, "Calculation": {}}, "Fact_18585596": {"Attributes": {"Format": "numdotdecimal", "Sign": "Positive", "Measure": "Unit_pure", "Scale": "-2", "Tag": "mbi:FairValueMeasurementRangePercentage", "Fact": 57.0, "Period": "As of 2020-12-31"}, "Labels": {}, "References": {}, "Calculation": {}}, "Fact_18585611": {"Attributes": {"Format": "numdotdecimal", "Sign": "Positive", "Measure": "Unit_pure", "Scale": "-2", "Tag": "mbi:FairValueMeasurementRangePercentage", "Fact": 25.0, "Period": "As of 2019-12-31"}, "Labels": {}, "References": {}, "Calculation": {}}, "Fact_18584470": {"Attributes": {"Format": "numdotdecimal", "Sign": "Positive", "Measure": "Unit_USD", "Scale": "6", "Tag": "us-gaap:AssetsFairValueDisclosure", "Fact": 51.0, "Period": "As of 2019-12-31"}, "Labels": {}, "References": {}, "Calculation": {}}, "Fact_18585937": {"Attributes": {"Format": "zerodash", "Sign": "Positive", "Measure": "Unit_USD", "Scale": "6", "Tag": "us-gaap:FairValueMeasurementWithUnobservableInputsReconciliationRecurringBasisAssetGainLossIncludedInOtherComprehensiveIncomeLoss", "Fact": "\u2014", "Period": "2020-01-01 to 2020-01-01"}, "Labels": {}, "References": {}, "Calculation": {}}, "Fact_18585946": {"Attributes": {"Format": "zerodash", "Sign": "Positive", "Measure": "Unit_USD", "Scale": "6", "Tag": "us-gaap:FairValueAssetRecurringBasisStillHeldUnrealizedGainLossOci", "Fact": "\u2014", "Period": "2020-01-01 to 2020-01-01"}, "Labels": {}, "References": {}, "Calculation": {}}, "Fact_18585949": {"Attributes": {"Format": "zerodash", "Sign": "Positive", "Measure": "Unit_USD", "Scale": "6", "Tag": "us-gaap:FairValueMeasurementWithUnobservableInputsReconciliationRecurringBasisAssetGainLossIncludedInOtherComprehensiveIncomeLoss", "Fact": "\u2014", "Period": "2020-01-01 to 2020-01-01"}, "Labels": {}, "References": {}, "Calculation": {}}, "Fact_18585958": {"Attributes": {"Format": "zerodash", "Sign": "Positive", "Measure": "Unit_USD", "Scale": "6", "Tag": "us-gaap:FairValueAssetRecurringBasisStillHeldUnrealizedGainLossOci", "Fact": "\u2014", "Period": "2020-01-01 to 2020-01-01"}, "Labels": {}, "References": {}, "Calculation": {}}, "Fact_18585961": {"Attributes": {"Format": "zerodash", "Sign": "Positive", "Measure": "Unit_USD", "Scale": "6", "Tag": "us-gaap:FairValueMeasurementWithUnobservableInputsReconciliationRecurringBasisAssetGainLossIncludedInOtherComprehensiveIncomeLoss", "Fact": "\u2014", "Period": "2020-01-01 to 2020-01-01"}, "Labels": {}, "References": {}, "Calculation": {}}, "Fact_18585970": {"Attributes": {"Format": "zerodash", "Sign": "Positive", "Measure": "Unit_USD", "Scale": "6", "Tag": "us-gaap:FairValueAssetRecurringBasisStillHeldUnrealizedGainLossOci", "Fact": "\u2014", "Period": "2020-01-01 to 2020-01-01"}, "Labels": {}, "References": {}, "Calculation": {}}, "Fact_18585973": {"Attributes": {"Format": "zerodash", "Sign": "Positive", "Measure": "Unit_USD", "Scale": "6", "Tag": "us-gaap:FairValueMeasurementWithUnobservableInputsReconciliationRecurringBasisAssetGainLossIncludedInOtherComprehensiveIncomeLoss", "Fact": "\u2014", "Period": "2020-01-01 to 2020-01-01"}, "Labels": {}, "References": {}, "Calculation": {}}, "Fact_18585982": {"Attributes": {"Format": "zerodash", "Sign": "Positive", "Measure": "Unit_USD", "Scale": "6", "Tag": "us-gaap:FairValueAssetRecurringBasisStillHeldUnrealizedGainLossOci", "Fact": "\u2014", "Period": "2020-01-01 to 2020-01-01"}, "Labels": {}, "References": {}, "Calculation": {}}, "Fact_18585985": {"Attributes": {"Format": "zerodash", "Sign": "Positive", "Measure": "Unit_USD", "Scale": "6", "Tag": "us-gaap:FairValueMeasurementWithUnobservableInputsReconciliationRecurringBasisAssetGainLossIncludedInOtherComprehensiveIncomeLoss", "Fact": "\u2014", "Period": "2020-01-01 to 2020-01-01"}, "Labels": {}, "References": {}, "Calculation": {}}, "Fact_18585994": {"Attributes": {"Format": "zerodash", "Sign": "Positive", "Measure": "Unit_USD", "Scale": "6", "Tag": "us-gaap:FairValueAssetRecurringBasisStillHeldUnrealizedGainLossOci", "Fact": "\u2014", "Period": "2020-01-01 to 2020-01-01"}, "Labels": {}, "References": {}, "Calculation": {}}, "Fact_18585997": {"Attributes": {"Format": "zerodash", "Sign": "Positive", "Measure": "Unit_USD", "Scale": "6", "Tag": "us-gaap:FairValueMeasurementWithUnobservableInputsReconciliationRecurringBasisAssetGainLossIncludedInOtherComprehensiveIncomeLoss", "Fact": "\u2014", "Period": "2020-01-01 to 2020-01-01"}, "Labels": {}, "References": {}, "Calculation": {}}, "Fact_18586006": {"Attributes": {"Format": "zerodash", "Sign": "Positive", "Measure": "Unit_USD", "Scale": "6", "Tag": "us-gaap:FairValueAssetRecurringBasisStillHeldUnrealizedGainLossOci", "Fact": "\u2014", "Period": "2020-01-01 to 2020-01-01"}, "Labels": {}, "References": {}, "Calculation": {}}, "Fact_18586009": {"Attributes": {"Format": "numdotdecimal", "Sign": "Positive", "Measure": "Unit_USD", "Scale": "6", "Tag": "us-gaap:FairValueMeasurementWithUnobservableInputsReconciliationRecurringBasisLiabilityGainLossIncludedInOtherComprehensiveIncome", "Fact": 13.0, "Period": "2020-01-01 to 2020-01-01"}, "Labels": {}, "References": {}, "Calculation": {}}, "Fact_18586018": {"Attributes": {"Format": "numdotdecimal", "Sign": "Negative", "Measure": "Unit_USD", "Scale": "6", "Tag": "us-gaap:FairValueLiabilityRecurringBasisStillHeldUnrealizedGainLossOci", "Fact": 13.0, "Period": "2020-01-01 to 2020-01-01"}, "Labels": {}, "References": {}, "Calculation": {}}, "Fact_18586021": {"Attributes": {"Format": "zerodash", "Sign": "Positive", "Measure": "Unit_USD", "Scale": "6", "Tag": "us-gaap:FairValueMeasurementWithUnobservableInputsReconciliationRecurringBasisLiabilityGainLossIncludedInOtherComprehensiveIncome", "Fact": "\u2014", "Period": "2020-01-01 to 2020-01-01"}, "Labels": {}, "References": {}, "Calculation": {}}, "Fact_18586030": {"Attributes": {"Format": "zerodash", "Sign": "Positive", "Measure": "Unit_USD", "Scale": "6", "Tag": "us-gaap:FairValueLiabilityRecurringBasisStillHeldUnrealizedGainLossOci", "Fact": "\u2014", "Period": "2020-01-01 to 2020-01-01"}, "Labels": {}, "References": {}, "Calculation": {}}, "Fact_18586033": {"Attributes": {"Format": "zerodash", "Sign": "Positive", "Measure": "Unit_USD", "Scale": "6", "Tag": "us-gaap:FairValueMeasurementWithUnobservableInputsReconciliationRecurringBasisLiabilityGainLossIncludedInOtherComprehensiveIncome", "Fact": "\u2014", "Period": "2020-01-01 to 2020-01-01"}, "Labels": {}, "References": {}, "Calculation": {}}, "Fact_18586042": {"Attributes": {"Format": "zerodash", "Sign": "Positive", "Measure": "Unit_USD", "Scale": "6", "Tag": "us-gaap:FairValueLiabilityRecurringBasisStillHeldUnrealizedGainLossOci", "Fact": "\u2014", "Period": "2020-01-01 to 2020-01-01"}, "Labels": {}, "References": {}, "Calculation": {}}, "Fact_18586045": {"Attributes": {"Format": "zerodash", "Sign": "Positive", "Measure": "Unit_USD", "Scale": "6", "Tag": "us-gaap:FairValueMeasurementWithUnobservableInputsReconciliationRecurringBasisLiabilityGainLossIncludedInOtherComprehensiveIncome", "Fact": "\u2014", "Period": "2020-01-01 to 2020-01-01"}, "Labels": {}, "References": {}, "Calculation": {}}, "Fact_18586054": {"Attributes": {"Format": "zerodash", "Sign": "Positive", "Measure": "Unit_USD", "Scale": "6", "Tag": "us-gaap:FairValueLiabilityRecurringBasisStillHeldUnrealizedGainLossOci", "Fact": "\u2014", "Period": "2020-01-01 to 2020-01-01"}, "Labels": {}, "References": {}, "Calculation": {}}, "Fact_18586057": {"Attributes": {"Format": "numdotdecimal", "Sign": "Positive", "Measure": "Unit_USD", "Scale": "6", "Tag": "us-gaap:FairValueMeasurementWithUnobservableInputsReconciliationRecurringBasisLiabilityGainLossIncludedInOtherComprehensiveIncome", "Fact": 40.0, "Period": "2020-01-01 to 2020-01-01"}, "Labels": {}, "References": {}, "Calculation": {}}, "Fact_18586066": {"Attributes": {"Format": "numdotdecimal", "Sign": "Negative", "Measure": "Unit_USD", "Scale": "6", "Tag": "us-gaap:FairValueLiabilityRecurringBasisStillHeldUnrealizedGainLossOci", "Fact": 38.0, "Period": "2020-01-01 to 2020-01-01"}, "Labels": {}, "References": {}, "Calculation": {}}, "Fact_18586069": {"Attributes": {"Format": "numdotdecimal", "Sign": "Positive", "Measure": "Unit_USD", "Scale": "6", "Tag": "us-gaap:FairValueMeasurementWithUnobservableInputsReconciliationRecurringBasisLiabilityGainLossIncludedInOtherComprehensiveIncome", "Fact": 53.0, "Period": "2020-01-01 to 2020-01-01"}, "Labels": {}, "References": {}, "Calculation": {}}, "Fact_18586078": {"Attributes": {"Format": "numdotdecimal", "Sign": "Negative", "Measure": "Unit_USD", "Scale": "6", "Tag": "us-gaap:FairValueLiabilityRecurringBasisStillHeldUnrealizedGainLossOci", "Fact": 51.0, "Period": "2020-01-01 to 2020-01-01"}, "Labels": {}, "References": {}, "Calculation": {}}, "Fact_18586086": {"Attributes": {"Format": "zerodash", "Sign": "Positive", "Measure": "Unit_USD", "Scale": "6", "Tag": "us-gaap:FairValueMeasurementWithUnobservableInputsReconciliationRecurringBasisAssetTransfersIntoLevel3", "Fact": "\u2014", "Period": "2019-01-01 to 2019-01-01"}, "Labels": {}, "References": {}, "Calculation": {}}, "Fact_18586087": {"Attributes": {"Format": "numdotdecimal", "Sign": "Positive", "Measure": "Unit_USD", "Scale": "6", "Tag": "us-gaap:FairValueMeasurementWithUnobservableInputsReconciliationRecurringBasisAssetTransfersOutOfLevel3", "Fact": 3.0, "Period": "2019-01-01 to 2019-01-01"}, "Labels": {}, "References": {}, "Calculation": {}}, "Fact_18586097": {"Attributes": {"Format": "zerodash", "Sign": "Positive", "Measure": "Unit_USD", "Scale": "6", "Tag": "us-gaap:FairValueMeasurementWithUnobservableInputsReconciliationRecurringBasisAssetTransfersIntoLevel3", "Fact": "\u2014", "Period": "2019-01-01 to 2019-01-01"}, "Labels": {}, "References": {}, "Calculation": {}}, "Fact_18586098": {"Attributes": {"Format": "zerodash", "Sign": "Positive", "Measure": "Unit_USD", "Scale": "6", "Tag": "us-gaap:FairValueMeasurementWithUnobservableInputsReconciliationRecurringBasisAssetTransfersOutOfLevel3", "Fact": "\u2014", "Period": "2019-01-01 to 2019-01-01"}, "Labels": {}, "References": {}, "Calculation": {}}, "Fact_18586108": {"Attributes": {"Format": "zerodash", "Sign": "Positive", "Measure": "Unit_USD", "Scale": "6", "Tag": "us-gaap:FairValueMeasurementWithUnobservableInputsReconciliationRecurringBasisAssetTransfersIntoLevel3", "Fact": "\u2014", "Period": "2019-01-01 to 2019-01-01"}, "Labels": {}, "References": {}, "Calculation": {}}, "Fact_18586109": {"Attributes": {"Format": "numdotdecimal", "Sign": "Positive", "Measure": "Unit_USD", "Scale": "6", "Tag": "us-gaap:FairValueMeasurementWithUnobservableInputsReconciliationRecurringBasisAssetTransfersOutOfLevel3", "Fact": 3.0, "Period": "2019-01-01 to 2019-01-01"}, "Labels": {}, "References": {}, "Calculation": {}}, "Fact_18586119": {"Attributes": {"Format": "zerodash", "Sign": "Positive", "Measure": "Unit_USD", "Scale": "6", "Tag": "us-gaap:FairValueMeasurementWithUnobservableInputsReconciliationRecurringBasisAssetTransfersIntoLevel3", "Fact": "\u2014", "Period": "2019-01-01 to 2019-01-01"}, "Labels": {}, "References": {}, "Calculation": {}}, "Fact_18586120": {"Attributes": {"Format": "zerodash", "Sign": "Positive", "Measure": "Unit_USD", "Scale": "6", "Tag": "us-gaap:FairValueMeasurementWithUnobservableInputsReconciliationRecurringBasisAssetTransfersOutOfLevel3", "Fact": "\u2014", "Period": "2019-01-01 to 2019-01-01"}, "Labels": {}, "References": {}, "Calculation": {}}, "Fact_18586130": {"Attributes": {"Format": "zerodash", "Sign": "Positive", "Measure": "Unit_USD", "Scale": "6", "Tag": "us-gaap:FairValueMeasurementWithUnobservableInputsReconciliationRecurringBasisAssetTransfersIntoLevel3", "Fact": "\u2014", "Period": "2019-01-01 to 2019-01-01"}, "Labels": {}, "References": {}, "Calculation": {}}, "Fact_18586131": {"Attributes": {"Format": "zerodash", "Sign": "Positive", "Measure": "Unit_USD", "Scale": "6", "Tag": "us-gaap:FairValueMeasurementWithUnobservableInputsReconciliationRecurringBasisAssetTransfersOutOfLevel3", "Fact": "\u2014", "Period": "2019-01-01 to 2019-01-01"}, "Labels": {}, "References": {}, "Calculation": {}}, "Fact_18586141": {"Attributes": {"Format": "zerodash", "Sign": "Positive", "Measure": "Unit_USD", "Scale": "6", "Tag": "us-gaap:FairValueMeasurementWithUnobservableInputsReconciliationRecurringBasisAssetTransfersIntoLevel3", "Fact": "\u2014", "Period": "2019-01-01 to 2019-01-01"}, "Labels": {}, "References": {}, "Calculation": {}}, "Fact_18586142": {"Attributes": {"Format": "zerodash", "Sign": "Positive", "Measure": "Unit_USD", "Scale": "6", "Tag": "us-gaap:FairValueMeasurementWithUnobservableInputsReconciliationRecurringBasisAssetTransfersOutOfLevel3", "Fact": "\u2014", "Period": "2019-01-01 to 2019-01-01"}, "Labels": {}, "References": {}, "Calculation": {}}, "Fact_18586152": {"Attributes": {"Format": "zerodash", "Sign": "Positive", "Measure": "Unit_USD", "Scale": "6", "Tag": "us-gaap:FairValueMeasurementWithUnobservableInputsReconciliationRecurringBasisAssetTransfersIntoLevel3", "Fact": "\u2014", "Period": "2019-01-01 to 2019-01-01"}, "Labels": {}, "References": {}, "Calculation": {}}, "Fact_18586153": {"Attributes": {"Format": "zerodash", "Sign": "Positive", "Measure": "Unit_USD", "Scale": "6", "Tag": "us-gaap:FairValueMeasurementWithUnobservableInputsReconciliationRecurringBasisAssetTransfersOutOfLevel3", "Fact": "\u2014", "Period": "2019-01-01 to 2019-01-01"}, "Labels": {}, "References": {}, "Calculation": {}}, "Fact_18586163": {"Attributes": {"Format": "zerodash", "Sign": "Positive", "Measure": "Unit_USD", "Scale": "6", "Tag": "us-gaap:FairValueMeasurementWithUnobservableInputsReconciliationRecurringBasisAssetTransfersIntoLevel3", "Fact": "\u2014", "Period": "2019-01-01 to 2019-01-01"}, "Labels": {}, "References": {}, "Calculation": {}}, "Fact_18586164": {"Attributes": {"Format": "zerodash", "Sign": "Positive", "Measure": "Unit_USD", "Scale": "6", "Tag": "us-gaap:FairValueMeasurementWithUnobservableInputsReconciliationRecurringBasisAssetTransfersOutOfLevel3", "Fact": "\u2014", "Period": "2019-01-01 to 2019-01-01"}, "Labels": {}, "References": {}, "Calculation": {}}, "Fact_18586174": {"Attributes": {"Format": "zerodash", "Sign": "Positive", "Measure": "Unit_USD", "Scale": "6", "Tag": "us-gaap:FairValueMeasurementWithUnobservableInputsReconciliationRecurringBasisAssetTransfersIntoLevel3", "Fact": "\u2014", "Period": "2019-01-01 to 2019-01-01"}, "Labels": {}, "References": {}, "Calculation": {}}, "Fact_18586175": {"Attributes": {"Format": "numdotdecimal", "Sign": "Positive", "Measure": "Unit_USD", "Scale": "6", "Tag": "us-gaap:FairValueMeasurementWithUnobservableInputsReconciliationRecurringBasisAssetTransfersOutOfLevel3", "Fact": 6.0, "Period": "2019-01-01 to 2019-01-01"}, "Labels": {}, "References": {}, "Calculation": {}}, "Fact_18586185": {"Attributes": {"Format": "zerodash", "Sign": "Positive", "Measure": "Unit_USD", "Scale": "6", "Tag": "us-gaap:FairValueMeasurementWithUnobservableInputsReconciliationLiabilityTransfersIntoLevel3", "Fact": "\u2014", "Period": "2019-01-01 to 2019-01-01"}, "Labels": {}, "References": {}, "Calculation": {}}, "Fact_18586186": {"Attributes": {"Format": "zerodash", "Sign": "Positive", "Measure": "Unit_USD", "Scale": "6", "Tag": "us-gaap:FairValueMeasurementWithUnobservableInputsReconciliationLiabilityTransfersOutOfLevel3", "Fact": "\u2014", "Period": "2019-01-01 to 2019-01-01"}, "Labels": {}, "References": {}, "Calculation": {}}, "Fact_18586196": {"Attributes": {"Format": "zerodash", "Sign": "Positive", "Measure": "Unit_USD", "Scale": "6", "Tag": "us-gaap:FairValueMeasurementWithUnobservableInputsReconciliationLiabilityTransfersIntoLevel3", "Fact": "\u2014", "Period": "2019-01-01 to 2019-01-01"}, "Labels": {}, "References": {}, "Calculation": {}}, "Fact_18586197": {"Attributes": {"Format": "zerodash", "Sign": "Positive", "Measure": "Unit_USD", "Scale": "6", "Tag": "us-gaap:FairValueMeasurementWithUnobservableInputsReconciliationLiabilityTransfersOutOfLevel3", "Fact": "\u2014", "Period": "2019-01-01 to 2019-01-01"}, "Labels": {}, "References": {}, "Calculation": {}}, "Fact_18586207": {"Attributes": {"Format": "zerodash", "Sign": "Positive", "Measure": "Unit_USD", "Scale": "6", "Tag": "us-gaap:FairValueMeasurementWithUnobservableInputsReconciliationLiabilityTransfersIntoLevel3", "Fact": "\u2014", "Period": "2019-01-01 to 2019-01-01"}, "Labels": {}, "References": {}, "Calculation": {}}, "Fact_18586208": {"Attributes": {"Format": "zerodash", "Sign": "Positive", "Measure": "Unit_USD", "Scale": "6", "Tag": "us-gaap:FairValueMeasurementWithUnobservableInputsReconciliationLiabilityTransfersOutOfLevel3", "Fact": "\u2014", "Period": "2019-01-01 to 2019-01-01"}, "Labels": {}, "References": {}, "Calculation": {}}, "Fact_18586218": {"Attributes": {"Format": "zerodash", "Sign": "Positive", "Measure": "Unit_USD", "Scale": "6", "Tag": "us-gaap:FairValueMeasurementWithUnobservableInputsReconciliationLiabilityTransfersIntoLevel3", "Fact": "\u2014", "Period": "2019-01-01 to 2019-01-01"}, "Labels": {}, "References": {}, "Calculation": {}}, "Fact_18586219": {"Attributes": {"Format": "zerodash", "Sign": "Positive", "Measure": "Unit_USD", "Scale": "6", "Tag": "us-gaap:FairValueMeasurementWithUnobservableInputsReconciliationLiabilityTransfersOutOfLevel3", "Fact": "\u2014", "Period": "2019-01-01 to 2019-01-01"}, "Labels": {}, "References": {}, "Calculation": {}}, "Fact_18586229": {"Attributes": {"Format": "zerodash", "Sign": "Positive", "Measure": "Unit_USD", "Scale": "6", "Tag": "us-gaap:FairValueMeasurementWithUnobservableInputsReconciliationLiabilityTransfersIntoLevel3", "Fact": "\u2014", "Period": "2019-01-01 to 2019-01-01"}, "Labels": {}, "References": {}, "Calculation": {}}, "Fact_18586230": {"Attributes": {"Format": "zerodash", "Sign": "Positive", "Measure": "Unit_USD", "Scale": "6", "Tag": "us-gaap:FairValueMeasurementWithUnobservableInputsReconciliationLiabilityTransfersOutOfLevel3", "Fact": "\u2014", "Period": "2019-01-01 to 2019-01-01"}, "Labels": {}, "References": {}, "Calculation": {}}, "Fact_18586240": {"Attributes": {"Format": "zerodash", "Sign": "Positive", "Measure": "Unit_USD", "Scale": "6", "Tag": "us-gaap:FairValueMeasurementWithUnobservableInputsReconciliationLiabilityTransfersIntoLevel3", "Fact": "\u2014", "Period": "2019-01-01 to 2019-01-01"}, "Labels": {}, "References": {}, "Calculation": {}}, "Fact_18586241": {"Attributes": {"Format": "zerodash", "Sign": "Positive", "Measure": "Unit_USD", "Scale": "6", "Tag": "us-gaap:FairValueMeasurementWithUnobservableInputsReconciliationLiabilityTransfersOutOfLevel3", "Fact": "\u2014", "Period": "2019-01-01 to 2019-01-01"}, "Labels": {}, "References": {}, "Calculation": {}}, "Fact_18586286": {"Attributes": {"Format": "numdotdecimal", "Sign": "Positive", "Measure": "Unit_USD", "Scale": "6", "Tag": "mbi:NetGainsLossesOnFinancialInstrumentsAtFairValueAndForeignExchange", "Fact": 2.0, "Period": "2020-01-01 to 2020-01-01"}, "Labels": {}, "References": {}, "Calculation": {}}, "Fact_18586287": {"Attributes": {"Format": "numdotdecimal", "Sign": "Positive", "Measure": "Unit_USD", "Scale": "6", "Tag": "mbi:NetGainsLossesOnFinancialInstrumentsAtFairValueAndForeignExchange", "Fact": 15.0, "Period": "2019-01-01 to 2019-01-01"}, "Labels": {}, "References": {}, "Calculation": {}}, "Fact_18586288": {"Attributes": {"Format": "numdotdecimal", "Sign": "Negative", "Measure": "Unit_USD", "Scale": "6", "Tag": "mbi:NetGainsLossesOnFinancialInstrumentsAtFairValueAndForeignExchange", "Fact": 11.0, "Period": "2018-01-01 to 2018-01-01"}, "Labels": {}, "References": {}, "Calculation": {}}, "Fact_18586289": {"Attributes": {"Format": "numdotdecimal", "Sign": "Positive", "Measure": "Unit_USD", "Scale": "6", "Tag": "mbi:NetGainsLossesOnFinancialInstrumentsAtFairValueAndForeignExchange", "Fact": 4.0, "Period": "2020-01-01 to 2020-01-01"}, "Labels": {}, "References": {}, "Calculation": {}}, "Fact_18586290": {"Attributes": {"Format": "numdotdecimal", "Sign": "Positive", "Measure": "Unit_USD", "Scale": "6", "Tag": "mbi:NetGainsLossesOnFinancialInstrumentsAtFairValueAndForeignExchange", "Fact": 95.0, "Period": "2019-01-01 to 2019-01-01"}, "Labels": {}, "References": {}, "Calculation": {}}, "Fact_18586291": {"Attributes": {"Format": "numdotdecimal", "Sign": "Negative", "Measure": "Unit_USD", "Scale": "6", "Tag": "mbi:NetGainsLossesOnFinancialInstrumentsAtFairValueAndForeignExchange", "Fact": 25.0, "Period": "2018-01-01 to 2018-01-01"}, "Labels": {}, "References": {}, "Calculation": {}}, "Fact_18586292": {"Attributes": {"Format": "zerodash", "Sign": "Positive", "Measure": "Unit_USD", "Scale": "6", "Tag": "mbi:NetGainsLossesOnFinancialInstrumentsAtFairValueAndForeignExchange", "Fact": "\u2014", "Period": "2020-01-01 to 2020-01-01"}, "Labels": {}, "References": {}, "Calculation": {}}, "Fact_18586293": {"Attributes": {"Format": "numdotdecimal", "Sign": "Positive", "Measure": "Unit_USD", "Scale": "6", "Tag": "mbi:NetGainsLossesOnFinancialInstrumentsAtFairValueAndForeignExchange", "Fact": 35.0, "Period": "2019-01-01 to 2019-01-01"}, "Labels": {}, "References": {}, "Calculation": {}}, "Fact_18586294": {"Attributes": {"Format": "numdotdecimal", "Sign": "Negative", "Measure": "Unit_USD", "Scale": "6", "Tag": "mbi:NetGainsLossesOnFinancialInstrumentsAtFairValueAndForeignExchange", "Fact": 100.0, "Period": "2018-01-01 to 2018-01-01"}, "Labels": {}, "References": {}, "Calculation": {}}, "Fact_18586295": {"Attributes": {"Format": "zerodash", "Sign": "Positive", "Measure": "Unit_USD", "Scale": "6", "Tag": "mbi:NetGainsLossesOnFinancialInstrumentsAtFairValueAndForeignExchange", "Fact": "\u2014", "Period": "2020-01-01 to 2020-01-01"}, "Labels": {}, "References": {}, "Calculation": {}}, "Fact_18586296": {"Attributes": {"Format": "zerodash", "Sign": "Positive", "Measure": "Unit_USD", "Scale": "6", "Tag": "mbi:NetGainsLossesOnFinancialInstrumentsAtFairValueAndForeignExchange", "Fact": "\u2014", "Period": "2019-01-01 to 2019-01-01"}, "Labels": {}, "References": {}, "Calculation": {}}, "Fact_18586297": {"Attributes": {"Format": "numdotdecimal", "Sign": "Positive", "Measure": "Unit_USD", "Scale": "6", "Tag": "mbi:NetGainsLossesOnFinancialInstrumentsAtFairValueAndForeignExchange", "Fact": 11.0, "Period": "2018-01-01 to 2018-01-01"}, "Labels": {}, "References": {}, "Calculation": {}}, "Fact_18586298": {"Attributes": {"Format": "numdotdecimal", "Sign": "Positive", "Measure": "Unit_USD", "Scale": "6", "Tag": "mbi:NetGainsLossesOnFinancialInstrumentsAtFairValueAndForeignExchange", "Fact": 118.0, "Period": "2020-01-01 to 2020-01-01"}, "Labels": {}, "References": {}, "Calculation": {}}, "Fact_18586299": {"Attributes": {"Format": "numdotdecimal", "Sign": "Positive", "Measure": "Unit_USD", "Scale": "6", "Tag": "mbi:NetGainsLossesOnFinancialInstrumentsAtFairValueAndForeignExchange", "Fact": 68.0, "Period": "2019-01-01 to 2019-01-01"}, "Labels": {}, "References": {}, "Calculation": {}}, "Fact_18586300": {"Attributes": {"Format": "numdotdecimal", "Sign": "Positive", "Measure": "Unit_USD", "Scale": "6", "Tag": "mbi:NetGainsLossesOnFinancialInstrumentsAtFairValueAndForeignExchange", "Fact": 12.0, "Period": "2018-01-01 to 2018-01-01"}, "Labels": {}, "References": {}, "Calculation": {}}, "Fact_18586301": {"Attributes": {"Format": "numdotdecimal", "Sign": "Negative", "Measure": "Unit_USD", "Scale": "6", "Tag": "mbi:NetGainsLossesOnFinancialInstrumentsAtFairValueAndForeignExchange", "Fact": 4.0, "Period": "2020-01-01 to 2020-01-01"}, "Labels": {}, "References": {}, "Calculation": {}}, "Fact_18586302": {"Attributes": {"Format": "numdotdecimal", "Sign": "Positive", "Measure": "Unit_USD", "Scale": "6", "Tag": "mbi:NetGainsLossesOnFinancialInstrumentsAtFairValueAndForeignExchange", "Fact": 4.0, "Period": "2019-01-01 to 2019-01-01"}, "Labels": {}, "References": {}, "Calculation": {}}, "Fact_18586303": {"Attributes": {"Format": "zerodash", "Sign": "Positive", "Measure": "Unit_USD", "Scale": "6", "Tag": "mbi:NetGainsLossesOnFinancialInstrumentsAtFairValueAndForeignExchange", "Fact": "\u2014", "Period": "2018-01-01 to 2018-01-01"}, "Labels": {}, "References": {}, "Calculation": {}}, "Fact_18586304": {"Attributes": {"Format": "numdotdecimal", "Sign": "Negative", "Measure": "Unit_USD", "Scale": "6", "Tag": "mbi:NetGainsLossesOnFinancialInstrumentsAtFairValueAndForeignExchange", "Fact": 15.0, "Period": "2020-01-01 to 2020-01-01"}, "Labels": {}, "References": {}, "Calculation": {}}, "Fact_18586305": {"Attributes": {"Format": "numdotdecimal", "Sign": "Positive", "Measure": "Unit_USD", "Scale": "6", "Tag": "mbi:NetGainsLossesOnFinancialInstrumentsAtFairValueAndForeignExchange", "Fact": 1.0, "Period": "2019-01-01 to 2019-01-01"}, "Labels": {}, "References": {}, "Calculation": {}}, "Fact_18586306": {"Attributes": {"Format": "numdotdecimal", "Sign": "Positive", "Measure": "Unit_USD", "Scale": "6", "Tag": "mbi:NetGainsLossesOnFinancialInstrumentsAtFairValueAndForeignExchange", "Fact": 19.0, "Period": "2018-01-01 to 2018-01-01"}, "Labels": {}, "References": {}, "Calculation": {}}, "Fact_18586307": {"Attributes": {"Format": "zerodash", "Sign": "Positive", "Measure": "Unit_USD", "Scale": "6", "Tag": "mbi:NetGainsLossesOnFinancialInstrumentsAtFairValueAndForeignExchange", "Fact": "\u2014", "Period": "2020-01-01 to 2020-01-01"}, "Labels": {}, "References": {}, "Calculation": {}}, "Fact_18586308": {"Attributes": {"Format": "numdotdecimal", "Sign": "Negative", "Measure": "Unit_USD", "Scale": "6", "Tag": "mbi:NetGainsLossesOnFinancialInstrumentsAtFairValueAndForeignExchange", "Fact": 2.0, "Period": "2019-01-01 to 2019-01-01"}, "Labels": {}, "References": {}, "Calculation": {}}, "Fact_18586309": {"Attributes": {"Format": "numdotdecimal", "Sign": "Negative", "Measure": "Unit_USD", "Scale": "6", "Tag": "mbi:NetGainsLossesOnFinancialInstrumentsAtFairValueAndForeignExchange", "Fact": 2.0, "Period": "2018-01-01 to 2018-01-01"}, "Labels": {}, "References": {}, "Calculation": {}}, "Fact_18586310": {"Attributes": {"Format": "numdotdecimal", "Sign": "Negative", "Measure": "Unit_USD", "Scale": "6", "Tag": "mbi:NetGainsLossesOnFinancialInstrumentsAtFairValueAndForeignExchange", "Fact": 12.0, "Period": "2020-01-01 to 2020-01-01"}, "Labels": {}, "References": {}, "Calculation": {}}, "Fact_18586311": {"Attributes": {"Format": "numdotdecimal", "Sign": "Negative", "Measure": "Unit_USD", "Scale": "6", "Tag": "mbi:NetGainsLossesOnFinancialInstrumentsAtFairValueAndForeignExchange", "Fact": 89.0, "Period": "2019-01-01 to 2019-01-01"}, "Labels": {}, "References": {}, "Calculation": {}}, "Fact_18586312": {"Attributes": {"Format": "numdotdecimal", "Sign": "Positive", "Measure": "Unit_USD", "Scale": "6", "Tag": "mbi:NetGainsLossesOnFinancialInstrumentsAtFairValueAndForeignExchange", "Fact": 118.0, "Period": "2018-01-01 to 2018-01-01"}, "Labels": {}, "References": {}, "Calculation": {}}, "Fact_18584681": {"Attributes": {"Format": "zerodash", "Sign": "Positive", "Measure": "Unit_USD", "Scale": "6", "Tag": "mbi:AvailableForSaleCumulativeOtherThanTemporaryImpairmentOfSecurities", "Fact": "\u2014", "Period": "As of 2019-12-31"}, "Labels": {}, "References": {}, "Calculation": {}}, "Fact_18584686": {"Attributes": {"Format": "zerodash", "Sign": "Positive", "Measure": "Unit_USD", "Scale": "6", "Tag": "mbi:AvailableForSaleCumulativeOtherThanTemporaryImpairmentOfSecurities", "Fact": "\u2014", "Period": "As of 2019-12-31"}, "Labels": {}, "References": {}, "Calculation": {}}, "Fact_18584691": {"Attributes": {"Format": "zerodash", "Sign": "Positive", "Measure": "Unit_USD", "Scale": "6", "Tag": "mbi:AvailableForSaleCumulativeOtherThanTemporaryImpairmentOfSecurities", "Fact": "\u2014", "Period": "As of 2019-12-31"}, "Labels": {}, "References": {}, "Calculation": {}}, "Fact_18584696": {"Attributes": {"Format": "zerodash", "Sign": "Positive", "Measure": "Unit_USD", "Scale": "6", "Tag": "mbi:AvailableForSaleCumulativeOtherThanTemporaryImpairmentOfSecurities", "Fact": "\u2014", "Period": "As of 2019-12-31"}, "Labels": {}, "References": {}, "Calculation": {}}, "Fact_18584701": {"Attributes": {"Format": "zerodash", "Sign": "Positive", "Measure": "Unit_USD", "Scale": "6", "Tag": "mbi:AvailableForSaleCumulativeOtherThanTemporaryImpairmentOfSecurities", "Fact": "\u2014", "Period": "As of 2019-12-31"}, "Labels": {}, "References": {}, "Calculation": {}}, "Fact_18584706": {"Attributes": {"Format": "zerodash", "Sign": "Positive", "Measure": "Unit_USD", "Scale": "6", "Tag": "mbi:AvailableForSaleCumulativeOtherThanTemporaryImpairmentOfSecurities", "Fact": "\u2014", "Period": "As of 2019-12-31"}, "Labels": {}, "References": {}, "Calculation": {}}, "Fact_18584870": {"Attributes": {"Format": "numdotdecimal", "Sign": "Positive", "Measure": "Unit_USD", "Scale": "6", "Tag": "mbi:LiabilityForClaimsAndClaimsAdjustmentExpenseInsuredByFinancialGuarantor", "Fact": 1.0, "Period": "As of 2020-12-31"}, "Labels": {}, "References": {}, "Calculation": {}}, "Fact_18584873": {"Attributes": {"Format": "numdotdecimal", "Sign": "Positive", "Measure": "Unit_USD", "Scale": "6", "Tag": "mbi:LiabilityForClaimsAndClaimsAdjustmentExpenseInsuredByFinancialGuarantor", "Fact": 1.0, "Period": "As of 2020-12-31"}, "Labels": {}, "References": {}, "Calculation": {}}, "Fact_18586356": {"Attributes": {"Format": "numdotdecimal", "Sign": "Positive", "Measure": "Unit_USD", "Scale": "6", "Tag": "us-gaap:DebtSecuritiesHeldToMaturityAllowanceForCreditLoss", "Fact": 37.0, "Period": "As of 2019-12-31"}, "Labels": {}, "References": {}, "Calculation": {}}, "Fact_18586362": {"Attributes": {"Format": "numdotdecimal", "Sign": "Positive", "Measure": "Unit_USD", "Scale": "6", "Tag": "us-gaap:DebtSecuritiesHeldToMaturityAllowanceForCreditLoss", "Fact": 37.0, "Period": "As of 2019-12-31"}, "Labels": {}, "References": {}, "Calculation": {}}, "Fact_18584925": {"Attributes": {"Format": "numdotdecimal", "Sign": "Positive", "Measure": "Unit_USD", "Scale": "6", "Tag": "us-gaap:DerivativeNotionalAmount", "Fact": 121.0, "Period": "As of 2019-12-31"}, "Labels": {}, "References": {}, "Calculation": {}}, "Fact_18584926": {"Attributes": {"Format": "numdotdecimal", "Sign": "Positive", "Measure": "Unit_USD", "Scale": "6", "Tag": "us-gaap:DerivativeNotionalAmount", "Fact": 1371.0, "Period": "As of 2019-12-31"}, "Labels": {}, "References": {}, "Calculation": {}}, "Fact_18584927": {"Attributes": {"Format": "numdotdecimal", "Sign": "Positive", "Measure": "Unit_USD", "Scale": "6", "Tag": "us-gaap:DerivativeNotionalAmount", "Fact": 433.0, "Period": "As of 2019-12-31"}, "Labels": {}, "References": {}, "Calculation": {}}, "Fact_18584929": {"Attributes": {"Format": "numdotdecimal", "Sign": "Positive", "Measure": "Unit_USD", "Scale": "6", "Tag": "us-gaap:DerivativeNotionalAmount", "Fact": 1925.0, "Period": "As of 2019-12-31"}, "Labels": {}, "References": {}, "Calculation": {}}, "Fact_18584947": {"Attributes": {"Format": "zerodash", "Sign": "Positive", "Measure": "Unit_USD", "Scale": "6", "Tag": "mbi:DerivativeAssetsNotDesignatedAsHedgingInstrumentFairValue", "Fact": "\u2014", "Period": "As of 2020-12-31"}, "Labels": {}, "References": {}, "Calculation": {}}, "Fact_18584948": {"Attributes": {"Format": "numdotdecimal", "Sign": "Positive", "Measure": "Unit_USD", "Scale": "6", "Tag": "mbi:DerivativeLiabilitiesNotDesignatedAsHedgingInstrumentFairValue", "Fact": 2.0, "Period": "As of 2020-12-31"}, "Labels": {}, "References": {}, "Calculation": {}}, "Fact_18584950": {"Attributes": {"Format": "numdotdecimal", "Sign": "Positive", "Measure": "Unit_USD", "Scale": "6", "Tag": "mbi:DerivativeAssetsNotDesignatedAsHedgingInstrumentFairValue", "Fact": 1.0, "Period": "As of 2020-12-31"}, "Labels": {}, "References": {}, "Calculation": {}}, "Fact_18584951": {"Attributes": {"Format": "numdotdecimal", "Sign": "Positive", "Measure": "Unit_USD", "Scale": "6", "Tag": "mbi:DerivativeLiabilitiesNotDesignatedAsHedgingInstrumentFairValue", "Fact": 164.0, "Period": "As of 2020-12-31"}, "Labels": {}, "References": {}, "Calculation": {}}, "Fact_18584953": {"Attributes": {"Format": "zerodash", "Sign": "Positive", "Measure": "Unit_USD", "Scale": "6", "Tag": "mbi:DerivativeAssetsNotDesignatedAsHedgingInstrumentFairValue", "Fact": "\u2014", "Period": "As of 2020-12-31"}, "Labels": {}, "References": {}, "Calculation": {}}, "Fact_18584954": {"Attributes": {"Format": "numdotdecimal", "Sign": "Positive", "Measure": "Unit_USD", "Scale": "6", "Tag": "mbi:DerivativeLiabilitiesNotDesignatedAsHedgingInstrumentFairValue", "Fact": 10.0, "Period": "As of 2020-12-31"}, "Labels": {}, "References": {}, "Calculation": {}}, "Fact_18584956": {"Attributes": {"Format": "numdotdecimal", "Sign": "Positive", "Measure": "Unit_USD", "Scale": "6", "Tag": "mbi:DerivativeAssetsNotDesignatedAsHedgingInstrumentFairValue", "Fact": 6.0, "Period": "As of 2020-12-31"}, "Labels": {}, "References": {}, "Calculation": {}}, "Fact_18584957": {"Attributes": {"Format": "zerodash", "Sign": "Positive", "Measure": "Unit_USD", "Scale": "6", "Tag": "mbi:DerivativeLiabilitiesNotDesignatedAsHedgingInstrumentFairValue", "Fact": "\u2014", "Period": "As of 2020-12-31"}, "Labels": {}, "References": {}, "Calculation": {}}, "Fact_18584959": {"Attributes": {"Format": "zerodash", "Sign": "Positive", "Measure": "Unit_USD", "Scale": "6", "Tag": "mbi:DerivativeAssetsNotDesignatedAsHedgingInstrumentFairValue", "Fact": "\u2014", "Period": "As of 2020-12-31"}, "Labels": {}, "References": {}, "Calculation": {}}, "Fact_18584960": {"Attributes": {"Format": "numdotdecimal", "Sign": "Positive", "Measure": "Unit_USD", "Scale": "6", "Tag": "mbi:DerivativeLiabilitiesNotDesignatedAsHedgingInstrumentFairValue", "Fact": 49.0, "Period": "As of 2020-12-31"}, "Labels": {}, "References": {}, "Calculation": {}}, "Fact_18584962": {"Attributes": {"Format": "numdotdecimal", "Sign": "Positive", "Measure": "Unit_USD", "Scale": "6", "Tag": "mbi:DerivativeAssetsNotDesignatedAsHedgingInstrumentFairValue", "Fact": 7.0, "Period": "As of 2020-12-31"}, "Labels": {}, "References": {}, "Calculation": {}}, "Fact_18584963": {"Attributes": {"Format": "numdotdecimal", "Sign": "Positive", "Measure": "Unit_USD", "Scale": "6", "Tag": "mbi:DerivativeLiabilitiesNotDesignatedAsHedgingInstrumentFairValue", "Fact": 225.0, "Period": "As of 2020-12-31"}, "Labels": {}, "References": {}, "Calculation": {}}, "Fact_18584965": {"Attributes": {"Format": "zerodash", "Sign": "Positive", "Measure": "Unit_USD", "Scale": "6", "Tag": "mbi:DerivativeAssetsNotDesignatedAsHedgingInstrumentFairValue", "Fact": "\u2014", "Period": "As of 2019-12-31"}, "Labels": {}, "References": {}, "Calculation": {}}, "Fact_18584966": {"Attributes": {"Format": "numdotdecimal", "Sign": "Positive", "Measure": "Unit_USD", "Scale": "6", "Tag": "mbi:DerivativeLiabilitiesNotDesignatedAsHedgingInstrumentFairValue", "Fact": 7.0, "Period": "As of 2019-12-31"}, "Labels": {}, "References": {}, "Calculation": {}}, "Fact_18584967": {"Attributes": {"Format": "numdotdecimal", "Sign": "Positive", "Measure": "Unit_USD", "Scale": "6", "Tag": "us-gaap:DerivativeNotionalAmount", "Fact": 1925.0, "Period": "As of 2019-12-31"}, "Labels": {}, "References": {}, "Calculation": {}}, "Fact_18584968": {"Attributes": {"Format": "zerodash", "Sign": "Positive", "Measure": "Unit_USD", "Scale": "6", "Tag": "mbi:DerivativeAssetsNotDesignatedAsHedgingInstrumentFairValue", "Fact": "\u2014", "Period": "As of 2019-12-31"}, "Labels": {}, "References": {}, "Calculation": {}}, "Fact_18584969": {"Attributes": {"Format": "numdotdecimal", "Sign": "Positive", "Measure": "Unit_USD", "Scale": "6", "Tag": "mbi:DerivativeLiabilitiesNotDesignatedAsHedgingInstrumentFairValue", "Fact": 2.0, "Period": "As of 2019-12-31"}, "Labels": {}, "References": {}, "Calculation": {}}, "Fact_18584971": {"Attributes": {"Format": "numdotdecimal", "Sign": "Positive", "Measure": "Unit_USD", "Scale": "6", "Tag": "mbi:DerivativeAssetsNotDesignatedAsHedgingInstrumentFairValue", "Fact": 1.0, "Period": "As of 2019-12-31"}, "Labels": {}, "References": {}, "Calculation": {}}, "Fact_18584972": {"Attributes": {"Format": "numdotdecimal", "Sign": "Positive", "Measure": "Unit_USD", "Scale": "6", "Tag": "mbi:DerivativeLiabilitiesNotDesignatedAsHedgingInstrumentFairValue", "Fact": 132.0, "Period": "As of 2019-12-31"}, "Labels": {}, "References": {}, "Calculation": {}}, "Fact_18584974": {"Attributes": {"Format": "zerodash", "Sign": "Positive", "Measure": "Unit_USD", "Scale": "6", "Tag": "mbi:DerivativeAssetsNotDesignatedAsHedgingInstrumentFairValue", "Fact": "\u2014", "Period": "As of 2019-12-31"}, "Labels": {}, "References": {}, "Calculation": {}}, "Fact_18584975": {"Attributes": {"Format": "numdotdecimal", "Sign": "Positive", "Measure": "Unit_USD", "Scale": "6", "Tag": "mbi:DerivativeLiabilitiesNotDesignatedAsHedgingInstrumentFairValue", "Fact": 15.0, "Period": "As of 2019-12-31"}, "Labels": {}, "References": {}, "Calculation": {}}, "Fact_18584977": {"Attributes": {"Format": "numdotdecimal", "Sign": "Positive", "Measure": "Unit_USD", "Scale": "6", "Tag": "mbi:DerivativeAssetsNotDesignatedAsHedgingInstrumentFairValue", "Fact": 8.0, "Period": "As of 2019-12-31"}, "Labels": {}, "References": {}, "Calculation": {}}, "Fact_18584978": {"Attributes": {"Format": "zerodash", "Sign": "Positive", "Measure": "Unit_USD", "Scale": "6", "Tag": "mbi:DerivativeLiabilitiesNotDesignatedAsHedgingInstrumentFairValue", "Fact": "\u2014", "Period": "As of 2019-12-31"}, "Labels": {}, "References": {}, "Calculation": {}}, "Fact_18584980": {"Attributes": {"Format": "zerodash", "Sign": "Positive", "Measure": "Unit_USD", "Scale": "6", "Tag": "mbi:DerivativeAssetsNotDesignatedAsHedgingInstrumentFairValue", "Fact": "\u2014", "Period": "As of 2019-12-31"}, "Labels": {}, "References": {}, "Calculation": {}}, "Fact_18584981": {"Attributes": {"Format": "numdotdecimal", "Sign": "Positive", "Measure": "Unit_USD", "Scale": "6", "Tag": "mbi:DerivativeLiabilitiesNotDesignatedAsHedgingInstrumentFairValue", "Fact": 34.0, "Period": "As of 2019-12-31"}, "Labels": {}, "References": {}, "Calculation": {}}, "Fact_18584983": {"Attributes": {"Format": "numdotdecimal", "Sign": "Positive", "Measure": "Unit_USD", "Scale": "6", "Tag": "mbi:DerivativeAssetsNotDesignatedAsHedgingInstrumentFairValue", "Fact": 9.0, "Period": "As of 2019-12-31"}, "Labels": {}, "References": {}, "Calculation": {}}, "Fact_18584984": {"Attributes": {"Format": "numdotdecimal", "Sign": "Positive", "Measure": "Unit_USD", "Scale": "6", "Tag": "mbi:DerivativeLiabilitiesNotDesignatedAsHedgingInstrumentFairValue", "Fact": 190.0, "Period": "As of 2019-12-31"}, "Labels": {}, "References": {}, "Calculation": {}}, "Fact_18586405": {"Attributes": {"Format": "numdotdecimal", "Sign": "Positive", "Measure": "Unit_USD", "Scale": "6", "Tag": "us-gaap:DebtInstrumentCarryingAmount", "Fact": 21.0, "Period": "As of 2020-12-31"}, "Labels": {}, "References": {}, "Calculation": {}}, "Fact_18586406": {"Attributes": {"Format": "numdotdecimal", "Sign": "Positive", "Measure": "Unit_USD", "Scale": "6", "Tag": "us-gaap:DebtInstrumentCarryingAmount", "Fact": 21.0, "Period": "As of 2019-12-31"}, "Labels": {}, "References": {}, "Calculation": {}}, "Fact_18586407": {"Attributes": {"Format": "numdotdecimal", "Sign": "Positive", "Measure": "Unit_USD", "Scale": "6", "Tag": "us-gaap:SurplusNotes", "Fact": 940.0, "Period": "As of 2020-12-31"}, "Labels": {}, "References": {}, "Calculation": {}}, "Fact_18586408": {"Attributes": {"Format": "numdotdecimal", "Sign": "Positive", "Measure": "Unit_USD", "Scale": "6", "Tag": "us-gaap:SurplusNotes", "Fact": 940.0, "Period": "As of 2019-12-31"}, "Labels": {}, "References": {}, "Calculation": {}}, "Fact_18586455": {"Attributes": {"Format": "numdotdecimal", "Sign": "Positive", "Measure": "Unit_USD", "Scale": "6", "Tag": "us-gaap:DebtInstrumentCarryingAmount", "Fact": 307.0, "Period": "As of 2020-12-31"}, "Labels": {}, "References": {}, "Calculation": {}}, "Fact_18586456": {"Attributes": {"Format": "numdotdecimal", "Sign": "Positive", "Measure": "Unit_USD", "Scale": "6", "Tag": "mbi:DiscountsNetOfFairValueAdjustmentsAndAccruedInterest", "Fact": 38.0, "Period": "As of 2020-12-31"}, "Labels": {}, "References": {}, "Calculation": {}}, "Fact_18586470": {"Attributes": {"Format": "numdotdecimal", "Sign": "Positive", "Measure": "Unit_USD", "Scale": "6", "Tag": "us-gaap:DebtInstrumentCarryingAmount", "Fact": 917.0, "Period": "As of 2020-12-31"}, "Labels": {}, "References": {}, "Calculation": {}}, "Fact_18586471": {"Attributes": {"Format": "numdotdecimal", "Sign": "Positive", "Measure": "Unit_USD", "Scale": "6", "Tag": "mbi:DiscountsNetOfFairValueAdjustmentsAndAccruedInterest", "Fact": 207.0, "Period": "As of 2020-12-31"}, "Labels": {}, "References": {}, "Calculation": {}}, "Fact_18584989": {"Attributes": {"Format": "numdotdecimal", "Sign": "Positive", "Measure": "Unit_USD", "Scale": "6", "Tag": "mbi:RevenueFromCustomers", "Fact": 102.0, "Period": "2020-01-01 to 2020-01-01"}, "Labels": {}, "References": {}, "Calculation": {}}, "Fact_18584990": {"Attributes": {"Format": "numdotdecimal", "Sign": "Positive", "Measure": "Unit_USD", "Scale": "6", "Tag": "mbi:RevenueFromCustomers", "Fact": 20.0, "Period": "2020-01-01 to 2020-01-01"}, "Labels": {}, "References": {}, "Calculation": {}}, "Fact_18584991": {"Attributes": {"Format": "numdotdecimal", "Sign": "Positive", "Measure": "Unit_USD", "Scale": "6", "Tag": "mbi:RevenueFromCustomers", "Fact": 29.0, "Period": "2020-01-01 to 2020-01-01"}, "Labels": {}, "References": {}, "Calculation": {}}, "Fact_18584992": {"Attributes": {"Format": "zerodash", "Sign": "Positive", "Measure": "Unit_USD", "Scale": "6", "Tag": "mbi:RevenueFromCustomers", "Fact": "\u2014", "Period": "2020-01-01 to 2020-01-01"}, "Labels": {}, "References": {}, "Calculation": {}}, "Fact_18584993": {"Attributes": {"Format": "numdotdecimal", "Sign": "Positive", "Measure": "Unit_USD", "Scale": "6", "Tag": "mbi:RevenueFromCustomers", "Fact": 151.0, "Period": "2020-01-01 to 2020-01-01"}, "Labels": {}, "References": {}, "Calculation": {}}, "Fact_18585535": {"Attributes": {"Format": "numdotdecimal", "Sign": "Positive", "Measure": "Unit_USD", "Scale": "6", "Tag": "mbi:RevenueFromTransactionsWithOtherOperatingSegmentsOfSameEntity", "Fact": 28.0, "Period": "2020-01-01 to 2020-01-01"}, "Labels": {}, "References": {}, "Calculation": {}}, "Fact_18585536": {"Attributes": {"Format": "numdotdecimal", "Sign": "Positive", "Measure": "Unit_USD", "Scale": "6", "Tag": "mbi:RevenueFromTransactionsWithOtherOperatingSegmentsOfSameEntity", "Fact": 66.0, "Period": "2020-01-01 to 2020-01-01"}, "Labels": {}, "References": {}, "Calculation": {}}, "Fact_18585537": {"Attributes": {"Format": "numdotdecimal", "Sign": "Positive", "Measure": "Unit_USD", "Scale": "6", "Tag": "mbi:RevenueFromTransactionsWithOtherOperatingSegmentsOfSameEntity", "Fact": 12.0, "Period": "2020-01-01 to 2020-01-01"}, "Labels": {}, "References": {}, "Calculation": {}}, "Fact_18585538": {"Attributes": {"Format": "numdotdecimal", "Sign": "Negative", "Measure": "Unit_USD", "Scale": "6", "Tag": "mbi:RevenueFromTransactionsWithOtherOperatingSegmentsOfSameEntity", "Fact": 106.0, "Period": "2020-01-01 to 2020-01-01"}, "Labels": {}, "References": {}, "Calculation": {}}, "Fact_18585539": {"Attributes": {"Format": "zerodash", "Sign": "Positive", "Measure": "Unit_USD", "Scale": "6", "Tag": "mbi:RevenueFromTransactionsWithOtherOperatingSegmentsOfSameEntity", "Fact": "\u2014", "Period": "2020-01-01 to 2020-01-01"}, "Labels": {}, "References": {}, "Calculation": {}}, "Fact_18585540": {"Attributes": {"Format": "numdotdecimal", "Sign": "Positive", "Measure": "Unit_USD", "Scale": "6", "Tag": "mbi:ExpenseFromTransactionsWithOtherOperatingSegmentsOfSameEntity", "Fact": 45.0, "Period": "2020-01-01 to 2020-01-01"}, "Labels": {}, "References": {}, "Calculation": {}}, "Fact_18585541": {"Attributes": {"Format": "numdotdecimal", "Sign": "Positive", "Measure": "Unit_USD", "Scale": "6", "Tag": "mbi:ExpenseFromTransactionsWithOtherOperatingSegmentsOfSameEntity", "Fact": 22.0, "Period": "2020-01-01 to 2020-01-01"}, "Labels": {}, "References": {}, "Calculation": {}}, "Fact_18585542": {"Attributes": {"Format": "numdotdecimal", "Sign": "Positive", "Measure": "Unit_USD", "Scale": "6", "Tag": "mbi:ExpenseFromTransactionsWithOtherOperatingSegmentsOfSameEntity", "Fact": 39.0, "Period": "2020-01-01 to 2020-01-01"}, "Labels": {}, "References": {}, "Calculation": {}}, "Fact_18585543": {"Attributes": {"Format": "numdotdecimal", "Sign": "Negative", "Measure": "Unit_USD", "Scale": "6", "Tag": "mbi:ExpenseFromTransactionsWithOtherOperatingSegmentsOfSameEntity", "Fact": 106.0, "Period": "2020-01-01 to 2020-01-01"}, "Labels": {}, "References": {}, "Calculation": {}}, "Fact_18585544": {"Attributes": {"Format": "zerodash", "Sign": "Positive", "Measure": "Unit_USD", "Scale": "6", "Tag": "mbi:ExpenseFromTransactionsWithOtherOperatingSegmentsOfSameEntity", "Fact": "\u2014", "Period": "2020-01-01 to 2020-01-01"}, "Labels": {}, "References": {}, "Calculation": {}}, "Fact_18585052": {"Attributes": {"Format": "numdotdecimal", "Sign": "Negative", "Measure": "Unit_USD", "Scale": "6", "Tag": "us-gaap:Assets", "Fact": 2518.0, "Period": "As of 2020-12-31"}, "Labels": {}, "References": {}, "Calculation": {}}, "Fact_18585054": {"Attributes": {"Format": "numdotdecimal", "Sign": "Positive", "Measure": "Unit_USD", "Scale": "6", "Tag": "mbi:RevenueFromCustomers", "Fact": 139.0, "Period": "2019-01-01 to 2019-01-01"}, "Labels": {}, "References": {}, "Calculation": {}}, "Fact_18585055": {"Attributes": {"Format": "numdotdecimal", "Sign": "Positive", "Measure": "Unit_USD", "Scale": "6", "Tag": "mbi:RevenueFromCustomers", "Fact": 27.0, "Period": "2019-01-01 to 2019-01-01"}, "Labels": {}, "References": {}, "Calculation": {}}, "Fact_18585056": {"Attributes": {"Format": "numdotdecimal", "Sign": "Positive", "Measure": "Unit_USD", "Scale": "6", "Tag": "mbi:RevenueFromCustomers", "Fact": 34.0, "Period": "2019-01-01 to 2019-01-01"}, "Labels": {}, "References": {}, "Calculation": {}}, "Fact_18585057": {"Attributes": {"Format": "zerodash", "Sign": "Positive", "Measure": "Unit_USD", "Scale": "6", "Tag": "mbi:RevenueFromCustomers", "Fact": "\u2014", "Period": "2019-01-01 to 2019-01-01"}, "Labels": {}, "References": {}, "Calculation": {}}, "Fact_18585058": {"Attributes": {"Format": "numdotdecimal", "Sign": "Positive", "Measure": "Unit_USD", "Scale": "6", "Tag": "mbi:RevenueFromCustomers", "Fact": 200.0, "Period": "2019-01-01 to 2019-01-01"}, "Labels": {}, "References": {}, "Calculation": {}}, "Fact_18585084": {"Attributes": {"Format": "numdotdecimal", "Sign": "Positive", "Measure": "Unit_USD", "Scale": "6", "Tag": "mbi:RevenueFromTransactionsWithOtherOperatingSegmentsOfSameEntity", "Fact": 28.0, "Period": "2019-01-01 to 2019-01-01"}, "Labels": {}, "References": {}, "Calculation": {}}, "Fact_18585085": {"Attributes": {"Format": "numdotdecimal", "Sign": "Positive", "Measure": "Unit_USD", "Scale": "6", "Tag": "mbi:RevenueFromTransactionsWithOtherOperatingSegmentsOfSameEntity", "Fact": 62.0, "Period": "2019-01-01 to 2019-01-01"}, "Labels": {}, "References": {}, "Calculation": {}}, "Fact_18585086": {"Attributes": {"Format": "numdotdecimal", "Sign": "Positive", "Measure": "Unit_USD", "Scale": "6", "Tag": "mbi:RevenueFromTransactionsWithOtherOperatingSegmentsOfSameEntity", "Fact": 21.0, "Period": "2019-01-01 to 2019-01-01"}, "Labels": {}, "References": {}, "Calculation": {}}, "Fact_18585087": {"Attributes": {"Format": "numdotdecimal", "Sign": "Negative", "Measure": "Unit_USD", "Scale": "6", "Tag": "mbi:RevenueFromTransactionsWithOtherOperatingSegmentsOfSameEntity", "Fact": 111.0, "Period": "2019-01-01 to 2019-01-01"}, "Labels": {}, "References": {}, "Calculation": {}}, "Fact_18585088": {"Attributes": {"Format": "zerodash", "Sign": "Positive", "Measure": "Unit_USD", "Scale": "6", "Tag": "mbi:RevenueFromTransactionsWithOtherOperatingSegmentsOfSameEntity", "Fact": "\u2014", "Period": "2019-01-01 to 2019-01-01"}, "Labels": {}, "References": {}, "Calculation": {}}, "Fact_18585119": {"Attributes": {"Format": "numdotdecimal", "Sign": "Positive", "Measure": "Unit_USD", "Scale": "6", "Tag": "mbi:ExpenseFromTransactionsWithOtherOperatingSegmentsOfSameEntity", "Fact": 52.0, "Period": "2019-01-01 to 2019-01-01"}, "Labels": {}, "References": {}, "Calculation": {}}, "Fact_18585120": {"Attributes": {"Format": "numdotdecimal", "Sign": "Positive", "Measure": "Unit_USD", "Scale": "6", "Tag": "mbi:ExpenseFromTransactionsWithOtherOperatingSegmentsOfSameEntity", "Fact": 23.0, "Period": "2019-01-01 to 2019-01-01"}, "Labels": {}, "References": {}, "Calculation": {}}, "Fact_18585121": {"Attributes": {"Format": "numdotdecimal", "Sign": "Positive", "Measure": "Unit_USD", "Scale": "6", "Tag": "mbi:ExpenseFromTransactionsWithOtherOperatingSegmentsOfSameEntity", "Fact": 36.0, "Period": "2019-01-01 to 2019-01-01"}, "Labels": {}, "References": {}, "Calculation": {}}, "Fact_18585122": {"Attributes": {"Format": "numdotdecimal", "Sign": "Negative", "Measure": "Unit_USD", "Scale": "6", "Tag": "mbi:ExpenseFromTransactionsWithOtherOperatingSegmentsOfSameEntity", "Fact": 111.0, "Period": "2019-01-01 to 2019-01-01"}, "Labels": {}, "References": {}, "Calculation": {}}, "Fact_18585123": {"Attributes": {"Format": "zerodash", "Sign": "Positive", "Measure": "Unit_USD", "Scale": "6", "Tag": "mbi:ExpenseFromTransactionsWithOtherOperatingSegmentsOfSameEntity", "Fact": "\u2014", "Period": "2019-01-01 to 2019-01-01"}, "Labels": {}, "References": {}, "Calculation": {}}, "Fact_18585137": {"Attributes": {"Format": "numdotdecimal", "Sign": "Negative", "Measure": "Unit_USD", "Scale": "6", "Tag": "us-gaap:Assets", "Fact": 2280.0, "Period": "As of 2019-12-31"}, "Labels": {}, "References": {}, "Calculation": {}}, "Fact_18585139": {"Attributes": {"Format": "numdotdecimal", "Sign": "Positive", "Measure": "Unit_USD", "Scale": "6", "Tag": "mbi:RevenueFromCustomers", "Fact": 178.0, "Period": "2018-01-01 to 2018-01-01"}, "Labels": {}, "References": {}, "Calculation": {}}, "Fact_18585140": {"Attributes": {"Format": "numdotdecimal", "Sign": "Positive", "Measure": "Unit_USD", "Scale": "6", "Tag": "mbi:RevenueFromCustomers", "Fact": 31.0, "Period": "2018-01-01 to 2018-01-01"}, "Labels": {}, "References": {}, "Calculation": {}}, "Fact_18585141": {"Attributes": {"Format": "numdotdecimal", "Sign": "Positive", "Measure": "Unit_USD", "Scale": "6", "Tag": "mbi:RevenueFromCustomers", "Fact": 108.0, "Period": "2018-01-01 to 2018-01-01"}, "Labels": {}, "References": {}, "Calculation": {}}, "Fact_18585142": {"Attributes": {"Format": "zerodash", "Sign": "Positive", "Measure": "Unit_USD", "Scale": "6", "Tag": "mbi:RevenueFromCustomers", "Fact": "\u2014", "Period": "2018-01-01 to 2018-01-01"}, "Labels": {}, "References": {}, "Calculation": {}}, "Fact_18585143": {"Attributes": {"Format": "numdotdecimal", "Sign": "Positive", "Measure": "Unit_USD", "Scale": "6", "Tag": "mbi:RevenueFromCustomers", "Fact": 317.0, "Period": "2018-01-01 to 2018-01-01"}, "Labels": {}, "References": {}, "Calculation": {}}, "Fact_18585169": {"Attributes": {"Format": "numdotdecimal", "Sign": "Positive", "Measure": "Unit_USD", "Scale": "6", "Tag": "mbi:RevenueFromTransactionsWithOtherOperatingSegmentsOfSameEntity", "Fact": 29.0, "Period": "2018-01-01 to 2018-01-01"}, "Labels": {}, "References": {}, "Calculation": {}}, "Fact_18585170": {"Attributes": {"Format": "numdotdecimal", "Sign": "Positive", "Measure": "Unit_USD", "Scale": "6", "Tag": "mbi:RevenueFromTransactionsWithOtherOperatingSegmentsOfSameEntity", "Fact": 45.0, "Period": "2018-01-01 to 2018-01-01"}, "Labels": {}, "References": {}, "Calculation": {}}, "Fact_18585171": {"Attributes": {"Format": "numdotdecimal", "Sign": "Positive", "Measure": "Unit_USD", "Scale": "6", "Tag": "mbi:RevenueFromTransactionsWithOtherOperatingSegmentsOfSameEntity", "Fact": 24.0, "Period": "2018-01-01 to 2018-01-01"}, "Labels": {}, "References": {}, "Calculation": {}}, "Fact_18585172": {"Attributes": {"Format": "numdotdecimal", "Sign": "Negative", "Measure": "Unit_USD", "Scale": "6", "Tag": "mbi:RevenueFromTransactionsWithOtherOperatingSegmentsOfSameEntity", "Fact": 98.0, "Period": "2018-01-01 to 2018-01-01"}, "Labels": {}, "References": {}, "Calculation": {}}, "Fact_18585173": {"Attributes": {"Format": "zerodash", "Sign": "Positive", "Measure": "Unit_USD", "Scale": "6", "Tag": "mbi:RevenueFromTransactionsWithOtherOperatingSegmentsOfSameEntity", "Fact": "\u2014", "Period": "2018-01-01 to 2018-01-01"}, "Labels": {}, "References": {}, "Calculation": {}}, "Fact_18585204": {"Attributes": {"Format": "numdotdecimal", "Sign": "Positive", "Measure": "Unit_USD", "Scale": "6", "Tag": "mbi:ExpenseFromTransactionsWithOtherOperatingSegmentsOfSameEntity", "Fact": 44.0, "Period": "2018-01-01 to 2018-01-01"}, "Labels": {}, "References": {}, "Calculation": {}}, "Fact_18585205": {"Attributes": {"Format": "numdotdecimal", "Sign": "Positive", "Measure": "Unit_USD", "Scale": "6", "Tag": "mbi:ExpenseFromTransactionsWithOtherOperatingSegmentsOfSameEntity", "Fact": 20.0, "Period": "2018-01-01 to 2018-01-01"}, "Labels": {}, "References": {}, "Calculation": {}}, "Fact_18585206": {"Attributes": {"Format": "numdotdecimal", "Sign": "Positive", "Measure": "Unit_USD", "Scale": "6", "Tag": "mbi:ExpenseFromTransactionsWithOtherOperatingSegmentsOfSameEntity", "Fact": 33.0, "Period": "2018-01-01 to 2018-01-01"}, "Labels": {}, "References": {}, "Calculation": {}}, "Fact_18585207": {"Attributes": {"Format": "numdotdecimal", "Sign": "Negative", "Measure": "Unit_USD", "Scale": "6", "Tag": "mbi:ExpenseFromTransactionsWithOtherOperatingSegmentsOfSameEntity", "Fact": 97.0, "Period": "2018-01-01 to 2018-01-01"}, "Labels": {}, "References": {}, "Calculation": {}}, "Fact_18585208": {"Attributes": {"Format": "zerodash", "Sign": "Positive", "Measure": "Unit_USD", "Scale": "6", "Tag": "mbi:ExpenseFromTransactionsWithOtherOperatingSegmentsOfSameEntity", "Fact": "\u2014", "Period": "2018-01-01 to 2018-01-01"}, "Labels": {}, "References": {}, "Calculation": {}}, "Fact_18643122": {"Attributes": {"Format": "numdotdecimal", "Sign": "Positive", "Measure": "Unit_USD", "Scale": "9", "Tag": "mbi:InsuredFinancialObligationsInsuredContractualPaymentsOutstandingGross", "Fact": 25.0, "Period": "As of 2020-12-31"}, "Labels": {}, "References": {}, "Calculation": {}}, "Fact_18643123": {"Attributes": {"Format": "numdotdecimal", "Sign": "Positive", "Measure": "Unit_USD", "Scale": "9", "Tag": "mbi:InsuredFinancialObligationsOutstandingPrincipalAmountGross", "Fact": 12.1, "Period": "As of 2020-12-31"}, "Labels": {}, "References": {}, "Calculation": {}}, "Fact_18643124": {"Attributes": {"Format": "numdotdecimal", "Sign": "Positive", "Measure": "Unit_USD", "Scale": "9", "Tag": "mbi:InsuredFinancialObligationsInsuredContractualPaymentsOutstandingGross", "Fact": 29.1, "Period": "As of 2019-12-31"}, "Labels": {}, "References": {}, "Calculation": {}}, "Fact_18643125": {"Attributes": {"Format": "numdotdecimal", "Sign": "Positive", "Measure": "Unit_USD", "Scale": "9", "Tag": "mbi:InsuredFinancialObligationsOutstandingPrincipalAmountGross", "Fact": 14.3, "Period": "As of 2019-12-31"}, "Labels": {}, "References": {}, "Calculation": {}}, "Fact_18643154": {"Attributes": {"Format": "numdotdecimal", "Sign": "Positive", "Measure": "Unit_USD", "Scale": "9", "Tag": "mbi:InsuredFinancialObligationsInsuredContractualPaymentsOutstandingGross", "Fact": 0.9, "Period": "As of 2020-12-31"}, "Labels": {}, "References": {}, "Calculation": {}}, "Fact_18643155": {"Attributes": {"Format": "numdotdecimal", "Sign": "Positive", "Measure": "Unit_USD", "Scale": "9", "Tag": "mbi:InsuredFinancialObligationsOutstandingPrincipalAmountGross", "Fact": 0.6, "Period": "As of 2020-12-31"}, "Labels": {}, "References": {}, "Calculation": {}}, "Fact_18643156": {"Attributes": {"Format": "numdotdecimal", "Sign": "Positive", "Measure": "Unit_USD", "Scale": "9", "Tag": "mbi:InsuredFinancialObligationsInsuredContractualPaymentsOutstandingGross", "Fact": 1.4, "Period": "As of 2019-12-31"}, "Labels": {}, "References": {}, "Calculation": {}}, "Fact_18643157": {"Attributes": {"Format": "numdotdecimal", "Sign": "Positive", "Measure": "Unit_USD", "Scale": "9", "Tag": "mbi:InsuredFinancialObligationsOutstandingPrincipalAmountGross", "Fact": 0.9, "Period": "As of 2019-12-31"}, "Labels": {}, "References": {}, "Calculation": {}}, "Fact_18643162": {"Attributes": {"Format": "numdotdecimal", "Sign": "Positive", "Measure": "Unit_USD", "Scale": "9", "Tag": "mbi:InsuredFinancialObligationsInsuredContractualPaymentsOutstandingGross", "Fact": 0.1, "Period": "As of 2020-12-31"}, "Labels": {}, "References": {}, "Calculation": {}}, "Fact_18643163": {"Attributes": {"Format": "numdotdecimal", "Sign": "Positive", "Measure": "Unit_USD", "Scale": "9", "Tag": "mbi:InsuredFinancialObligationsOutstandingPrincipalAmountGross", "Fact": 0.1, "Period": "As of 2020-12-31"}, "Labels": {}, "References": {}, "Calculation": {}}, "Fact_18643164": {"Attributes": {"Format": "numdotdecimal", "Sign": "Positive", "Measure": "Unit_USD", "Scale": "9", "Tag": "mbi:InsuredFinancialObligationsInsuredContractualPaymentsOutstandingGross", "Fact": 0.8, "Period": "As of 2019-12-31"}, "Labels": {}, "References": {}, "Calculation": {}}, "Fact_18643165": {"Attributes": {"Format": "numdotdecimal", "Sign": "Positive", "Measure": "Unit_USD", "Scale": "9", "Tag": "mbi:InsuredFinancialObligationsOutstandingPrincipalAmountGross", "Fact": 0.5, "Period": "As of 2019-12-31"}, "Labels": {}, "References": {}, "Calculation": {}}, "Fact_18643570": {"Attributes": {"Format": "numdotdecimal", "Sign": "Positive", "Measure": "Unit_USD", "Scale": "9", "Tag": "mbi:InsuredFinancialObligationsInsuredContractualPaymentsOutstandingGross", "Fact": 0.1, "Period": "As of 2020-12-31"}, "Labels": {}, "References": {}, "Calculation": {}}, "Fact_18643571": {"Attributes": {"Format": "numdotdecimal", "Sign": "Positive", "Measure": "Unit_USD", "Scale": "9", "Tag": "mbi:InsuredFinancialObligationsOutstandingPrincipalAmountGross", "Fact": 0.1, "Period": "As of 2020-12-31"}, "Labels": {}, "References": {}, "Calculation": {}}, "Fact_18643572": {"Attributes": {"Format": "numdotdecimal", "Sign": "Positive", "Measure": "Unit_USD", "Scale": "9", "Tag": "mbi:InsuredFinancialObligationsInsuredContractualPaymentsOutstandingGross", "Fact": 0.2, "Period": "As of 2019-12-31"}, "Labels": {}, "References": {}, "Calculation": {}}, "Fact_18643573": {"Attributes": {"Format": "numdotdecimal", "Sign": "Positive", "Measure": "Unit_USD", "Scale": "9", "Tag": "mbi:InsuredFinancialObligationsOutstandingPrincipalAmountGross", "Fact": 0.1, "Period": "As of 2019-12-31"}, "Labels": {}, "References": {}, "Calculation": {}}, "Fact_18644028": {"Attributes": {"Format": "numdotdecimal", "Sign": "Positive", "Measure": "Unit_USD", "Scale": "9", "Tag": "mbi:InsuredFinancialObligationsInsuredContractualPaymentsOutstandingGross", "Fact": 0.8, "Period": "As of 2020-12-31"}, "Labels": {}, "References": {}, "Calculation": {}}, "Fact_18644029": {"Attributes": {"Format": "numdotdecimal", "Sign": "Positive", "Measure": "Unit_USD", "Scale": "9", "Tag": "mbi:InsuredFinancialObligationsOutstandingPrincipalAmountGross", "Fact": 0.6, "Period": "As of 2020-12-31"}, "Labels": {}, "References": {}, "Calculation": {}}, "Fact_18644030": {"Attributes": {"Format": "numdotdecimal", "Sign": "Positive", "Measure": "Unit_USD", "Scale": "9", "Tag": "mbi:InsuredFinancialObligationsInsuredContractualPaymentsOutstandingGross", "Fact": 3.0, "Period": "As of 2019-12-31"}, "Labels": {}, "References": {}, "Calculation": {}}, "Fact_18644031": {"Attributes": {"Format": "numdotdecimal", "Sign": "Positive", "Measure": "Unit_USD", "Scale": "9", "Tag": "mbi:InsuredFinancialObligationsOutstandingPrincipalAmountGross", "Fact": 1.7, "Period": "As of 2019-12-31"}, "Labels": {}, "References": {}, "Calculation": {}}, "Fact_18586784": {"Attributes": {"Format": "numdotdecimal", "Sign": "Positive", "Measure": "Unit_USD", "Scale": "6", "Tag": "mbi:AggregateAmountOfInsuredParOutstandingCededToReinsurers", "Fact": 584.0, "Period": "As of 2020-12-31"}, "Labels": {}, "References": {}, "Calculation": {}}, "Fact_18586785": {"Attributes": {"Format": "numdotdecimal", "Sign": "Positive", "Measure": "Unit_USD", "Scale": "6", "Tag": "mbi:ReinsuranceRecoverablesSecuredByLettersOfCreditOrTrustAmount", "Fact": 21.0, "Period": "As of 2020-12-31"}, "Labels": {}, "References": {}, "Calculation": {}}, "Fact_18586786": {"Attributes": {"Format": "zerodash", "Sign": "Positive", "Measure": "Unit_USD", "Scale": "6", "Tag": "us-gaap:ReinsurancePayable", "Fact": "\u2014", "Period": "As of 2020-12-31"}, "Labels": {}, "References": {}, "Calculation": {}}, "Fact_18586789": {"Attributes": {"Format": "numdotdecimal", "Sign": "Positive", "Measure": "Unit_USD", "Scale": "6", "Tag": "us-gaap:ReinsurancePayable", "Fact": 37.0, "Period": "As of 2020-12-31"}, "Labels": {}, "References": {}, "Calculation": {}}, "Fact_18586792": {"Attributes": {"Format": "zerodash", "Sign": "Positive", "Measure": "Unit_USD", "Scale": "6", "Tag": "us-gaap:ReinsurancePayable", "Fact": "\u2014", "Period": "As of 2020-12-31"}, "Labels": {}, "References": {}, "Calculation": {}}, "Fact_18586793": {"Attributes": {"Format": "numdotdecimal", "Sign": "Positive", "Measure": "Unit_USD", "Scale": "6", "Tag": "mbi:AggregateAmountOfInsuredParOutstandingCededToReinsurers", "Fact": 55.0, "Period": "As of 2020-12-31"}, "Labels": {}, "References": {}, "Calculation": {}}, "Fact_18586794": {"Attributes": {"Format": "zerodash", "Sign": "Positive", "Measure": "Unit_USD", "Scale": "6", "Tag": "mbi:ReinsuranceRecoverablesSecuredByLettersOfCreditOrTrustAmount", "Fact": "\u2014", "Period": "As of 2020-12-31"}, "Labels": {}, "References": {}, "Calculation": {}}, "Fact_18586795": {"Attributes": {"Format": "numdotdecimal", "Sign": "Positive", "Measure": "Unit_USD", "Scale": "6", "Tag": "us-gaap:ReinsurancePayable", "Fact": 1.0, "Period": "As of 2020-12-31"}, "Labels": {}, "References": {}, "Calculation": {}}, "Fact_18586798": {"Attributes": {"Format": "numdotdecimal", "Sign": "Positive", "Measure": "Unit_USD", "Scale": "6", "Tag": "us-gaap:ReinsurancePayable", "Fact": 38.0, "Period": "As of 2020-12-31"}, "Labels": {}, "References": {}, "Calculation": {}}, "Fact_18585222": {"Attributes": {"Format": "numdotdecimal", "Sign": "Positive", "Measure": "Unit_shares", "Scale": "6", "Tag": "us-gaap:WeightedAverageNumberOfSharesOutstandingBasic", "Fact": 59.1, "Period": "2020-01-01 to 2020-01-01"}, "Labels": {}, "References": {}, "Calculation": {}}, "Fact_18585223": {"Attributes": {"Format": "numdotdecimal", "Sign": "Positive", "Measure": "Unit_shares", "Scale": "6", "Tag": "us-gaap:WeightedAverageNumberOfSharesOutstandingBasic", "Fact": 81.0, "Period": "2019-01-01 to 2019-01-01"}, "Labels": {}, "References": {}, "Calculation": {}}, "Fact_18585224": {"Attributes": {"Format": "numdotdecimal", "Sign": "Positive", "Measure": "Unit_shares", "Scale": "6", "Tag": "us-gaap:WeightedAverageNumberOfSharesOutstandingBasic", "Fact": 89.0, "Period": "2018-01-01 to 2018-01-01"}, "Labels": {}, "References": {}, "Calculation": {}}}