<?xml version="1.0" encoding="UTF-8" ?><root><hidden19941705 type="dict"><Attributes type="dict"><Tag type="str">us-gaap:StockRepurchaseProgramPeriodInForce1</Tag><Fact type="list"><item type="str">P</item><item type="str">3</item><item type="str">Y</item></Fact><Period type="str">2018-03-21 to 2018-03-21</Period></Attributes><Labels type="dict"></Labels><References type="dict"></References><Calculation type="dict"></Calculation></hidden19941705><hidden19941706 type="dict"><Attributes type="dict"><Tag type="str">us-gaap:StockRepurchaseProgramPeriodInForce1</Tag><Fact type="list"><item type="str">P</item><item type="str">3</item><item type="str">Y</item></Fact><Period type="str">2018-11-08 to 2018-11-08</Period></Attributes><Labels type="dict"></Labels><References type="dict"></References><Calculation type="dict"></Calculation></hidden19941706><hidden19941726 type="dict"><Attributes type="dict"><Tag type="str">us-gaap:DebtInstrumentMaturityDateDescription</Tag><Fact type="list"><item type="str">t</item><item type="str">h</item><item type="str">e</item><item type="str"> </item><item type="str">P</item><item type="str">h</item><item type="str">i</item><item type="str">l</item><item type="str">i</item><item type="str">p</item><item type="str">p</item><item type="str">i</item><item type="str">n</item><item type="str">e</item><item type="str"> </item><item type="str">C</item><item type="str">r</item><item type="str">e</item><item type="str">d</item><item type="str">i</item><item type="str">t</item><item type="str"> </item><item type="str">F</item><item type="str">a</item><item type="str">c</item><item type="str">i</item><item type="str">l</item><item type="str">i</item><item type="str">t</item><item type="str">y</item><item type="str"> </item><item type="str">a</item><item type="str">v</item><item type="str">a</item><item type="str">i</item><item type="str">l</item><item type="str">a</item><item type="str">b</item><item type="str">i</item><item type="str">l</item><item type="str">i</item><item type="str">t</item><item type="str">y</item><item type="str"> </item><item type="str">p</item><item type="str">e</item><item type="str">r</item><item type="str">i</item><item type="str">o</item><item type="str">d</item><item type="str">,</item><item type="str"> </item><item type="str">a</item><item type="str">s</item><item type="str"> </item><item type="str">a</item><item type="str">m</item><item type="str">e</item><item type="str">n</item><item type="str">d</item><item type="str">e</item><item type="str">d</item><item type="str"> </item><item type="str">f</item><item type="str">r</item><item type="str">o</item><item type="str">m</item><item type="str"> </item><item type="str">t</item><item type="str">i</item><item type="str">m</item><item type="str">e</item><item type="str"> </item><item type="str">t</item><item type="str">o</item><item type="str"> </item><item type="str">t</item><item type="str">i</item><item type="str">m</item><item type="str">e</item><item type="str">,</item><item type="str"> </item><item type="str">i</item><item type="str">s</item><item type="str"> </item><item type="str">u</item><item type="str">p</item><item type="str"> </item><item type="str">t</item><item type="str">o</item><item type="str"> </item><item type="str">J</item><item type="str">a</item><item type="str">n</item><item type="str">u</item><item type="str">a</item><item type="str">r</item><item type="str">y</item><item type="str"> </item><item type="str">3</item><item type="str">1</item><item type="str">,</item><item type="str"> </item><item type="str">2</item><item type="str">0</item><item type="str">2</item><item type="str">1</item><item type="str"> </item><item type="str">a</item><item type="str">n</item><item type="str">d</item><item type="str"> </item><item type="str">w</item><item type="str">a</item><item type="str">s</item><item type="str"> </item><item type="str">f</item><item type="str">u</item><item type="str">r</item><item type="str">t</item><item type="str">h</item><item type="str">e</item><item type="str">r</item><item type="str"> </item><item type="str">e</item><item type="str">x</item><item type="str">t</item><item type="str">e</item><item type="str">n</item><item type="str">d</item><item type="str">e</item><item type="str">d</item><item type="str"> </item><item type="str">t</item><item type="str">o</item><item type="str"> </item><item type="str">M</item><item type="str">a</item><item type="str">y</item><item type="str"> </item><item type="str">1</item><item type="str">,</item><item type="str"> </item><item type="str">2</item><item type="str">0</item><item type="str">2</item><item type="str">1</item><item type="str"> </item><item type="str">i</item><item type="str">n</item><item type="str"> </item><item type="str">J</item><item type="str">a</item><item type="str">n</item><item type="str">u</item><item type="str">a</item><item type="str">r</item><item type="str">y</item><item type="str"> </item><item type="str">2</item><item type="str">0</item><item type="str">2</item><item type="str">1</item><item type="str">,</item><item type="str"> </item><item type="str">a</item><item type="str">n</item><item type="str">d</item><item type="str"> </item><item type="str">t</item><item type="str">h</item><item type="str">e</item><item type="str"> </item><item type="str">m</item><item type="str">a</item><item type="str">t</item><item type="str">u</item><item type="str">r</item><item type="str">i</item><item type="str">t</item><item type="str">y</item><item type="str"> </item><item type="str">d</item><item type="str">a</item><item type="str">t</item><item type="str">e</item><item type="str"> </item><item type="str">o</item><item type="str">f</item><item type="str"> </item><item type="str">e</item><item type="str">a</item><item type="str">c</item><item type="str">h</item><item type="str"> </item><item type="str">i</item><item type="str">n</item><item type="str">d</item><item type="str">i</item><item type="str">v</item><item type="str">i</item><item type="str">d</item><item type="str">u</item><item type="str">a</item><item type="str">l</item><item type="str"> </item><item type="str">d</item><item type="str">r</item><item type="str">a</item><item type="str">w</item><item type="str">d</item><item type="str">o</item><item type="str">w</item><item type="str">n</item><item type="str">,</item><item type="str"> </item><item type="str">a</item><item type="str">s</item><item type="str"> </item><item type="str">a</item><item type="str">m</item><item type="str">e</item><item type="str">n</item><item type="str">d</item><item type="str">e</item><item type="str">d</item><item type="str"> </item><item type="str">f</item><item type="str">r</item><item type="str">o</item><item type="str">m</item><item type="str"> </item><item type="str">t</item><item type="str">i</item><item type="str">m</item><item type="str">e</item><item type="str"> </item><item type="str">t</item><item type="str">o</item><item type="str"> </item><item type="str">t</item><item type="str">i</item><item type="str">m</item><item type="str">e</item><item type="str">,</item><item type="str"> </item><item type="str">t</item><item type="str">o</item><item type="str"> </item><item type="str">b</item><item type="str">e</item><item type="str"> </item><item type="str">t</item><item type="str">h</item><item type="str">e</item><item type="str"> </item><item type="str">e</item><item type="str">a</item><item type="str">r</item><item type="str">l</item><item type="str">i</item><item type="str">e</item><item type="str">r</item><item type="str"> </item><item type="str">o</item><item type="str">f</item><item type="str">:</item><item type="str"> </item><item type="str">(</item><item type="str">i</item><item type="str">)</item><item type="str"> </item><item type="str">t</item><item type="str">h</item><item type="str">e</item><item type="str"> </item><item type="str">d</item><item type="str">a</item><item type="str">t</item><item type="str">e</item><item type="str"> </item><item type="str">w</item><item type="str">h</item><item type="str">i</item><item type="str">c</item><item type="str">h</item><item type="str"> </item><item type="str">i</item><item type="str">s</item><item type="str"> </item><item type="str">1</item><item type="str">8</item><item type="str">0</item><item type="str"> </item><item type="str">d</item><item type="str">a</item><item type="str">y</item><item type="str">s</item><item type="str"> </item><item type="str">f</item><item type="str">r</item><item type="str">o</item><item type="str">m</item><item type="str"> </item><item type="str">t</item><item type="str">h</item><item type="str">e</item><item type="str"> </item><item type="str">d</item><item type="str">a</item><item type="str">t</item><item type="str">e</item><item type="str"> </item><item type="str">o</item><item type="str">f</item><item type="str"> </item><item type="str">d</item><item type="str">r</item><item type="str">a</item><item type="str">w</item><item type="str">d</item><item type="str">o</item><item type="str">w</item><item type="str">n</item><item type="str">,</item><item type="str"> </item><item type="str">a</item><item type="str">n</item><item type="str">d</item><item type="str"> </item><item type="str">(</item><item type="str">i</item><item type="str">i</item><item type="str">)</item><item type="str"> </item><item type="str">t</item><item type="str">h</item><item type="str">e</item><item type="str"> </item><item type="str">d</item><item type="str">a</item><item type="str">t</item><item type="str">e</item><item type="str"> </item><item type="str">w</item><item type="str">h</item><item type="str">i</item><item type="str">c</item><item type="str">h</item><item type="str"> </item><item type="str">i</item><item type="str">s</item><item type="str"> </item><item type="str">1</item><item type="str">8</item><item type="str">0</item><item type="str"> </item><item type="str">d</item><item type="str">a</item><item type="str">y</item><item type="str">s</item><item type="str"> </item><item type="str">a</item><item type="str">f</item><item type="str">t</item><item type="str">e</item><item type="str">r</item><item type="str"> </item><item type="str">t</item><item type="str">h</item><item type="str">e</item><item type="str"> </item><item type="str">e</item><item type="str">n</item><item type="str">d</item><item type="str"> </item><item type="str">o</item><item type="str">f</item><item type="str"> </item><item type="str">t</item><item type="str">h</item><item type="str">e</item><item type="str"> </item><item type="str">a</item><item type="str">v</item><item type="str">a</item><item type="str">i</item><item type="str">l</item><item type="str">a</item><item type="str">b</item><item type="str">i</item><item type="str">l</item><item type="str">i</item><item type="str">t</item><item type="str">y</item><item type="str"> </item><item type="str">p</item><item type="str">e</item><item type="str">r</item><item type="str">i</item><item type="str">o</item><item type="str">d</item><item type="str">.</item></Fact><Period type="str">2020-01-01 to 2020-01-01</Period></Attributes><Labels type="dict"></Labels><References type="dict"></References><Calculation type="dict"></Calculation></hidden19941726><hidden19941700 type="dict"><Attributes type="dict"><Sign type="str">Positive</Sign><Measure type="str">Unit_pure</Measure><Tag type="str">mlco:GroundsForRevocationOfLicenseExceedingDebtToEquityRatio</Tag><Fact type="float">2.33</Fact><Period type="str">2020-01-01 to 2020-01-01</Period></Attributes><Labels type="dict"></Labels><References type="dict"></References><Calculation type="dict"></Calculation></hidden19941700><hidden19941719 type="dict"><Attributes type="dict"><Tag type="str">us-gaap:ShareBasedCompensationArrangementByShareBasedPaymentAwardAwardVestingPeriod1</Tag><Fact type="list"><item type="str">P</item><item type="str">2</item><item type="str">Y</item></Fact><Period type="str">2020-01-01 to 2020-01-01</Period></Attributes><Labels type="dict"></Labels><References type="dict"></References><Calculation type="dict"></Calculation></hidden19941719><hidden19941720 type="dict"><Attributes type="dict"><Tag type="str">us-gaap:ShareBasedCompensationArrangementByShareBasedPaymentAwardAwardVestingPeriod1</Tag><Fact type="list"><item type="str">P</item><item type="str">2</item><item type="str">Y</item></Fact><Period type="str">2020-01-01 to 2020-01-01</Period></Attributes><Labels type="dict"></Labels><References type="dict"></References><Calculation type="dict"></Calculation></hidden19941720><hidden19941721 type="dict"><Attributes type="dict"><Tag type="str">us-gaap:ShareBasedCompensationArrangementByShareBasedPaymentAwardAwardVestingPeriod1</Tag><Fact type="list"><item type="str">P</item><item type="str">2</item><item type="str">Y</item></Fact><Period type="str">2018-01-01 to 2018-01-01</Period></Attributes><Labels type="dict"></Labels><References type="dict"></References><Calculation type="dict"></Calculation></hidden19941721><hidden19941740 type="dict"><Attributes type="dict"><Tag type="str">us-gaap:ShareBasedCompensationArrangementByShareBasedPaymentAwardAwardVestingPeriod1</Tag><Fact type="list"><item type="str">P</item><item type="str">2</item><item type="str">Y</item></Fact><Period type="str">2020-01-01 to 2020-01-01</Period></Attributes><Labels type="dict"></Labels><References type="dict"></References><Calculation type="dict"></Calculation></hidden19941740><hidden19942511 type="dict"><Attributes type="dict"><Tag type="str">mlco:DescriptionOfApprovalOfAmendedArticlesOfIncorporationOfPlan</Tag><Fact type="list"><item type="str">O</item><item type="str">n</item><item type="str"> </item><item type="str">A</item><item type="str">p</item><item type="str">r</item><item type="str">i</item><item type="str">l</item><item type="str"> </item><item type="str">2</item><item type="str">4</item><item type="str">,</item><item type="str"> </item><item type="str">2</item><item type="str">0</item><item type="str">1</item><item type="str">9</item><item type="str"> </item><item type="str">a</item><item type="str">n</item><item type="str">d</item><item type="str"> </item><item type="str">J</item><item type="str">u</item><item type="str">n</item><item type="str">e</item><item type="str"> </item><item type="str">2</item><item type="str">4</item><item type="str">,</item><item type="str"> </item><item type="str">2</item><item type="str">0</item><item type="str">1</item><item type="str">9</item><item type="str">,</item><item type="str"> </item><item type="str">t</item><item type="str">h</item><item type="str">e</item><item type="str"> </item><item type="str">b</item><item type="str">o</item><item type="str">a</item><item type="str">r</item><item type="str">d</item><item type="str"> </item><item type="str">a</item><item type="str">n</item><item type="str">d</item><item type="str"> </item><item type="str">t</item><item type="str">h</item><item type="str">e</item><item type="str"> </item><item type="str">s</item><item type="str">t</item><item type="str">o</item><item type="str">c</item><item type="str">k</item><item type="str">h</item><item type="str">o</item><item type="str">l</item><item type="str">d</item><item type="str">e</item><item type="str">r</item><item type="str">s</item><item type="str"> </item><item type="str">o</item><item type="str">f</item><item type="str"> </item><item type="str">M</item><item type="str">R</item><item type="str">P</item><item type="str"> </item><item type="str">a</item><item type="str">p</item><item type="str">p</item><item type="str">r</item><item type="str">o</item><item type="str">v</item><item type="str">e</item><item type="str">d</item><item type="str"> </item><item type="str">a</item><item type="str">n</item><item type="str"> </item><item type="str">a</item><item type="str">m</item><item type="str">e</item><item type="str">n</item><item type="str">d</item><item type="str">m</item><item type="str">e</item><item type="str">n</item><item type="str">t</item><item type="str"> </item><item type="str">t</item><item type="str">o</item><item type="str"> </item><item type="str">t</item><item type="str">h</item><item type="str">e</item><item type="str"> </item><item type="str">A</item><item type="str">m</item><item type="str">e</item><item type="str">n</item><item type="str">d</item><item type="str">e</item><item type="str">d</item><item type="str"> </item><item type="str">A</item><item type="str">r</item><item type="str">t</item><item type="str">i</item><item type="str">c</item><item type="str">l</item><item type="str">e</item><item type="str">s</item><item type="str"> </item><item type="str">o</item><item type="str">f</item><item type="str"> </item><item type="str">I</item><item type="str">n</item><item type="str">c</item><item type="str">o</item><item type="str">r</item><item type="str">p</item><item type="str">o</item><item type="str">r</item><item type="str">a</item><item type="str">t</item><item type="str">i</item><item type="str">o</item><item type="str">n</item><item type="str"> </item><item type="str">o</item><item type="str">f</item><item type="str"> </item><item type="str">M</item><item type="str">R</item><item type="str">P</item><item type="str">,</item><item type="str"> </item><item type="str">r</item><item type="str">e</item><item type="str">s</item><item type="str">p</item><item type="str">e</item><item type="str">c</item><item type="str">t</item><item type="str">i</item><item type="str">v</item><item type="str">e</item><item type="str">l</item><item type="str">y</item><item type="str">,</item><item type="str"> </item><item type="str">w</item><item type="str">h</item><item type="str">e</item><item type="str">r</item><item type="str">e</item><item type="str">b</item><item type="str">y</item><item type="str">,</item><item type="str"> </item><item type="str">w</item><item type="str">i</item><item type="str">t</item><item type="str">h</item><item type="str">o</item><item type="str">u</item><item type="str">t</item><item type="str"> </item><item type="str">c</item><item type="str">h</item><item type="str">a</item><item type="str">n</item><item type="str">g</item><item type="str">i</item><item type="str">n</item><item type="str">g</item><item type="str"> </item><item type="str">t</item><item type="str">h</item><item type="str">e</item><item type="str"> </item><item type="str">t</item><item type="str">o</item><item type="str">t</item><item type="str">a</item><item type="str">l</item><item type="str"> </item><item type="str">a</item><item type="str">m</item><item type="str">o</item><item type="str">u</item><item type="str">n</item><item type="str">t</item><item type="str"> </item><item type="str">o</item><item type="str">f</item><item type="str"> </item><item type="str">t</item><item type="str">h</item><item type="str">e</item><item type="str"> </item><item type="str">a</item><item type="str">u</item><item type="str">t</item><item type="str">h</item><item type="str">o</item><item type="str">r</item><item type="str">i</item><item type="str">z</item><item type="str">e</item><item type="str">d</item><item type="str"> </item><item type="str">c</item><item type="str">a</item><item type="str">p</item><item type="str">i</item><item type="str">t</item><item type="str">a</item><item type="str">l</item><item type="str"> </item><item type="str">s</item><item type="str">t</item><item type="str">o</item><item type="str">c</item><item type="str">k</item><item type="str">,</item><item type="str"> </item><item type="str">t</item><item type="str">h</item><item type="str">e</item><item type="str"> </item><item type="str">p</item><item type="str">a</item><item type="str">r</item><item type="str"> </item><item type="str">v</item><item type="str">a</item><item type="str">l</item><item type="str">u</item><item type="str">e</item><item type="str"> </item><item type="str">p</item><item type="str">e</item><item type="str">r</item><item type="str"> </item><item type="str">M</item><item type="str">R</item><item type="str">P</item><item type="str"> </item><item type="str">c</item><item type="str">o</item><item type="str">m</item><item type="str">m</item><item type="str">o</item><item type="str">n</item><item type="str"> </item><item type="str">s</item><item type="str">h</item><item type="str">a</item><item type="str">r</item><item type="str">e</item><item type="str"> </item><item type="str">w</item><item type="str">a</item><item type="str">s</item><item type="str"> </item><item type="str">i</item><item type="str">n</item><item type="str">c</item><item type="str">r</item><item type="str">e</item><item type="str">a</item><item type="str">s</item><item type="str">e</item><item type="str">d</item><item type="str"> </item><item type="str">f</item><item type="str">r</item><item type="str">o</item><item type="str">m</item></Fact><Period type="str">2020-01-01 to 2020-01-01</Period></Attributes><Labels type="dict"></Labels><References type="dict"></References><Calculation type="dict"></Calculation></hidden19942511><Fact_19940692 type="dict"><Attributes type="dict"><Format type="str">numdotdecimal</Format><Sign type="str">Positive</Sign><Measure type="str">Unit_USD</Measure><Scale type="str">3</Scale><Tag type="str">us-gaap:AllowanceForDoubtfulAccountsReceivable</Tag><Fact type="float">333792.0</Fact><Period type="str">As of 2020-12-31</Period></Attributes><Labels type="dict"></Labels><References type="dict"></References><Calculation type="dict"></Calculation></Fact_19940692><Fact_19940693 type="dict"><Attributes type="dict"><Format type="str">numdotdecimal</Format><Sign type="str">Positive</Sign><Measure type="str">Unit_USD</Measure><Scale type="str">3</Scale><Tag type="str">us-gaap:AllowanceForDoubtfulAccountsReceivable</Tag><Fact type="float">258019.0</Fact><Period type="str">As of 2019-12-31</Period></Attributes><Labels type="dict"></Labels><References type="dict"></References><Calculation type="dict"></Calculation></Fact_19940693><Fact_19942480 type="dict"><Attributes type="dict"><Format type="str">numdotdecimal</Format><Sign type="str">Positive</Sign><Measure type="str">Unit_USD</Measure><Scale type="str">3</Scale><Tag type="str">us-gaap:Goodwill</Tag><Fact type="float">81915.0</Fact><Period type="str">As of 2017-12-31</Period></Attributes><Labels type="dict"></Labels><References type="dict"></References><Calculation type="dict"></Calculation></Fact_19942480><Fact_19942481 type="dict"><Attributes type="dict"><Format type="str">zerodash</Format><Sign type="str">Positive</Sign><Measure type="str">Unit_USD</Measure><Scale type="str">3</Scale><Tag type="str">us-gaap:Goodwill</Tag><Fact type="list"><item type="str">—</item></Fact><Period type="str">As of 2017-12-31</Period></Attributes><Labels type="dict"></Labels><References type="dict"></References><Calculation type="dict"></Calculation></Fact_19942481><Fact_19942287 type="dict"><Attributes type="dict"><Format type="str">numdotdecimal</Format><Sign type="str">Negative</Sign><Measure type="str">Unit_USD</Measure><Scale type="str">3</Scale><Tag type="str">us-gaap:GoodwillForeignCurrencyTranslationGainLoss</Tag><Fact type="float">539.0</Fact><Period type="str">2018-01-01 to 2018-01-01</Period></Attributes><Labels type="dict"></Labels><References type="dict"></References><Calculation type="dict"></Calculation></Fact_19942287><Fact_19942483 type="dict"><Attributes type="dict"><Format type="str">numdotdecimal</Format><Sign type="str">Positive</Sign><Measure type="str">Unit_USD</Measure><Scale type="str">3</Scale><Tag type="str">us-gaap:Goodwill</Tag><Fact type="float">81376.0</Fact><Period type="str">As of 2018-12-31</Period></Attributes><Labels type="dict"></Labels><References type="dict"></References><Calculation type="dict"></Calculation></Fact_19942483><Fact_19942484 type="dict"><Attributes type="dict"><Format type="str">zerodash</Format><Sign type="str">Positive</Sign><Measure type="str">Unit_USD</Measure><Scale type="str">3</Scale><Tag type="str">us-gaap:Goodwill</Tag><Fact type="list"><item type="str">—</item></Fact><Period type="str">As of 2018-12-31</Period></Attributes><Labels type="dict"></Labels><References type="dict"></References><Calculation type="dict"></Calculation></Fact_19942484><Fact_19942291 type="dict"><Attributes type="dict"><Format type="str">numdotdecimal</Format><Sign type="str">Positive</Sign><Measure type="str">Unit_USD</Measure><Scale type="str">3</Scale><Tag type="str">us-gaap:GoodwillAcquiredDuringPeriod</Tag><Fact type="float">13731.0</Fact><Period type="str">2019-01-01 to 2019-01-01</Period></Attributes><Labels type="dict"></Labels><References type="dict"></References><Calculation type="dict"></Calculation></Fact_19942291><Fact_19942293 type="dict"><Attributes type="dict"><Format type="str">numdotdecimal</Format><Sign type="str">Positive</Sign><Measure type="str">Unit_USD</Measure><Scale type="str">3</Scale><Tag type="str">us-gaap:GoodwillForeignCurrencyTranslationGainLoss</Tag><Fact type="float">444.0</Fact><Period type="str">2019-01-01 to 2019-01-01</Period></Attributes><Labels type="dict"></Labels><References type="dict"></References><Calculation type="dict"></Calculation></Fact_19942293><Fact_19942294 type="dict"><Attributes type="dict"><Format type="str">numdotdecimal</Format><Sign type="str">Positive</Sign><Measure type="str">Unit_USD</Measure><Scale type="str">3</Scale><Tag type="str">us-gaap:GoodwillForeignCurrencyTranslationGainLoss</Tag><Fact type="float">69.0</Fact><Period type="str">2019-01-01 to 2019-01-01</Period></Attributes><Labels type="dict"></Labels><References type="dict"></References><Calculation type="dict"></Calculation></Fact_19942294><Fact_19942486 type="dict"><Attributes type="dict"><Format type="str">numdotdecimal</Format><Sign type="str">Positive</Sign><Measure type="str">Unit_USD</Measure><Scale type="str">3</Scale><Tag type="str">us-gaap:Goodwill</Tag><Fact type="float">81820.0</Fact><Period type="str">As of 2019-12-31</Period></Attributes><Labels type="dict"></Labels><References type="dict"></References><Calculation type="dict"></Calculation></Fact_19942486><Fact_19942487 type="dict"><Attributes type="dict"><Format type="str">numdotdecimal</Format><Sign type="str">Positive</Sign><Measure type="str">Unit_USD</Measure><Scale type="str">3</Scale><Tag type="str">us-gaap:Goodwill</Tag><Fact type="float">13800.0</Fact><Period type="str">As of 2019-12-31</Period></Attributes><Labels type="dict"></Labels><References type="dict"></References><Calculation type="dict"></Calculation></Fact_19942487><Fact_19942299 type="dict"><Attributes type="dict"><Format type="str">numdotdecimal</Format><Sign type="str">Positive</Sign><Measure type="str">Unit_USD</Measure><Scale type="str">3</Scale><Tag type="str">us-gaap:GoodwillImpairmentLoss</Tag><Fact type="float">13867.0</Fact><Period type="str">2020-01-01 to 2020-01-01</Period></Attributes><Labels type="dict"></Labels><References type="dict"></References><Calculation type="dict"></Calculation></Fact_19942299><Fact_19942301 type="dict"><Attributes type="dict"><Format type="str">numdotdecimal</Format><Sign type="str">Positive</Sign><Measure type="str">Unit_USD</Measure><Scale type="str">3</Scale><Tag type="str">us-gaap:GoodwillForeignCurrencyTranslationGainLoss</Tag><Fact type="float">383.0</Fact><Period type="str">2020-01-01 to 2020-01-01</Period></Attributes><Labels type="dict"></Labels><References type="dict"></References><Calculation type="dict"></Calculation></Fact_19942301><Fact_19942302 type="dict"><Attributes type="dict"><Format type="str">numdotdecimal</Format><Sign type="str">Positive</Sign><Measure type="str">Unit_USD</Measure><Scale type="str">3</Scale><Tag type="str">us-gaap:GoodwillForeignCurrencyTranslationGainLoss</Tag><Fact type="float">67.0</Fact><Period type="str">2020-01-01 to 2020-01-01</Period></Attributes><Labels type="dict"></Labels><References type="dict"></References><Calculation type="dict"></Calculation></Fact_19942302><Fact_19942489 type="dict"><Attributes type="dict"><Format type="str">numdotdecimal</Format><Sign type="str">Positive</Sign><Measure type="str">Unit_USD</Measure><Scale type="str">3</Scale><Tag type="str">us-gaap:Goodwill</Tag><Fact type="float">82203.0</Fact><Period type="str">As of 2020-12-31</Period></Attributes><Labels type="dict"></Labels><References type="dict"></References><Calculation type="dict"></Calculation></Fact_19942489><Fact_19940817 type="dict"><Attributes type="dict"><Format type="str">numdotdecimal</Format><Sign type="str">Positive</Sign><Measure type="str">Unit_USD</Measure><Scale type="str">3</Scale><Tag type="str">us-gaap:LongTermDebt</Tag><Fact type="float">129.0</Fact><Period type="str">As of 2020-12-31</Period></Attributes><Labels type="dict"></Labels><References type="dict"></References><Calculation type="dict"></Calculation></Fact_19940817><Fact_19940818 type="dict"><Attributes type="dict"><Format type="str">numdotdecimal</Format><Sign type="str">Positive</Sign><Measure type="str">Unit_USD</Measure><Scale type="str">3</Scale><Tag type="str">us-gaap:LongTermDebt</Tag><Fact type="float">1108.0</Fact><Period type="str">As of 2019-12-31</Period></Attributes><Labels type="dict"></Labels><References type="dict"></References><Calculation type="dict"></Calculation></Fact_19940818><Fact_19940819 type="dict"><Attributes type="dict"><Format type="str">numdotdecimal</Format><Sign type="str">Positive</Sign><Measure type="str">Unit_USD</Measure><Scale type="str">3</Scale><Tag type="str">us-gaap:LongTermDebt</Tag><Fact type="float">249910.0</Fact><Period type="str">As of 2020-12-31</Period></Attributes><Labels type="dict"></Labels><References type="dict"></References><Calculation type="dict"></Calculation></Fact_19940819><Fact_19940820 type="dict"><Attributes type="dict"><Format type="str">numdotdecimal</Format><Sign type="str">Positive</Sign><Measure type="str">Unit_USD</Measure><Scale type="str">3</Scale><Tag type="str">us-gaap:LongTermDebt</Tag><Fact type="float">129.0</Fact><Period type="str">As of 2020-12-31</Period></Attributes><Labels type="dict"></Labels><References type="dict"></References><Calculation type="dict"></Calculation></Fact_19940820><Fact_19940821 type="dict"><Attributes type="dict"><Format type="str">numdotdecimal</Format><Sign type="str">Positive</Sign><Measure type="str">Unit_USD</Measure><Scale type="str">3</Scale><Tag type="str">us-gaap:LongTermDebt</Tag><Fact type="float">128.0</Fact><Period type="str">As of 2019-12-31</Period></Attributes><Labels type="dict"></Labels><References type="dict"></References><Calculation type="dict"></Calculation></Fact_19940821><Fact_19941560 type="dict"><Attributes type="dict"><Format type="str">numdotdecimal</Format><Sign type="str">Positive</Sign><Measure type="str">Unit_USD</Measure><Scale type="str">3</Scale><Tag type="str">mlco:ManagementFeeIncome</Tag><Fact type="float">1056.0</Fact><Period type="str">2019-01-01 to 2019-01-01</Period></Attributes><Labels type="dict"></Labels><References type="dict"></References><Calculation type="dict"></Calculation></Fact_19941560><Fact_19941561 type="dict"><Attributes type="dict"><Format type="str">numdotdecimal</Format><Sign type="str">Positive</Sign><Measure type="str">Unit_USD</Measure><Scale type="str">3</Scale><Tag type="str">mlco:ManagementFeeIncome</Tag><Fact type="float">1903.0</Fact><Period type="str">2018-01-01 to 2018-01-01</Period></Attributes><Labels type="dict"></Labels><References type="dict"></References><Calculation type="dict"></Calculation></Fact_19941561><Fact_19941562 type="dict"><Attributes type="dict"><Format type="str">numdotdecimal</Format><Sign type="str">Positive</Sign><Measure type="str">Unit_USD</Measure><Scale type="str">3</Scale><Tag type="str">us-gaap:ManagementFeeExpense</Tag><Fact type="float">1477.0</Fact><Period type="str">2020-01-01 to 2020-01-01</Period></Attributes><Labels type="dict"></Labels><References type="dict"></References><Calculation type="dict"></Calculation></Fact_19941562><Fact_19941563 type="dict"><Attributes type="dict"><Format type="str">numdotdecimal</Format><Sign type="str">Positive</Sign><Measure type="str">Unit_USD</Measure><Scale type="str">3</Scale><Tag type="str">us-gaap:ManagementFeeExpense</Tag><Fact type="float">2798.0</Fact><Period type="str">2019-01-01 to 2019-01-01</Period></Attributes><Labels type="dict"></Labels><References type="dict"></References><Calculation type="dict"></Calculation></Fact_19941563><Fact_19941564 type="dict"><Attributes type="dict"><Format type="str">numdotdecimal</Format><Sign type="str">Positive</Sign><Measure type="str">Unit_USD</Measure><Scale type="str">3</Scale><Tag type="str">us-gaap:ManagementFeeExpense</Tag><Fact type="float">4339.0</Fact><Period type="str">2018-01-01 to 2018-01-01</Period></Attributes><Labels type="dict"></Labels><References type="dict"></References><Calculation type="dict"></Calculation></Fact_19941564><Fact_19941565 type="dict"><Attributes type="dict"><Format type="str">numdotdecimal</Format><Sign type="str">Positive</Sign><Measure type="str">Unit_USD</Measure><Scale type="str">3</Scale><Tag type="str">us-gaap:ManagementFeeExpense</Tag><Fact type="float">1316.0</Fact><Period type="str">2019-01-01 to 2019-01-01</Period></Attributes><Labels type="dict"></Labels><References type="dict"></References><Calculation type="dict"></Calculation></Fact_19941565><Fact_19941566 type="dict"><Attributes type="dict"><Format type="str">numdotdecimal</Format><Sign type="str">Positive</Sign><Measure type="str">Unit_USD</Measure><Scale type="str">3</Scale><Tag type="str">us-gaap:ManagementFeeExpense</Tag><Fact type="float">3790.0</Fact><Period type="str">2018-01-01 to 2018-01-01</Period></Attributes><Labels type="dict"></Labels><References type="dict"></References><Calculation type="dict"></Calculation></Fact_19941566><Fact_19942320 type="dict"><Attributes type="dict"><Format type="str">numdotdecimal</Format><Sign type="str">Positive</Sign><Measure type="str">Unit_USD</Measure><Scale type="str">3</Scale><Tag type="str">us-gaap:AllocatedShareBasedCompensationExpense</Tag><Fact type="float">7021.0</Fact><Period type="str">2020-01-01 to 2020-01-01</Period></Attributes><Labels type="dict"></Labels><References type="dict"></References><Calculation type="dict"></Calculation></Fact_19942320><Fact_19942321 type="dict"><Attributes type="dict"><Format type="str">numdotdecimal</Format><Sign type="str">Positive</Sign><Measure type="str">Unit_USD</Measure><Scale type="str">3</Scale><Tag type="str">us-gaap:AllocatedShareBasedCompensationExpense</Tag><Fact type="float">2218.0</Fact><Period type="str">2019-01-01 to 2019-01-01</Period></Attributes><Labels type="dict"></Labels><References type="dict"></References><Calculation type="dict"></Calculation></Fact_19942321><Fact_19941567 type="dict"><Attributes type="dict"><Format type="str">numdotdecimal</Format><Sign type="str">Positive</Sign><Measure type="str">Unit_USD</Measure><Scale type="str">3</Scale><Tag type="str">mlco:ConsultancyFeeExpense</Tag><Fact type="float">10031.0</Fact><Period type="str">2019-01-01 to 2019-01-01</Period></Attributes><Labels type="dict"></Labels><References type="dict"></References><Calculation type="dict"></Calculation></Fact_19941567><Fact_19941568 type="dict"><Attributes type="dict"><Format type="str">numdotdecimal</Format><Sign type="str">Positive</Sign><Measure type="str">Unit_USD</Measure><Scale type="str">3</Scale><Tag type="str">mlco:ConsultancyFeeExpense</Tag><Fact type="float">11723.0</Fact><Period type="str">2018-01-01 to 2018-01-01</Period></Attributes><Labels type="dict"></Labels><References type="dict"></References><Calculation type="dict"></Calculation></Fact_19941568><Fact_19941570 type="dict"><Attributes type="dict"><Format type="str">numdotdecimal</Format><Sign type="str">Positive</Sign><Measure type="str">Unit_USD</Measure><Scale type="str">3</Scale><Tag type="str">us-gaap:PropertyPlantAndEquipmentAdditions</Tag><Fact type="float">10174.0</Fact><Period type="str">2019-01-01 to 2019-01-01</Period></Attributes><Labels type="dict"></Labels><References type="dict"></References><Calculation type="dict"></Calculation></Fact_19941570><Fact_19941571 type="dict"><Attributes type="dict"><Format type="str">numdotdecimal</Format><Sign type="str">Positive</Sign><Measure type="str">Unit_USD</Measure><Scale type="str">3</Scale><Tag type="str">us-gaap:PropertyPlantAndEquipmentAdditions</Tag><Fact type="float">13481.0</Fact><Period type="str">2018-01-01 to 2018-01-01</Period></Attributes><Labels type="dict"></Labels><References type="dict"></References><Calculation type="dict"></Calculation></Fact_19941571><Fact_19941344 type="dict"><Attributes type="dict"><Format type="str">numdotdecimal</Format><Sign type="str">Positive</Sign><Measure type="str">Unit_USD</Measure><Scale type="str">3</Scale><Tag type="str">mlco:AdjustedEbitda</Tag><Fact type="float">3560.0</Fact><Period type="str">2020-01-01 to 2020-01-01</Period></Attributes><Labels type="dict"></Labels><References type="dict"></References><Calculation type="dict"></Calculation></Fact_19941344><Fact_19941345 type="dict"><Attributes type="dict"><Format type="str">numdotdecimal</Format><Sign type="str">Positive</Sign><Measure type="str">Unit_USD</Measure><Scale type="str">3</Scale><Tag type="str">mlco:AdjustedEbitda</Tag><Fact type="float">23280.0</Fact><Period type="str">2019-01-01 to 2019-01-01</Period></Attributes><Labels type="dict"></Labels><References type="dict"></References><Calculation type="dict"></Calculation></Fact_19941345><Fact_19941346 type="dict"><Attributes type="dict"><Format type="str">numdotdecimal</Format><Sign type="str">Positive</Sign><Measure type="str">Unit_USD</Measure><Scale type="str">3</Scale><Tag type="str">mlco:AdjustedEbitda</Tag><Fact type="float">21490.0</Fact><Period type="str">2018-01-01 to 2018-01-01</Period></Attributes><Labels type="dict"></Labels><References type="dict"></References><Calculation type="dict"></Calculation></Fact_19941346><Fact_19941347 type="dict"><Attributes type="dict"><Format type="str">numdotdecimal</Format><Sign type="str">Negative</Sign><Measure type="str">Unit_USD</Measure><Scale type="str">3</Scale><Tag type="str">mlco:AdjustedEbitda</Tag><Fact type="float">58773.0</Fact><Period type="str">2020-01-01 to 2020-01-01</Period></Attributes><Labels type="dict"></Labels><References type="dict"></References><Calculation type="dict"></Calculation></Fact_19941347><Fact_19941348 type="dict"><Attributes type="dict"><Format type="str">numdotdecimal</Format><Sign type="str">Positive</Sign><Measure type="str">Unit_USD</Measure><Scale type="str">3</Scale><Tag type="str">mlco:AdjustedEbitda</Tag><Fact type="float">51470.0</Fact><Period type="str">2019-01-01 to 2019-01-01</Period></Attributes><Labels type="dict"></Labels><References type="dict"></References><Calculation type="dict"></Calculation></Fact_19941348><Fact_19941349 type="dict"><Attributes type="dict"><Format type="str">numdotdecimal</Format><Sign type="str">Positive</Sign><Measure type="str">Unit_USD</Measure><Scale type="str">3</Scale><Tag type="str">mlco:AdjustedEbitda</Tag><Fact type="float">55547.0</Fact><Period type="str">2018-01-01 to 2018-01-01</Period></Attributes><Labels type="dict"></Labels><References type="dict"></References><Calculation type="dict"></Calculation></Fact_19941349><Fact_19941350 type="dict"><Attributes type="dict"><Format type="str">numdotdecimal</Format><Sign type="str">Negative</Sign><Measure type="str">Unit_USD</Measure><Scale type="str">3</Scale><Tag type="str">mlco:AdjustedEbitda</Tag><Fact type="float">1326.0</Fact><Period type="str">2020-01-01 to 2020-01-01</Period></Attributes><Labels type="dict"></Labels><References type="dict"></References><Calculation type="dict"></Calculation></Fact_19941350><Fact_19941351 type="dict"><Attributes type="dict"><Format type="str">numdotdecimal</Format><Sign type="str">Positive</Sign><Measure type="str">Unit_USD</Measure><Scale type="str">3</Scale><Tag type="str">mlco:AdjustedEbitda</Tag><Fact type="float">922776.0</Fact><Period type="str">2019-01-01 to 2019-01-01</Period></Attributes><Labels type="dict"></Labels><References type="dict"></References><Calculation type="dict"></Calculation></Fact_19941351><Fact_19941352 type="dict"><Attributes type="dict"><Format type="str">numdotdecimal</Format><Sign type="str">Positive</Sign><Measure type="str">Unit_USD</Measure><Scale type="str">3</Scale><Tag type="str">mlco:AdjustedEbitda</Tag><Fact type="float">756378.0</Fact><Period type="str">2018-01-01 to 2018-01-01</Period></Attributes><Labels type="dict"></Labels><References type="dict"></References><Calculation type="dict"></Calculation></Fact_19941352><Fact_19941353 type="dict"><Attributes type="dict"><Format type="str">numdotdecimal</Format><Sign type="str">Negative</Sign><Measure type="str">Unit_USD</Measure><Scale type="str">3</Scale><Tag type="str">mlco:AdjustedEbitda</Tag><Fact type="float">79000.0</Fact><Period type="str">2020-01-01 to 2020-01-01</Period></Attributes><Labels type="dict"></Labels><References type="dict"></References><Calculation type="dict"></Calculation></Fact_19941353><Fact_19941354 type="dict"><Attributes type="dict"><Format type="str">numdotdecimal</Format><Sign type="str">Positive</Sign><Measure type="str">Unit_USD</Measure><Scale type="str">3</Scale><Tag type="str">mlco:AdjustedEbitda</Tag><Fact type="float">415098.0</Fact><Period type="str">2019-01-01 to 2019-01-01</Period></Attributes><Labels type="dict"></Labels><References type="dict"></References><Calculation type="dict"></Calculation></Fact_19941354><Fact_19941355 type="dict"><Attributes type="dict"><Format type="str">numdotdecimal</Format><Sign type="str">Positive</Sign><Measure type="str">Unit_USD</Measure><Scale type="str">3</Scale><Tag type="str">mlco:AdjustedEbitda</Tag><Fact type="float">375288.0</Fact><Period type="str">2018-01-01 to 2018-01-01</Period></Attributes><Labels type="dict"></Labels><References type="dict"></References><Calculation type="dict"></Calculation></Fact_19941355><Fact_19941356 type="dict"><Attributes type="dict"><Format type="str">numdotdecimal</Format><Sign type="str">Negative</Sign><Measure type="str">Unit_USD</Measure><Scale type="str">3</Scale><Tag type="str">mlco:AdjustedEbitda</Tag><Fact type="float">135539.0</Fact><Period type="str">2020-01-01 to 2020-01-01</Period></Attributes><Labels type="dict"></Labels><References type="dict"></References><Calculation type="dict"></Calculation></Fact_19941356><Fact_19941357 type="dict"><Attributes type="dict"><Format type="str">numdotdecimal</Format><Sign type="str">Positive</Sign><Measure type="str">Unit_USD</Measure><Scale type="str">3</Scale><Tag type="str">mlco:AdjustedEbitda</Tag><Fact type="float">1412624.0</Fact><Period type="str">2019-01-01 to 2019-01-01</Period></Attributes><Labels type="dict"></Labels><References type="dict"></References><Calculation type="dict"></Calculation></Fact_19941357><Fact_19941358 type="dict"><Attributes type="dict"><Format type="str">numdotdecimal</Format><Sign type="str">Positive</Sign><Measure type="str">Unit_USD</Measure><Scale type="str">3</Scale><Tag type="str">mlco:AdjustedEbitda</Tag><Fact type="float">1208703.0</Fact><Period type="str">2018-01-01 to 2018-01-01</Period></Attributes><Labels type="dict"></Labels><References type="dict"></References><Calculation type="dict"></Calculation></Fact_19941358></root>