{"hidden19941705": {"Attributes": {"Tag": "us-gaap:StockRepurchaseProgramPeriodInForce1", "Fact": "P3Y", "Period": "2018-03-21 to 2018-03-21"}, "Labels": {}, "References": {}, "Calculation": {}}, "hidden19941706": {"Attributes": {"Tag": "us-gaap:StockRepurchaseProgramPeriodInForce1", "Fact": "P3Y", "Period": "2018-11-08 to 2018-11-08"}, "Labels": {}, "References": {}, "Calculation": {}}, "hidden19941726": {"Attributes": {"Tag": "us-gaap:DebtInstrumentMaturityDateDescription", "Fact": "the Philippine Credit Facility availability period, as amended from time to time, is up to January 31, 2021 and was further extended to May 1, 2021 in January 2021, and the maturity date of each individual drawdown, as amended from time to time, to be the earlier of: (i) the date which is 180 days from the date of drawdown, and (ii) the date which is 180 days after the end of the availability period.", "Period": "2020-01-01 to 2020-01-01"}, "Labels": {}, "References": {}, "Calculation": {}}, "hidden19941700": {"Attributes": {"Sign": "Positive", "Measure": "Unit_pure", "Tag": "mlco:GroundsForRevocationOfLicenseExceedingDebtToEquityRatio", "Fact": 2.33, "Period": "2020-01-01 to 2020-01-01"}, "Labels": {}, "References": {}, "Calculation": {}}, "hidden19941719": {"Attributes": {"Tag": "us-gaap:ShareBasedCompensationArrangementByShareBasedPaymentAwardAwardVestingPeriod1", "Fact": "P2Y", "Period": "2020-01-01 to 2020-01-01"}, "Labels": {}, "References": {}, "Calculation": {}}, "hidden19941720": {"Attributes": {"Tag": "us-gaap:ShareBasedCompensationArrangementByShareBasedPaymentAwardAwardVestingPeriod1", "Fact": "P2Y", "Period": "2020-01-01 to 2020-01-01"}, "Labels": {}, "References": {}, "Calculation": {}}, "hidden19941721": {"Attributes": {"Tag": "us-gaap:ShareBasedCompensationArrangementByShareBasedPaymentAwardAwardVestingPeriod1", "Fact": "P2Y", "Period": "2018-01-01 to 2018-01-01"}, "Labels": {}, "References": {}, "Calculation": {}}, "hidden19941740": {"Attributes": {"Tag": "us-gaap:ShareBasedCompensationArrangementByShareBasedPaymentAwardAwardVestingPeriod1", "Fact": "P2Y", "Period": "2020-01-01 to 2020-01-01"}, "Labels": {}, "References": {}, "Calculation": {}}, "hidden19942511": {"Attributes": {"Tag": "mlco:DescriptionOfApprovalOfAmendedArticlesOfIncorporationOfPlan", "Fact": "On April 24, 2019 and June 24, 2019, the board and the stockholders of MRP approved an amendment to the Amended Articles of Incorporation of MRP, respectively, whereby, without changing the total amount of the authorized capital stock, the par value per MRP common share was increased from", "Period": "2020-01-01 to 2020-01-01"}, "Labels": {}, "References": {}, "Calculation": {}}, "Fact_19940692": {"Attributes": {"Format": "numdotdecimal", "Sign": "Positive", "Measure": "Unit_USD", "Scale": "3", "Tag": "us-gaap:AllowanceForDoubtfulAccountsReceivable", "Fact": 333792.0, "Period": "As of 2020-12-31"}, "Labels": {}, "References": {}, "Calculation": {}}, "Fact_19940693": {"Attributes": {"Format": "numdotdecimal", "Sign": "Positive", "Measure": "Unit_USD", "Scale": "3", "Tag": "us-gaap:AllowanceForDoubtfulAccountsReceivable", "Fact": 258019.0, "Period": "As of 2019-12-31"}, "Labels": {}, "References": {}, "Calculation": {}}, "Fact_19942480": {"Attributes": {"Format": "numdotdecimal", "Sign": "Positive", "Measure": "Unit_USD", "Scale": "3", "Tag": "us-gaap:Goodwill", "Fact": 81915.0, "Period": "As of 2017-12-31"}, "Labels": {}, "References": {}, "Calculation": {}}, "Fact_19942481": {"Attributes": {"Format": "zerodash", "Sign": "Positive", "Measure": "Unit_USD", "Scale": "3", "Tag": "us-gaap:Goodwill", "Fact": "\u2014", "Period": "As of 2017-12-31"}, "Labels": {}, "References": {}, "Calculation": {}}, "Fact_19942287": {"Attributes": {"Format": "numdotdecimal", "Sign": "Negative", "Measure": "Unit_USD", "Scale": "3", "Tag": "us-gaap:GoodwillForeignCurrencyTranslationGainLoss", "Fact": 539.0, "Period": "2018-01-01 to 2018-01-01"}, "Labels": {}, "References": {}, "Calculation": {}}, "Fact_19942483": {"Attributes": {"Format": "numdotdecimal", "Sign": "Positive", "Measure": "Unit_USD", "Scale": "3", "Tag": "us-gaap:Goodwill", "Fact": 81376.0, "Period": "As of 2018-12-31"}, "Labels": {}, "References": {}, "Calculation": {}}, "Fact_19942484": {"Attributes": {"Format": "zerodash", "Sign": "Positive", "Measure": "Unit_USD", "Scale": "3", "Tag": "us-gaap:Goodwill", "Fact": "\u2014", "Period": "As of 2018-12-31"}, "Labels": {}, "References": {}, "Calculation": {}}, "Fact_19942291": {"Attributes": {"Format": "numdotdecimal", "Sign": "Positive", "Measure": "Unit_USD", "Scale": "3", "Tag": "us-gaap:GoodwillAcquiredDuringPeriod", "Fact": 13731.0, "Period": "2019-01-01 to 2019-01-01"}, "Labels": {}, "References": {}, "Calculation": {}}, "Fact_19942293": {"Attributes": {"Format": "numdotdecimal", "Sign": "Positive", "Measure": "Unit_USD", "Scale": "3", "Tag": "us-gaap:GoodwillForeignCurrencyTranslationGainLoss", "Fact": 444.0, "Period": "2019-01-01 to 2019-01-01"}, "Labels": {}, "References": {}, "Calculation": {}}, "Fact_19942294": {"Attributes": {"Format": "numdotdecimal", "Sign": "Positive", "Measure": "Unit_USD", "Scale": "3", "Tag": "us-gaap:GoodwillForeignCurrencyTranslationGainLoss", "Fact": 69.0, "Period": "2019-01-01 to 2019-01-01"}, "Labels": {}, "References": {}, "Calculation": {}}, "Fact_19942486": {"Attributes": {"Format": "numdotdecimal", "Sign": "Positive", "Measure": "Unit_USD", "Scale": "3", "Tag": "us-gaap:Goodwill", "Fact": 81820.0, "Period": "As of 2019-12-31"}, "Labels": {}, "References": {}, "Calculation": {}}, "Fact_19942487": {"Attributes": {"Format": "numdotdecimal", "Sign": "Positive", "Measure": "Unit_USD", "Scale": "3", "Tag": "us-gaap:Goodwill", "Fact": 13800.0, "Period": "As of 2019-12-31"}, "Labels": {}, "References": {}, "Calculation": {}}, "Fact_19942299": {"Attributes": {"Format": "numdotdecimal", "Sign": "Positive", "Measure": "Unit_USD", "Scale": "3", "Tag": "us-gaap:GoodwillImpairmentLoss", "Fact": 13867.0, "Period": "2020-01-01 to 2020-01-01"}, "Labels": {}, "References": {}, "Calculation": {}}, "Fact_19942301": {"Attributes": {"Format": "numdotdecimal", "Sign": "Positive", "Measure": "Unit_USD", "Scale": "3", "Tag": "us-gaap:GoodwillForeignCurrencyTranslationGainLoss", "Fact": 383.0, "Period": "2020-01-01 to 2020-01-01"}, "Labels": {}, "References": {}, "Calculation": {}}, "Fact_19942302": {"Attributes": {"Format": "numdotdecimal", "Sign": "Positive", "Measure": "Unit_USD", "Scale": "3", "Tag": "us-gaap:GoodwillForeignCurrencyTranslationGainLoss", "Fact": 67.0, "Period": "2020-01-01 to 2020-01-01"}, "Labels": {}, "References": {}, "Calculation": {}}, "Fact_19942489": {"Attributes": {"Format": "numdotdecimal", "Sign": "Positive", "Measure": "Unit_USD", "Scale": "3", "Tag": "us-gaap:Goodwill", "Fact": 82203.0, "Period": "As of 2020-12-31"}, "Labels": {}, "References": {}, "Calculation": {}}, "Fact_19940817": {"Attributes": {"Format": "numdotdecimal", "Sign": "Positive", "Measure": "Unit_USD", "Scale": "3", "Tag": "us-gaap:LongTermDebt", "Fact": 129.0, "Period": "As of 2020-12-31"}, "Labels": {}, "References": {}, "Calculation": {}}, "Fact_19940818": {"Attributes": {"Format": "numdotdecimal", "Sign": "Positive", "Measure": "Unit_USD", "Scale": "3", "Tag": "us-gaap:LongTermDebt", "Fact": 1108.0, "Period": "As of 2019-12-31"}, "Labels": {}, "References": {}, "Calculation": {}}, "Fact_19940819": {"Attributes": {"Format": "numdotdecimal", "Sign": "Positive", "Measure": "Unit_USD", "Scale": "3", "Tag": "us-gaap:LongTermDebt", "Fact": 249910.0, "Period": "As of 2020-12-31"}, "Labels": {}, "References": {}, "Calculation": {}}, "Fact_19940820": {"Attributes": {"Format": "numdotdecimal", "Sign": "Positive", "Measure": "Unit_USD", "Scale": "3", "Tag": "us-gaap:LongTermDebt", "Fact": 129.0, "Period": "As of 2020-12-31"}, "Labels": {}, "References": {}, "Calculation": {}}, "Fact_19940821": {"Attributes": {"Format": "numdotdecimal", "Sign": "Positive", "Measure": "Unit_USD", "Scale": "3", "Tag": "us-gaap:LongTermDebt", "Fact": 128.0, "Period": "As of 2019-12-31"}, "Labels": {}, "References": {}, "Calculation": {}}, "Fact_19941560": {"Attributes": {"Format": "numdotdecimal", "Sign": "Positive", "Measure": "Unit_USD", "Scale": "3", "Tag": "mlco:ManagementFeeIncome", "Fact": 1056.0, "Period": "2019-01-01 to 2019-01-01"}, "Labels": {}, "References": {}, "Calculation": {}}, "Fact_19941561": {"Attributes": {"Format": "numdotdecimal", "Sign": "Positive", "Measure": "Unit_USD", "Scale": "3", "Tag": "mlco:ManagementFeeIncome", "Fact": 1903.0, "Period": "2018-01-01 to 2018-01-01"}, "Labels": {}, "References": {}, "Calculation": {}}, "Fact_19941562": {"Attributes": {"Format": "numdotdecimal", "Sign": "Positive", "Measure": "Unit_USD", "Scale": "3", "Tag": "us-gaap:ManagementFeeExpense", "Fact": 1477.0, "Period": "2020-01-01 to 2020-01-01"}, "Labels": {}, "References": {}, "Calculation": {}}, "Fact_19941563": {"Attributes": {"Format": "numdotdecimal", "Sign": "Positive", "Measure": "Unit_USD", "Scale": "3", "Tag": "us-gaap:ManagementFeeExpense", "Fact": 2798.0, "Period": "2019-01-01 to 2019-01-01"}, "Labels": {}, "References": {}, "Calculation": {}}, "Fact_19941564": {"Attributes": {"Format": "numdotdecimal", "Sign": "Positive", "Measure": "Unit_USD", "Scale": "3", "Tag": "us-gaap:ManagementFeeExpense", "Fact": 4339.0, "Period": "2018-01-01 to 2018-01-01"}, "Labels": {}, "References": {}, "Calculation": {}}, "Fact_19941565": {"Attributes": {"Format": "numdotdecimal", "Sign": "Positive", "Measure": "Unit_USD", "Scale": "3", "Tag": "us-gaap:ManagementFeeExpense", "Fact": 1316.0, "Period": "2019-01-01 to 2019-01-01"}, "Labels": {}, "References": {}, "Calculation": {}}, "Fact_19941566": {"Attributes": {"Format": "numdotdecimal", "Sign": "Positive", "Measure": "Unit_USD", "Scale": "3", "Tag": "us-gaap:ManagementFeeExpense", "Fact": 3790.0, "Period": "2018-01-01 to 2018-01-01"}, "Labels": {}, "References": {}, "Calculation": {}}, "Fact_19942320": {"Attributes": {"Format": "numdotdecimal", "Sign": "Positive", "Measure": "Unit_USD", "Scale": "3", "Tag": "us-gaap:AllocatedShareBasedCompensationExpense", "Fact": 7021.0, "Period": "2020-01-01 to 2020-01-01"}, "Labels": {}, "References": {}, "Calculation": {}}, "Fact_19942321": {"Attributes": {"Format": "numdotdecimal", "Sign": "Positive", "Measure": "Unit_USD", "Scale": "3", "Tag": "us-gaap:AllocatedShareBasedCompensationExpense", "Fact": 2218.0, "Period": "2019-01-01 to 2019-01-01"}, "Labels": {}, "References": {}, "Calculation": {}}, "Fact_19941567": {"Attributes": {"Format": "numdotdecimal", "Sign": "Positive", "Measure": "Unit_USD", "Scale": "3", "Tag": "mlco:ConsultancyFeeExpense", "Fact": 10031.0, "Period": "2019-01-01 to 2019-01-01"}, "Labels": {}, "References": {}, "Calculation": {}}, "Fact_19941568": {"Attributes": {"Format": "numdotdecimal", "Sign": "Positive", "Measure": "Unit_USD", "Scale": "3", "Tag": "mlco:ConsultancyFeeExpense", "Fact": 11723.0, "Period": "2018-01-01 to 2018-01-01"}, "Labels": {}, "References": {}, "Calculation": {}}, "Fact_19941570": {"Attributes": {"Format": "numdotdecimal", "Sign": "Positive", "Measure": "Unit_USD", "Scale": "3", "Tag": "us-gaap:PropertyPlantAndEquipmentAdditions", "Fact": 10174.0, "Period": "2019-01-01 to 2019-01-01"}, "Labels": {}, "References": {}, "Calculation": {}}, "Fact_19941571": {"Attributes": {"Format": "numdotdecimal", "Sign": "Positive", "Measure": "Unit_USD", "Scale": "3", "Tag": "us-gaap:PropertyPlantAndEquipmentAdditions", "Fact": 13481.0, "Period": "2018-01-01 to 2018-01-01"}, "Labels": {}, "References": {}, "Calculation": {}}, "Fact_19941344": {"Attributes": {"Format": "numdotdecimal", "Sign": "Positive", "Measure": "Unit_USD", "Scale": "3", "Tag": "mlco:AdjustedEbitda", "Fact": 3560.0, "Period": "2020-01-01 to 2020-01-01"}, "Labels": {}, "References": {}, "Calculation": {}}, "Fact_19941345": {"Attributes": {"Format": "numdotdecimal", "Sign": "Positive", "Measure": "Unit_USD", "Scale": "3", "Tag": "mlco:AdjustedEbitda", "Fact": 23280.0, "Period": "2019-01-01 to 2019-01-01"}, "Labels": {}, "References": {}, "Calculation": {}}, "Fact_19941346": {"Attributes": {"Format": "numdotdecimal", "Sign": "Positive", "Measure": "Unit_USD", "Scale": "3", "Tag": "mlco:AdjustedEbitda", "Fact": 21490.0, "Period": "2018-01-01 to 2018-01-01"}, "Labels": {}, "References": {}, "Calculation": {}}, "Fact_19941347": {"Attributes": {"Format": "numdotdecimal", "Sign": "Negative", "Measure": "Unit_USD", "Scale": "3", "Tag": "mlco:AdjustedEbitda", "Fact": 58773.0, "Period": "2020-01-01 to 2020-01-01"}, "Labels": {}, "References": {}, "Calculation": {}}, "Fact_19941348": {"Attributes": {"Format": "numdotdecimal", "Sign": "Positive", "Measure": "Unit_USD", "Scale": "3", "Tag": "mlco:AdjustedEbitda", "Fact": 51470.0, "Period": "2019-01-01 to 2019-01-01"}, "Labels": {}, "References": {}, "Calculation": {}}, "Fact_19941349": {"Attributes": {"Format": "numdotdecimal", "Sign": "Positive", "Measure": "Unit_USD", "Scale": "3", "Tag": "mlco:AdjustedEbitda", "Fact": 55547.0, "Period": "2018-01-01 to 2018-01-01"}, "Labels": {}, "References": {}, "Calculation": {}}, "Fact_19941350": {"Attributes": {"Format": "numdotdecimal", "Sign": "Negative", "Measure": "Unit_USD", "Scale": "3", "Tag": "mlco:AdjustedEbitda", "Fact": 1326.0, "Period": "2020-01-01 to 2020-01-01"}, "Labels": {}, "References": {}, "Calculation": {}}, "Fact_19941351": {"Attributes": {"Format": "numdotdecimal", "Sign": "Positive", "Measure": "Unit_USD", "Scale": "3", "Tag": "mlco:AdjustedEbitda", "Fact": 922776.0, "Period": "2019-01-01 to 2019-01-01"}, "Labels": {}, "References": {}, "Calculation": {}}, "Fact_19941352": {"Attributes": {"Format": "numdotdecimal", "Sign": "Positive", "Measure": "Unit_USD", "Scale": "3", "Tag": "mlco:AdjustedEbitda", "Fact": 756378.0, "Period": "2018-01-01 to 2018-01-01"}, "Labels": {}, "References": {}, "Calculation": {}}, "Fact_19941353": {"Attributes": {"Format": "numdotdecimal", "Sign": "Negative", "Measure": "Unit_USD", "Scale": "3", "Tag": "mlco:AdjustedEbitda", "Fact": 79000.0, "Period": "2020-01-01 to 2020-01-01"}, "Labels": {}, "References": {}, "Calculation": {}}, "Fact_19941354": {"Attributes": {"Format": "numdotdecimal", "Sign": "Positive", "Measure": "Unit_USD", "Scale": "3", "Tag": "mlco:AdjustedEbitda", "Fact": 415098.0, "Period": "2019-01-01 to 2019-01-01"}, "Labels": {}, "References": {}, "Calculation": {}}, "Fact_19941355": {"Attributes": {"Format": "numdotdecimal", "Sign": "Positive", "Measure": "Unit_USD", "Scale": "3", "Tag": "mlco:AdjustedEbitda", "Fact": 375288.0, "Period": "2018-01-01 to 2018-01-01"}, "Labels": {}, "References": {}, "Calculation": {}}, "Fact_19941356": {"Attributes": {"Format": "numdotdecimal", "Sign": "Negative", "Measure": "Unit_USD", "Scale": "3", "Tag": "mlco:AdjustedEbitda", "Fact": 135539.0, "Period": "2020-01-01 to 2020-01-01"}, "Labels": {}, "References": {}, "Calculation": {}}, "Fact_19941357": {"Attributes": {"Format": "numdotdecimal", "Sign": "Positive", "Measure": "Unit_USD", "Scale": "3", "Tag": "mlco:AdjustedEbitda", "Fact": 1412624.0, "Period": "2019-01-01 to 2019-01-01"}, "Labels": {}, "References": {}, "Calculation": {}}, "Fact_19941358": {"Attributes": {"Format": "numdotdecimal", "Sign": "Positive", "Measure": "Unit_USD", "Scale": "3", "Tag": "mlco:AdjustedEbitda", "Fact": 1208703.0, "Period": "2018-01-01 to 2018-01-01"}, "Labels": {}, "References": {}, "Calculation": {}}}