<?xml version="1.0" encoding="UTF-8" ?><root><hidden14114629 type="dict"><Attributes type="dict"><Tag type="str">us-gaap:ShareBasedCompensationArrangementByShareBasedPaymentAwardAwardVestingPeriod1</Tag><Fact type="list"><item type="str">P</item><item type="str">3</item><item type="str">Y</item></Fact><Period type="str">2019-06-01 to 2019-06-01</Period></Attributes><Labels type="dict"></Labels><References type="dict"></References><Calculation type="dict"></Calculation></hidden14114629><hidden14114630 type="dict"><Attributes type="dict"><Tag type="str">us-gaap:ShareBasedCompensationArrangementByShareBasedPaymentAwardAwardVestingPeriod1</Tag><Fact type="list"><item type="str">P</item><item type="str">5</item><item type="str">Y</item></Fact><Period type="str">2019-06-01 to 2019-06-01</Period></Attributes><Labels type="dict"></Labels><References type="dict"></References><Calculation type="dict"></Calculation></hidden14114630><hidden14114234 type="dict"><Attributes type="dict"><Sign type="str">Positive</Sign><Measure type="str">Unit_pure</Measure><Tag type="str">us-gaap:StockholdersEquityNoteStockSplitConversionRatio1</Tag><Fact type="float">1.33</Fact><Period type="str">2017-12-01 to 2017-12-01</Period></Attributes><Labels type="dict"></Labels><References type="dict"></References><Calculation type="dict"></Calculation></hidden14114234><hidden14114236 type="dict"><Attributes type="dict"><Tag type="str">neog:MarketableSecuritiesContractualMaturityPeriod</Tag><Fact type="list"><item type="str">P</item><item type="str">2</item><item type="str">Y</item></Fact><Period type="str">2019-06-01 to 2019-06-01</Period></Attributes><Labels type="dict"></Labels><References type="dict"></References><Calculation type="dict"></Calculation></hidden14114236><hidden14114631 type="dict"><Attributes type="dict"><Tag type="str">neog:ShareBasedCompensationArrangementByShareBasedPaymentAwardOptionsContractualTermOne</Tag><Fact type="list"><item type="str">P</item><item type="str">5</item><item type="str">Y</item></Fact><Period type="str">2019-06-01 to 2019-06-01</Period></Attributes><Labels type="dict"></Labels><References type="dict"></References><Calculation type="dict"></Calculation></hidden14114631><hidden14114623 type="dict"><Attributes type="dict"><Sign type="str">Positive</Sign><Measure type="str">Unit_pure</Measure><Tag type="str">us-gaap:DebtInstrumentBasisSpreadOnVariableRate1</Tag><Fact type="float">0.01</Fact><Period type="str">2019-06-01 to 2019-06-01</Period></Attributes><Labels type="dict"></Labels><References type="dict"></References><Calculation type="dict"></Calculation></hidden14114623><hidden14114633 type="dict"><Attributes type="dict"><Sign type="str">Positive</Sign><Measure type="str">Unit_USD</Measure><Tag type="str">us-gaap:OperatingLeasesRentExpenseNet</Tag><Fact type="float">1083000.0</Fact><Period type="str">2017-06-01 to 2017-06-01</Period></Attributes><Labels type="dict"></Labels><References type="dict"></References><Calculation type="dict"></Calculation></hidden14114633><hidden14114808 type="dict"><Attributes type="dict"><Sign type="str">Positive</Sign><Measure type="str">Unit_USD_per_Share</Measure><Tag type="str">us-gaap:ShareBasedCompensationSharesAuthorizedUnderStockOptionPlansExercisePriceRangeUpperRangeLimit</Tag><Fact type="float">64.05</Fact><Period type="str">2019-06-01 to 2019-06-01</Period></Attributes><Labels type="dict"></Labels><References type="dict"></References><Calculation type="dict"></Calculation></hidden14114808><hidden14114803 type="dict"><Attributes type="dict"><Tag type="str">us-gaap:PropertyPlantAndEquipmentUsefulLife</Tag><Fact type="list"><item type="str">P</item><item type="str">3</item><item type="str">Y</item></Fact><Period type="str">2019-06-01 to 2019-06-01</Period></Attributes><Labels type="dict"></Labels><References type="dict"></References><Calculation type="dict"></Calculation></hidden14114803><hidden14114804 type="dict"><Attributes type="dict"><Tag type="str">us-gaap:PropertyPlantAndEquipmentUsefulLife</Tag><Fact type="list"><item type="str">P</item><item type="str">1</item><item type="str">0</item><item type="str">Y</item></Fact><Period type="str">2019-06-01 to 2019-06-01</Period></Attributes><Labels type="dict"></Labels><References type="dict"></References><Calculation type="dict"></Calculation></hidden14114804><hidden14114805 type="dict"><Attributes type="dict"><Tag type="str">us-gaap:PropertyPlantAndEquipmentUsefulLife</Tag><Fact type="list"><item type="str">P</item><item type="str">7</item><item type="str">Y</item></Fact><Period type="str">2019-06-01 to 2019-06-01</Period></Attributes><Labels type="dict"></Labels><References type="dict"></References><Calculation type="dict"></Calculation></hidden14114805><hidden14115214 type="dict"><Attributes type="dict"><Tag type="str">dei:EntityIncorporationStateCountryCode</Tag><Fact type="list"><item type="str">M</item><item type="str">I</item></Fact><Period type="str">2019-06-01 to 2019-06-01</Period></Attributes><Labels type="dict"></Labels><References type="dict"></References><Calculation type="dict"></Calculation></hidden14115214><hidden14132299 type="dict"><Attributes type="dict"><Tag type="str">us-gaap:OperatingLeaseLiabilityStatementOfFinancialPositionExtensibleList</Tag><Fact type="list"><item type="str">u</item><item type="str">s</item><item type="str">-</item><item type="str">g</item><item type="str">a</item><item type="str">a</item><item type="str">p</item><item type="str">:</item><item type="str">O</item><item type="str">p</item><item type="str">e</item><item type="str">r</item><item type="str">a</item><item type="str">t</item><item type="str">i</item><item type="str">n</item><item type="str">g</item><item type="str">L</item><item type="str">e</item><item type="str">a</item><item type="str">s</item><item type="str">e</item><item type="str">L</item><item type="str">i</item><item type="str">a</item><item type="str">b</item><item type="str">i</item><item type="str">l</item><item type="str">i</item><item type="str">t</item><item type="str">y</item><item type="str">C</item><item type="str">u</item><item type="str">r</item><item type="str">r</item><item type="str">e</item><item type="str">n</item><item type="str">t</item></Fact><Period type="str">As of 2019-06-01</Period></Attributes><Labels type="dict"></Labels><References type="dict"></References><Calculation type="dict"></Calculation></hidden14132299><hidden14126800 type="dict"><Attributes type="dict"><Tag type="str">us-gaap:OperatingLeaseLiabilityStatementOfFinancialPositionExtensibleList</Tag><Fact type="list"><item type="str">u</item><item type="str">s</item><item type="str">-</item><item type="str">g</item><item type="str">a</item><item type="str">a</item><item type="str">p</item><item type="str">:</item><item type="str">O</item><item type="str">p</item><item type="str">e</item><item type="str">r</item><item type="str">a</item><item type="str">t</item><item type="str">i</item><item type="str">n</item><item type="str">g</item><item type="str">L</item><item type="str">e</item><item type="str">a</item><item type="str">s</item><item type="str">e</item><item type="str">L</item><item type="str">i</item><item type="str">a</item><item type="str">b</item><item type="str">i</item><item type="str">l</item><item type="str">i</item><item type="str">t</item><item type="str">y</item><item type="str">C</item><item type="str">u</item><item type="str">r</item><item type="str">r</item><item type="str">e</item><item type="str">n</item><item type="str">t</item></Fact><Period type="str">As of 2020-05-31</Period></Attributes><Labels type="dict"></Labels><References type="dict"></References><Calculation type="dict"></Calculation></hidden14126800><hidden14126979 type="dict"><Attributes type="dict"><Tag type="str">us-gaap:OperatingLeaseLiabilityNoncurrentStatementOfFinancialPositionExtensibleList</Tag><Fact type="list"><item type="str">u</item><item type="str">s</item><item type="str">-</item><item type="str">g</item><item type="str">a</item><item type="str">a</item><item type="str">p</item><item type="str">:</item><item type="str">O</item><item type="str">p</item><item type="str">e</item><item type="str">r</item><item type="str">a</item><item type="str">t</item><item type="str">i</item><item type="str">n</item><item type="str">g</item><item type="str">L</item><item type="str">e</item><item type="str">a</item><item type="str">s</item><item type="str">e</item><item type="str">L</item><item type="str">i</item><item type="str">a</item><item type="str">b</item><item type="str">i</item><item type="str">l</item><item type="str">i</item><item type="str">t</item><item type="str">y</item><item type="str">N</item><item type="str">o</item><item type="str">n</item><item type="str">c</item><item type="str">u</item><item type="str">r</item><item type="str">r</item><item type="str">e</item><item type="str">n</item><item type="str">t</item></Fact><Period type="str">As of 2020-05-31</Period></Attributes><Labels type="dict"></Labels><References type="dict"></References><Calculation type="dict"></Calculation></hidden14126979><Fact_14114917 type="dict"><Attributes type="dict"><Format type="str">numdotdecimal</Format><Sign type="str">Negative</Sign><Measure type="str">Unit_USD</Measure><Scale type="str">3</Scale><Tag type="str">us-gaap:GoodwillTranslationAndPurchaseAccountingAdjustments</Tag><Fact type="float">1244.0</Fact><Period type="str">2018-06-01 to 2018-06-01</Period></Attributes><Labels type="dict"></Labels><References type="dict"></References><Calculation type="dict"></Calculation></Fact_14114917><Fact_14114918 type="dict"><Attributes type="dict"><Format type="str">numdotdecimal</Format><Sign type="str">Positive</Sign><Measure type="str">Unit_USD</Measure><Scale type="str">3</Scale><Tag type="str">us-gaap:GoodwillTranslationAndPurchaseAccountingAdjustments</Tag><Fact type="float">313.0</Fact><Period type="str">2018-06-01 to 2018-06-01</Period></Attributes><Labels type="dict"></Labels><References type="dict"></References><Calculation type="dict"></Calculation></Fact_14114918><Fact_14114919 type="dict"><Attributes type="dict"><Format type="str">numdotdecimal</Format><Sign type="str">Negative</Sign><Measure type="str">Unit_USD</Measure><Scale type="str">3</Scale><Tag type="str">us-gaap:GoodwillTranslationAndPurchaseAccountingAdjustments</Tag><Fact type="float">931.0</Fact><Period type="str">2018-06-01 to 2018-06-01</Period></Attributes><Labels type="dict"></Labels><References type="dict"></References><Calculation type="dict"></Calculation></Fact_14114919><Fact_14114926 type="dict"><Attributes type="dict"><Format type="str">numdotdecimal</Format><Sign type="str">Negative</Sign><Measure type="str">Unit_USD</Measure><Scale type="str">3</Scale><Tag type="str">us-gaap:GoodwillTranslationAndPurchaseAccountingAdjustments</Tag><Fact type="float">1592.0</Fact><Period type="str">2019-06-01 to 2019-06-01</Period></Attributes><Labels type="dict"></Labels><References type="dict"></References><Calculation type="dict"></Calculation></Fact_14114926><Fact_14114927 type="dict"><Attributes type="dict"><Format type="str">numdotdecimal</Format><Sign type="str">Negative</Sign><Measure type="str">Unit_USD</Measure><Scale type="str">3</Scale><Tag type="str">us-gaap:GoodwillTranslationAndPurchaseAccountingAdjustments</Tag><Fact type="float">36.0</Fact><Period type="str">2019-06-01 to 2019-06-01</Period></Attributes><Labels type="dict"></Labels><References type="dict"></References><Calculation type="dict"></Calculation></Fact_14114927><Fact_14114928 type="dict"><Attributes type="dict"><Format type="str">numdotdecimal</Format><Sign type="str">Negative</Sign><Measure type="str">Unit_USD</Measure><Scale type="str">3</Scale><Tag type="str">us-gaap:GoodwillTranslationAndPurchaseAccountingAdjustments</Tag><Fact type="float">1628.0</Fact><Period type="str">2019-06-01 to 2019-06-01</Period></Attributes><Labels type="dict"></Labels><References type="dict"></References><Calculation type="dict"></Calculation></Fact_14114928><Fact_14114432 type="dict"><Attributes type="dict"><Format type="str">numdotdecimal</Format><Sign type="str">Negative</Sign><Measure type="str">Unit_USD</Measure><Scale type="str">3</Scale><Tag type="str">us-gaap:OperatingIncomeLoss</Tag><Fact type="float">5054.0</Fact><Period type="str">2019-06-01 to 2019-06-01</Period></Attributes><Labels type="dict"></Labels><References type="dict"></References><Calculation type="dict"></Calculation></Fact_14114432><Fact_14114439 type="dict"><Attributes type="dict"><Format type="str">numdotdecimal</Format><Sign type="str">Positive</Sign><Measure type="str">Unit_USD</Measure><Scale type="str">3</Scale><Tag type="str">us-gaap:Assets</Tag><Fact type="float">343673.0</Fact><Period type="str">As of 2020-05-31</Period></Attributes><Labels type="dict"></Labels><References type="dict"></References><Calculation type="dict"></Calculation></Fact_14114439><Fact_14114455 type="dict"><Attributes type="dict"><Format type="str">numdotdecimal</Format><Sign type="str">Negative</Sign><Measure type="str">Unit_USD</Measure><Scale type="str">3</Scale><Tag type="str">us-gaap:OperatingIncomeLoss</Tag><Fact type="float">4801.0</Fact><Period type="str">2018-06-01 to 2018-06-01</Period></Attributes><Labels type="dict"></Labels><References type="dict"></References><Calculation type="dict"></Calculation></Fact_14114455><Fact_14114462 type="dict"><Attributes type="dict"><Format type="str">numdotdecimal</Format><Sign type="str">Positive</Sign><Measure type="str">Unit_USD</Measure><Scale type="str">3</Scale><Tag type="str">us-gaap:Assets</Tag><Fact type="float">267523.0</Fact><Period type="str">As of 2019-05-31</Period></Attributes><Labels type="dict"></Labels><References type="dict"></References><Calculation type="dict"></Calculation></Fact_14114462><Fact_14114478 type="dict"><Attributes type="dict"><Format type="str">numdotdecimal</Format><Sign type="str">Negative</Sign><Measure type="str">Unit_USD</Measure><Scale type="str">3</Scale><Tag type="str">us-gaap:OperatingIncomeLoss</Tag><Fact type="float">3896.0</Fact><Period type="str">2017-06-01 to 2017-06-01</Period></Attributes><Labels type="dict"></Labels><References type="dict"></References><Calculation type="dict"></Calculation></Fact_14114478><Fact_14114485 type="dict"><Attributes type="dict"><Format type="str">numdotdecimal</Format><Sign type="str">Positive</Sign><Measure type="str">Unit_USD</Measure><Scale type="str">3</Scale><Tag type="str">us-gaap:Assets</Tag><Fact type="float">210810.0</Fact><Period type="str">As of 2018-05-31</Period></Attributes><Labels type="dict"></Labels><References type="dict"></References><Calculation type="dict"></Calculation></Fact_14114485></root>