{"hidden14114629": {"Attributes": {"Tag": "us-gaap:ShareBasedCompensationArrangementByShareBasedPaymentAwardAwardVestingPeriod1", "Fact": "P3Y", "Period": "2019-06-01 to 2019-06-01"}, "Labels": {}, "References": {}, "Calculation": {}}, "hidden14114630": {"Attributes": {"Tag": "us-gaap:ShareBasedCompensationArrangementByShareBasedPaymentAwardAwardVestingPeriod1", "Fact": "P5Y", "Period": "2019-06-01 to 2019-06-01"}, "Labels": {}, "References": {}, "Calculation": {}}, "hidden14114234": {"Attributes": {"Sign": "Positive", "Measure": "Unit_pure", "Tag": "us-gaap:StockholdersEquityNoteStockSplitConversionRatio1", "Fact": 1.33, "Period": "2017-12-01 to 2017-12-01"}, "Labels": {}, "References": {}, "Calculation": {}}, "hidden14114236": {"Attributes": {"Tag": "neog:MarketableSecuritiesContractualMaturityPeriod", "Fact": "P2Y", "Period": "2019-06-01 to 2019-06-01"}, "Labels": {}, "References": {}, "Calculation": {}}, "hidden14114631": {"Attributes": {"Tag": "neog:ShareBasedCompensationArrangementByShareBasedPaymentAwardOptionsContractualTermOne", "Fact": "P5Y", "Period": "2019-06-01 to 2019-06-01"}, "Labels": {}, "References": {}, "Calculation": {}}, "hidden14114623": {"Attributes": {"Sign": "Positive", "Measure": "Unit_pure", "Tag": "us-gaap:DebtInstrumentBasisSpreadOnVariableRate1", "Fact": 0.01, "Period": "2019-06-01 to 2019-06-01"}, "Labels": {}, "References": {}, "Calculation": {}}, "hidden14114633": {"Attributes": {"Sign": "Positive", "Measure": "Unit_USD", "Tag": "us-gaap:OperatingLeasesRentExpenseNet", "Fact": 1083000.0, "Period": "2017-06-01 to 2017-06-01"}, "Labels": {}, "References": {}, "Calculation": {}}, "hidden14114808": {"Attributes": {"Sign": "Positive", "Measure": "Unit_USD_per_Share", "Tag": "us-gaap:ShareBasedCompensationSharesAuthorizedUnderStockOptionPlansExercisePriceRangeUpperRangeLimit", "Fact": 64.05, "Period": "2019-06-01 to 2019-06-01"}, "Labels": {}, "References": {}, "Calculation": {}}, "hidden14114803": {"Attributes": {"Tag": "us-gaap:PropertyPlantAndEquipmentUsefulLife", "Fact": "P3Y", "Period": "2019-06-01 to 2019-06-01"}, "Labels": {}, "References": {}, "Calculation": {}}, "hidden14114804": {"Attributes": {"Tag": "us-gaap:PropertyPlantAndEquipmentUsefulLife", "Fact": "P10Y", "Period": "2019-06-01 to 2019-06-01"}, "Labels": {}, "References": {}, "Calculation": {}}, "hidden14114805": {"Attributes": {"Tag": "us-gaap:PropertyPlantAndEquipmentUsefulLife", "Fact": "P7Y", "Period": "2019-06-01 to 2019-06-01"}, "Labels": {}, "References": {}, "Calculation": {}}, "hidden14115214": {"Attributes": {"Tag": "dei:EntityIncorporationStateCountryCode", "Fact": "MI", "Period": "2019-06-01 to 2019-06-01"}, "Labels": {}, "References": {}, "Calculation": {}}, "hidden14132299": {"Attributes": {"Tag": "us-gaap:OperatingLeaseLiabilityStatementOfFinancialPositionExtensibleList", "Fact": "us-gaap:OperatingLeaseLiabilityCurrent", "Period": "As of 2019-06-01"}, "Labels": {}, "References": {}, "Calculation": {}}, "hidden14126800": {"Attributes": {"Tag": "us-gaap:OperatingLeaseLiabilityStatementOfFinancialPositionExtensibleList", "Fact": "us-gaap:OperatingLeaseLiabilityCurrent", "Period": "As of 2020-05-31"}, "Labels": {}, "References": {}, "Calculation": {}}, "hidden14126979": {"Attributes": {"Tag": "us-gaap:OperatingLeaseLiabilityNoncurrentStatementOfFinancialPositionExtensibleList", "Fact": "us-gaap:OperatingLeaseLiabilityNoncurrent", "Period": "As of 2020-05-31"}, "Labels": {}, "References": {}, "Calculation": {}}, "Fact_14114917": {"Attributes": {"Format": "numdotdecimal", "Sign": "Negative", "Measure": "Unit_USD", "Scale": "3", "Tag": "us-gaap:GoodwillTranslationAndPurchaseAccountingAdjustments", "Fact": 1244.0, "Period": "2018-06-01 to 2018-06-01"}, "Labels": {}, "References": {}, "Calculation": {}}, "Fact_14114918": {"Attributes": {"Format": "numdotdecimal", "Sign": "Positive", "Measure": "Unit_USD", "Scale": "3", "Tag": "us-gaap:GoodwillTranslationAndPurchaseAccountingAdjustments", "Fact": 313.0, "Period": "2018-06-01 to 2018-06-01"}, "Labels": {}, "References": {}, "Calculation": {}}, "Fact_14114919": {"Attributes": {"Format": "numdotdecimal", "Sign": "Negative", "Measure": "Unit_USD", "Scale": "3", "Tag": "us-gaap:GoodwillTranslationAndPurchaseAccountingAdjustments", "Fact": 931.0, "Period": "2018-06-01 to 2018-06-01"}, "Labels": {}, "References": {}, "Calculation": {}}, "Fact_14114926": {"Attributes": {"Format": "numdotdecimal", "Sign": "Negative", "Measure": "Unit_USD", "Scale": "3", "Tag": "us-gaap:GoodwillTranslationAndPurchaseAccountingAdjustments", "Fact": 1592.0, "Period": "2019-06-01 to 2019-06-01"}, "Labels": {}, "References": {}, "Calculation": {}}, "Fact_14114927": {"Attributes": {"Format": "numdotdecimal", "Sign": "Negative", "Measure": "Unit_USD", "Scale": "3", "Tag": "us-gaap:GoodwillTranslationAndPurchaseAccountingAdjustments", "Fact": 36.0, "Period": "2019-06-01 to 2019-06-01"}, "Labels": {}, "References": {}, "Calculation": {}}, "Fact_14114928": {"Attributes": {"Format": "numdotdecimal", "Sign": "Negative", "Measure": "Unit_USD", "Scale": "3", "Tag": "us-gaap:GoodwillTranslationAndPurchaseAccountingAdjustments", "Fact": 1628.0, "Period": "2019-06-01 to 2019-06-01"}, "Labels": {}, "References": {}, "Calculation": {}}, "Fact_14114432": {"Attributes": {"Format": "numdotdecimal", "Sign": "Negative", "Measure": "Unit_USD", "Scale": "3", "Tag": "us-gaap:OperatingIncomeLoss", "Fact": 5054.0, "Period": "2019-06-01 to 2019-06-01"}, "Labels": {}, "References": {}, "Calculation": {}}, "Fact_14114439": {"Attributes": {"Format": "numdotdecimal", "Sign": "Positive", "Measure": "Unit_USD", "Scale": "3", "Tag": "us-gaap:Assets", "Fact": 343673.0, "Period": "As of 2020-05-31"}, "Labels": {}, "References": {}, "Calculation": {}}, "Fact_14114455": {"Attributes": {"Format": "numdotdecimal", "Sign": "Negative", "Measure": "Unit_USD", "Scale": "3", "Tag": "us-gaap:OperatingIncomeLoss", "Fact": 4801.0, "Period": "2018-06-01 to 2018-06-01"}, "Labels": {}, "References": {}, "Calculation": {}}, "Fact_14114462": {"Attributes": {"Format": "numdotdecimal", "Sign": "Positive", "Measure": "Unit_USD", "Scale": "3", "Tag": "us-gaap:Assets", "Fact": 267523.0, "Period": "As of 2019-05-31"}, "Labels": {}, "References": {}, "Calculation": {}}, "Fact_14114478": {"Attributes": {"Format": "numdotdecimal", "Sign": "Negative", "Measure": "Unit_USD", "Scale": "3", "Tag": "us-gaap:OperatingIncomeLoss", "Fact": 3896.0, "Period": "2017-06-01 to 2017-06-01"}, "Labels": {}, "References": {}, "Calculation": {}}, "Fact_14114485": {"Attributes": {"Format": "numdotdecimal", "Sign": "Positive", "Measure": "Unit_USD", "Scale": "3", "Tag": "us-gaap:Assets", "Fact": 210810.0, "Period": "As of 2018-05-31"}, "Labels": {}, "References": {}, "Calculation": {}}}