{"hidden21087873": {"Attributes": {"Sign": "Positive", "Measure": "Unit_USD", "Tag": "us-gaap:AvailableForSaleSecuritiesContinuousUnrealizedLossPositionFairValue", "Fact": 5960000.0, "Period": "As of 2020-12-31"}, "Labels": {}, "References": {}, "Calculation": {}}, "hidden21087861": {"Attributes": {"Tag": "dei:EntityRegistrantName", "Fact": "Riverview Financial Corp", "Period": "2021-01-01 to 2021-01-01"}, "Labels": {}, "References": {}, "Calculation": {}}, "hidden21087849": {"Attributes": {"Tag": "dei:EntityAddressStateOrProvince", "Fact": "PA", "Period": "2021-01-01 to 2021-01-01"}, "Labels": {}, "References": {}, "Calculation": {}}, "Fact_21087011": {"Attributes": {"Format": "numdotdecimal", "Sign": "Positive", "Measure": "Unit_USD", "Scale": "3", "Tag": "us-gaap:OtherComprehensiveIncomeLossReclassificationAdjustmentFromAOCIForSaleOfSecuritiesBeforeTax", "Fact": 246.0, "Period": "2021-01-01 to 2021-01-01"}, "Labels": {}, "References": {}, "Calculation": {}}, "Fact_21087012": {"Attributes": {"Format": "numdotdecimal", "Sign": "Positive", "Measure": "Unit_USD", "Scale": "3", "Tag": "us-gaap:OtherComprehensiveIncomeLossReclassificationAdjustmentFromAOCIForSaleOfSecuritiesBeforeTax", "Fact": 815.0, "Period": "2020-01-01 to 2020-01-01"}, "Labels": {}, "References": {}, "Calculation": {}}, "Fact_21087618": {"Attributes": {"Format": "numdotdecimal", "Sign": "Positive", "Measure": "Unit_USD", "Scale": "3", "Tag": "us-gaap:LoansAndLeasesReceivableNetReportedAmount", "Fact": 1079684.0, "Period": "As of 2021-03-31"}, "Labels": {}, "References": {}, "Calculation": {}}, "Fact_21159622": {"Attributes": {"Format": "numdotdecimal", "Sign": "Positive", "Measure": "Unit_USD", "Scale": "3", "Tag": "us-gaap:LoansAndLeasesReceivableNetReportedAmount", "Fact": 1061911.0, "Period": "As of 2021-03-31"}, "Labels": {}, "References": {}, "Calculation": {}}, "Fact_21159623": {"Attributes": {"Format": "numdotdecimal", "Sign": "Positive", "Measure": "Unit_USD", "Scale": "3", "Tag": "us-gaap:LoansAndLeasesReceivableNetReportedAmount", "Fact": 1061911.0, "Period": "As of 2021-03-31"}, "Labels": {}, "References": {}, "Calculation": {}}, "Fact_21087643": {"Attributes": {"Format": "numdotdecimal", "Sign": "Positive", "Measure": "Unit_USD", "Scale": "3", "Tag": "us-gaap:LoansAndLeasesReceivableNetReportedAmount", "Fact": 1127039.0, "Period": "As of 2020-12-31"}, "Labels": {}, "References": {}, "Calculation": {}}, "Fact_21087644": {"Attributes": {"Format": "numdotdecimal", "Sign": "Positive", "Measure": "Unit_USD", "Scale": "3", "Tag": "us-gaap:LoansAndLeasesReceivableNetReportedAmount", "Fact": 1116618.0, "Period": "As of 2020-12-31"}, "Labels": {}, "References": {}, "Calculation": {}}, "Fact_21087645": {"Attributes": {"Format": "numdotdecimal", "Sign": "Positive", "Measure": "Unit_USD", "Scale": "3", "Tag": "us-gaap:LoansAndLeasesReceivableNetReportedAmount", "Fact": 1116618.0, "Period": "As of 2020-12-31"}, "Labels": {}, "References": {}, "Calculation": {}}}