<?xml version="1.0" encoding="UTF-8" ?><root><hidden21087873 type="dict"><Attributes type="dict"><Sign type="str">Positive</Sign><Measure type="str">Unit_USD</Measure><Tag type="str">us-gaap:AvailableForSaleSecuritiesContinuousUnrealizedLossPositionFairValue</Tag><Fact type="float">5960000.0</Fact><Period type="str">As of 2020-12-31</Period></Attributes><Labels type="dict"></Labels><References type="dict"></References><Calculation type="dict"></Calculation></hidden21087873><hidden21087861 type="dict"><Attributes type="dict"><Tag type="str">dei:EntityRegistrantName</Tag><Fact type="list"><item type="str">R</item><item type="str">i</item><item type="str">v</item><item type="str">e</item><item type="str">r</item><item type="str">v</item><item type="str">i</item><item type="str">e</item><item type="str">w</item><item type="str"> </item><item type="str">F</item><item type="str">i</item><item type="str">n</item><item type="str">a</item><item type="str">n</item><item type="str">c</item><item type="str">i</item><item type="str">a</item><item type="str">l</item><item type="str"> </item><item type="str">C</item><item type="str">o</item><item type="str">r</item><item type="str">p</item></Fact><Period type="str">2021-01-01 to 2021-01-01</Period></Attributes><Labels type="dict"></Labels><References type="dict"></References><Calculation type="dict"></Calculation></hidden21087861><hidden21087849 type="dict"><Attributes type="dict"><Tag type="str">dei:EntityAddressStateOrProvince</Tag><Fact type="list"><item type="str">P</item><item type="str">A</item></Fact><Period type="str">2021-01-01 to 2021-01-01</Period></Attributes><Labels type="dict"></Labels><References type="dict"></References><Calculation type="dict"></Calculation></hidden21087849><Fact_21087011 type="dict"><Attributes type="dict"><Format type="str">numdotdecimal</Format><Sign type="str">Positive</Sign><Measure type="str">Unit_USD</Measure><Scale type="str">3</Scale><Tag type="str">us-gaap:OtherComprehensiveIncomeLossReclassificationAdjustmentFromAOCIForSaleOfSecuritiesBeforeTax</Tag><Fact type="float">246.0</Fact><Period type="str">2021-01-01 to 2021-01-01</Period></Attributes><Labels type="dict"></Labels><References type="dict"></References><Calculation type="dict"></Calculation></Fact_21087011><Fact_21087012 type="dict"><Attributes type="dict"><Format type="str">numdotdecimal</Format><Sign type="str">Positive</Sign><Measure type="str">Unit_USD</Measure><Scale type="str">3</Scale><Tag type="str">us-gaap:OtherComprehensiveIncomeLossReclassificationAdjustmentFromAOCIForSaleOfSecuritiesBeforeTax</Tag><Fact type="float">815.0</Fact><Period type="str">2020-01-01 to 2020-01-01</Period></Attributes><Labels type="dict"></Labels><References type="dict"></References><Calculation type="dict"></Calculation></Fact_21087012><Fact_21087618 type="dict"><Attributes type="dict"><Format type="str">numdotdecimal</Format><Sign type="str">Positive</Sign><Measure type="str">Unit_USD</Measure><Scale type="str">3</Scale><Tag type="str">us-gaap:LoansAndLeasesReceivableNetReportedAmount</Tag><Fact type="float">1079684.0</Fact><Period type="str">As of 2021-03-31</Period></Attributes><Labels type="dict"></Labels><References type="dict"></References><Calculation type="dict"></Calculation></Fact_21087618><Fact_21159622 type="dict"><Attributes type="dict"><Format type="str">numdotdecimal</Format><Sign type="str">Positive</Sign><Measure type="str">Unit_USD</Measure><Scale type="str">3</Scale><Tag type="str">us-gaap:LoansAndLeasesReceivableNetReportedAmount</Tag><Fact type="float">1061911.0</Fact><Period type="str">As of 2021-03-31</Period></Attributes><Labels type="dict"></Labels><References type="dict"></References><Calculation type="dict"></Calculation></Fact_21159622><Fact_21159623 type="dict"><Attributes type="dict"><Format type="str">numdotdecimal</Format><Sign type="str">Positive</Sign><Measure type="str">Unit_USD</Measure><Scale type="str">3</Scale><Tag type="str">us-gaap:LoansAndLeasesReceivableNetReportedAmount</Tag><Fact type="float">1061911.0</Fact><Period type="str">As of 2021-03-31</Period></Attributes><Labels type="dict"></Labels><References type="dict"></References><Calculation type="dict"></Calculation></Fact_21159623><Fact_21087643 type="dict"><Attributes type="dict"><Format type="str">numdotdecimal</Format><Sign type="str">Positive</Sign><Measure type="str">Unit_USD</Measure><Scale type="str">3</Scale><Tag type="str">us-gaap:LoansAndLeasesReceivableNetReportedAmount</Tag><Fact type="float">1127039.0</Fact><Period type="str">As of 2020-12-31</Period></Attributes><Labels type="dict"></Labels><References type="dict"></References><Calculation type="dict"></Calculation></Fact_21087643><Fact_21087644 type="dict"><Attributes type="dict"><Format type="str">numdotdecimal</Format><Sign type="str">Positive</Sign><Measure type="str">Unit_USD</Measure><Scale type="str">3</Scale><Tag type="str">us-gaap:LoansAndLeasesReceivableNetReportedAmount</Tag><Fact type="float">1116618.0</Fact><Period type="str">As of 2020-12-31</Period></Attributes><Labels type="dict"></Labels><References type="dict"></References><Calculation type="dict"></Calculation></Fact_21087644><Fact_21087645 type="dict"><Attributes type="dict"><Format type="str">numdotdecimal</Format><Sign type="str">Positive</Sign><Measure type="str">Unit_USD</Measure><Scale type="str">3</Scale><Tag type="str">us-gaap:LoansAndLeasesReceivableNetReportedAmount</Tag><Fact type="float">1116618.0</Fact><Period type="str">As of 2020-12-31</Period></Attributes><Labels type="dict"></Labels><References type="dict"></References><Calculation type="dict"></Calculation></Fact_21087645></root>