{"hidden19362681": {"Attributes": {"Tag": "us-gaap:ShareBasedCompensationArrangementByShareBasedPaymentAwardExpirationDate", "Fact": "2028-04-30", "Period": "2020-01-01 to 2020-01-01"}, "Labels": {}, "References": {}, "Calculation": {}}, "hidden19362705": {"Attributes": {"Tag": "us-gaap:ShareBasedCompensationArrangementByShareBasedPaymentAwardExpirationDate", "Fact": "2024-06-30", "Period": "2020-01-01 to 2020-01-01"}, "Labels": {}, "References": {}, "Calculation": {}}, "hidden19363019": {"Attributes": {"Tag": "us-gaap:OperatingLeaseLiabilityCurrentStatementOfFinancialPositionExtensibleList", "Fact": "us-gaap:OperatingLeaseLiabilityCurrent", "Period": "As of 2020-12-31"}, "Labels": {}, "References": {}, "Calculation": {}}, "hidden19363020": {"Attributes": {"Tag": "us-gaap:OperatingLeaseLiabilityCurrentStatementOfFinancialPositionExtensibleList", "Fact": "us-gaap:OperatingLeaseLiabilityCurrent", "Period": "As of 2019-12-31"}, "Labels": {}, "References": {}, "Calculation": {}}, "hidden19362818": {"Attributes": {"Sign": "Positive", "Measure": "Unit_pure", "Tag": "us-gaap:ForeignCurrencyExchangeRateTranslation1", "Fact": 0.1389, "Period": "As of 2020-04-03"}, "Labels": {}, "References": {}, "Calculation": {}}, "Fact_19362513": {"Attributes": {"Format": "numdotdecimal", "Sign": "Positive", "Measure": "Unit_USD", "Scale": "3", "Tag": "sohu:AccountsAndFinancingReceivableNetCurrent", "Fact": 134635.0, "Period": "As of 2019-12-31"}, "Labels": {}, "References": {}, "Calculation": {}}, "Fact_19362514": {"Attributes": {"Format": "numdotdecimal", "Sign": "Negative", "Measure": "Unit_USD", "Scale": "3", "Tag": "sohu:AccountsAndFinancingReceivableNetCurrent", "Fact": 3273.0, "Period": "As of 2019-12-31"}, "Labels": {}, "References": {}, "Calculation": {}}, "Fact_19362515": {"Attributes": {"Format": "numdotdecimal", "Sign": "Positive", "Measure": "Unit_USD", "Scale": "3", "Tag": "sohu:AccountsAndFinancingReceivableNetCurrent", "Fact": 131362.0, "Period": "As of 2020-01-01"}, "Labels": {}, "References": {}, "Calculation": {}}, "Fact_19361902": {"Attributes": {"Format": "numdotdecimal", "Sign": "Positive", "Measure": "Unit_USD", "Scale": "3", "Tag": "us-gaap:AllowanceForLoanAndLeaseLossesPeriodIncreaseDecrease", "Fact": 0.0, "Period": "2018-01-01 to 2018-01-01"}, "Labels": {}, "References": {}, "Calculation": {}}, "Fact_19361903": {"Attributes": {"Format": "numdotdecimal", "Sign": "Positive", "Measure": "Unit_USD", "Scale": "3", "Tag": "us-gaap:AllowanceForLoanAndLeaseLossesPeriodIncreaseDecrease", "Fact": 0.0, "Period": "2019-01-01 to 2019-01-01"}, "Labels": {}, "References": {}, "Calculation": {}}, "Fact_19361904": {"Attributes": {"Format": "numdotdecimal", "Sign": "Positive", "Measure": "Unit_USD", "Scale": "3", "Tag": "us-gaap:AllowanceForLoanAndLeaseLossesPeriodIncreaseDecrease", "Fact": 3383.0, "Period": "2020-01-01 to 2020-01-01"}, "Labels": {}, "References": {}, "Calculation": {}}, "Fact_19362522": {"Attributes": {"Format": "numdotdecimal", "Sign": "Negative", "Measure": "Unit_USD", "Scale": "3", "Tag": "sohu:AllowanceForCreditLossesOnAccountsAndFinancingReceivable", "Fact": 12255.0, "Period": "As of 2019-12-31"}, "Labels": {}, "References": {}, "Calculation": {}}, "Fact_19362523": {"Attributes": {"Format": "numdotdecimal", "Sign": "Negative", "Measure": "Unit_USD", "Scale": "3", "Tag": "sohu:AllowanceForCreditLossesOnAccountsAndFinancingReceivable", "Fact": 6700.0, "Period": "As of 2020-12-31"}, "Labels": {}, "References": {}, "Calculation": {}}, "Fact_19361920": {"Attributes": {"Format": "numdotdecimal", "Sign": "Positive", "Measure": "Unit_USD", "Scale": "3", "Tag": "us-gaap:AllowanceForLoanAndLeaseLossesPeriodIncreaseDecrease", "Fact": 0.0, "Period": "2018-01-01 to 2018-01-01"}, "Labels": {}, "References": {}, "Calculation": {}}, "Fact_19361921": {"Attributes": {"Format": "numdotdecimal", "Sign": "Positive", "Measure": "Unit_USD", "Scale": "3", "Tag": "us-gaap:AllowanceForLoanAndLeaseLossesPeriodIncreaseDecrease", "Fact": 0.0, "Period": "2019-01-01 to 2019-01-01"}, "Labels": {}, "References": {}, "Calculation": {}}, "Fact_19361922": {"Attributes": {"Format": "numdotdecimal", "Sign": "Positive", "Measure": "Unit_USD", "Scale": "3", "Tag": "us-gaap:AllowanceForLoanAndLeaseLossesPeriodIncreaseDecrease", "Fact": 3273.0, "Period": "2020-01-01 to 2020-01-01"}, "Labels": {}, "References": {}, "Calculation": {}}, "Fact_19360782": {"Attributes": {"Format": "numdotdecimal", "Sign": "Positive", "Measure": "Unit_USD", "Scale": "3", "Tag": "us-gaap:DisposalGroupIncludingDiscontinuedOperationOperatingExpense", "Fact": 201739.0, "Period": "2018-01-01 to 2018-01-01"}, "Labels": {}, "References": {}, "Calculation": {}}, "Fact_19360783": {"Attributes": {"Format": "numdotdecimal", "Sign": "Positive", "Measure": "Unit_USD", "Scale": "3", "Tag": "us-gaap:DisposalGroupIncludingDiscontinuedOperationOperatingExpense", "Fact": 190402.0, "Period": "2019-01-01 to 2019-01-01"}, "Labels": {}, "References": {}, "Calculation": {}}, "Fact_19360784": {"Attributes": {"Format": "numdotdecimal", "Sign": "Positive", "Measure": "Unit_USD", "Scale": "3", "Tag": "us-gaap:DisposalGroupIncludingDiscontinuedOperationOperatingExpense", "Fact": 193376.0, "Period": "2020-01-01 to 2020-01-01"}, "Labels": {}, "References": {}, "Calculation": {}}, "Fact_19360785": {"Attributes": {"Format": "numdotdecimal", "Sign": "Positive", "Measure": "Unit_USD", "Scale": "3", "Tag": "us-gaap:DisposalGroupIncludingDiscontinuedOperationOperatingExpense", "Fact": 146194.0, "Period": "2018-01-01 to 2018-01-01"}, "Labels": {}, "References": {}, "Calculation": {}}, "Fact_19360786": {"Attributes": {"Format": "numdotdecimal", "Sign": "Positive", "Measure": "Unit_USD", "Scale": "3", "Tag": "us-gaap:DisposalGroupIncludingDiscontinuedOperationOperatingExpense", "Fact": 138291.0, "Period": "2019-01-01 to 2019-01-01"}, "Labels": {}, "References": {}, "Calculation": {}}, "Fact_19360787": {"Attributes": {"Format": "numdotdecimal", "Sign": "Positive", "Measure": "Unit_USD", "Scale": "3", "Tag": "us-gaap:DisposalGroupIncludingDiscontinuedOperationOperatingExpense", "Fact": 102523.0, "Period": "2020-01-01 to 2020-01-01"}, "Labels": {}, "References": {}, "Calculation": {}}, "Fact_19360788": {"Attributes": {"Format": "numdotdecimal", "Sign": "Positive", "Measure": "Unit_USD", "Scale": "3", "Tag": "us-gaap:DisposalGroupIncludingDiscontinuedOperationOperatingExpense", "Fact": 38072.0, "Period": "2018-01-01 to 2018-01-01"}, "Labels": {}, "References": {}, "Calculation": {}}, "Fact_19360789": {"Attributes": {"Format": "numdotdecimal", "Sign": "Positive", "Measure": "Unit_USD", "Scale": "3", "Tag": "us-gaap:DisposalGroupIncludingDiscontinuedOperationOperatingExpense", "Fact": 40670.0, "Period": "2019-01-01 to 2019-01-01"}, "Labels": {}, "References": {}, "Calculation": {}}, "Fact_19360790": {"Attributes": {"Format": "numdotdecimal", "Sign": "Positive", "Measure": "Unit_USD", "Scale": "3", "Tag": "us-gaap:DisposalGroupIncludingDiscontinuedOperationOperatingExpense", "Fact": 29271.0, "Period": "2020-01-01 to 2020-01-01"}, "Labels": {}, "References": {}, "Calculation": {}}, "Fact_19360825": {"Attributes": {"Format": "numdotdecimal", "Sign": "Positive", "Measure": "Unit_USD", "Scale": "3", "Tag": "sohu:DisposalGroupIncludingOtherIncomeOfDiscontinuedOperation", "Fact": 41490.0, "Period": "2018-01-01 to 2018-01-01"}, "Labels": {}, "References": {}, "Calculation": {}}, "Fact_19360826": {"Attributes": {"Format": "numdotdecimal", "Sign": "Positive", "Measure": "Unit_USD", "Scale": "3", "Tag": "sohu:DisposalGroupIncludingOtherIncomeOfDiscontinuedOperation", "Fact": 21127.0, "Period": "2019-01-01 to 2019-01-01"}, "Labels": {}, "References": {}, "Calculation": {}}, "Fact_19360827": {"Attributes": {"Format": "numdotdecimal", "Sign": "Positive", "Measure": "Unit_USD", "Scale": "3", "Tag": "sohu:DisposalGroupIncludingOtherIncomeOfDiscontinuedOperation", "Fact": 38633.0, "Period": "2020-01-01 to 2020-01-01"}, "Labels": {}, "References": {}, "Calculation": {}}, "Fact_19360771": {"Attributes": {"Format": "numdotdecimal", "Sign": "Positive", "Measure": "Unit_USD", "Scale": "3", "Tag": "us-gaap:DisposalGroupIncludingDiscontinuedOperationRevenue", "Fact": 37323.0, "Period": "2019-01-01 to 2019-01-01"}, "Labels": {}, "References": {}, "Calculation": {}}, "Fact_19360776": {"Attributes": {"Format": "numdotdecimal", "Sign": "Positive", "Measure": "Unit_USD", "Scale": "3", "Tag": "sohu:DisposalGroupIncludingDiscontinuedOperationCostOfRevenue", "Fact": 43857.0, "Period": "2019-01-01 to 2019-01-01"}, "Labels": {}, "References": {}, "Calculation": {}}, "Fact_19360781": {"Attributes": {"Format": "numdotdecimal", "Sign": "Negative", "Measure": "Unit_USD", "Scale": "3", "Tag": "us-gaap:DisposalGroupIncludingDiscontinuedOperationGrossProfitLoss", "Fact": 6534.0, "Period": "2019-01-01 to 2019-01-01"}, "Labels": {}, "References": {}, "Calculation": {}}, "Fact_19360795": {"Attributes": {"Format": "numdotdecimal", "Sign": "Positive", "Measure": "Unit_USD", "Scale": "3", "Tag": "us-gaap:DisposalGroupIncludingDiscontinuedOperationOperatingExpense", "Fact": 8807.0, "Period": "2019-01-01 to 2019-01-01"}, "Labels": {}, "References": {}, "Calculation": {}}, "Fact_19360797": {"Attributes": {"Format": "numdotdecimal", "Sign": "Positive", "Measure": "Unit_USD", "Scale": "3", "Tag": "us-gaap:DisposalGroupIncludingDiscontinuedOperationOperatingExpense", "Fact": 18583.0, "Period": "2019-01-01 to 2019-01-01"}, "Labels": {}, "References": {}, "Calculation": {}}, "Fact_19360799": {"Attributes": {"Format": "numdotdecimal", "Sign": "Positive", "Measure": "Unit_USD", "Scale": "3", "Tag": "us-gaap:DisposalGroupIncludingDiscontinuedOperationOperatingExpense", "Fact": 27390.0, "Period": "2019-01-01 to 2019-01-01"}, "Labels": {}, "References": {}, "Calculation": {}}, "Fact_19360801": {"Attributes": {"Format": "numdotdecimal", "Sign": "Negative", "Measure": "Unit_USD", "Scale": "3", "Tag": "sohu:DisposalGroupIncludingDiscontinuedOperationOperatingProfit", "Fact": 33924.0, "Period": "2019-01-01 to 2019-01-01"}, "Labels": {}, "References": {}, "Calculation": {}}, "Fact_19360809": {"Attributes": {"Format": "numdotdecimal", "Sign": "Positive", "Measure": "Unit_USD", "Scale": "3", "Tag": "us-gaap:DisposalGroupIncludingDiscontinuedOperationInterestIncome", "Fact": 7.0, "Period": "2019-01-01 to 2019-01-01"}, "Labels": {}, "References": {}, "Calculation": {}}, "Fact_19360829": {"Attributes": {"Format": "numdotdecimal", "Sign": "Positive", "Measure": "Unit_USD", "Scale": "3", "Tag": "sohu:DisposalGroupIncludingOtherIncomeOfDiscontinuedOperation", "Fact": 61.0, "Period": "2019-01-01 to 2019-01-01"}, "Labels": {}, "References": {}, "Calculation": {}}, "Fact_19360814": {"Attributes": {"Format": "numdotdecimal", "Sign": "Negative", "Measure": "Unit_USD", "Scale": "3", "Tag": "sohu:DisposalGroupIncludingDiscontinuedOperationIncomeBeforeIncomeTaxExpense", "Fact": 33856.0, "Period": "2019-01-01 to 2019-01-01"}, "Labels": {}, "References": {}, "Calculation": {}}, "Fact_19360819": {"Attributes": {"Format": "numdotdecimal", "Sign": "Positive", "Measure": "Unit_USD", "Scale": "3", "Tag": "sohu:DisposalGroupIncludingDiscontinuedOperationIncomeTaxExpense", "Fact": 142.0, "Period": "2019-01-01 to 2019-01-01"}, "Labels": {}, "References": {}, "Calculation": {}}, "Fact_19360824": {"Attributes": {"Format": "numdotdecimal", "Sign": "Negative", "Measure": "Unit_USD", "Scale": "3", "Tag": "us-gaap:IncomeLossFromDiscontinuedOperationsNetOfTax", "Fact": 33998.0, "Period": "2019-01-01 to 2019-01-01"}, "Labels": {}, "References": {}, "Calculation": {}}, "Fact_19360834": {"Attributes": {"Format": "numdotdecimal", "Sign": "Positive", "Measure": "Unit_USD", "Scale": "3", "Tag": "us-gaap:CashProvidedByUsedInOperatingActivitiesDiscontinuedOperations", "Fact": 9341.0, "Period": "2019-01-01 to 2019-01-01"}, "Labels": {}, "References": {}, "Calculation": {}}, "Fact_19360839": {"Attributes": {"Format": "numdotdecimal", "Sign": "Negative", "Measure": "Unit_USD", "Scale": "3", "Tag": "us-gaap:CashProvidedByUsedInInvestingActivitiesDiscontinuedOperations", "Fact": 10808.0, "Period": "2019-01-01 to 2019-01-01"}, "Labels": {}, "References": {}, "Calculation": {}}, "Fact_19360844": {"Attributes": {"Format": "numdotdecimal", "Sign": "Positive", "Measure": "Unit_USD", "Scale": "3", "Tag": "us-gaap:CashProvidedByUsedInFinancingActivitiesDiscontinuedOperations", "Fact": 0.0, "Period": "2019-01-01 to 2019-01-01"}, "Labels": {}, "References": {}, "Calculation": {}}, "Fact_19360949": {"Attributes": {"Format": "numdotdecimal", "Sign": "Negative", "Measure": "Unit_USD", "Scale": "3", "Tag": "sohu:ShareBasedCompensationExpenseRecognizedInCostOfRevenue", "Fact": 707.0, "Period": "2018-01-01 to 2018-01-01"}, "Labels": {}, "References": {}, "Calculation": {}}, "Fact_19360950": {"Attributes": {"Format": "numdotdecimal", "Sign": "Negative", "Measure": "Unit_USD", "Scale": "3", "Tag": "sohu:ShareBasedCompensationExpenseRecognizedInCostOfRevenue", "Fact": 31.0, "Period": "2018-01-01 to 2018-01-01"}, "Labels": {}, "References": {}, "Calculation": {}}, "Fact_19360951": {"Attributes": {"Format": "numdotdecimal", "Sign": "Positive", "Measure": "Unit_USD", "Scale": "3", "Tag": "sohu:ShareBasedCompensationExpenseRecognizedInCostOfRevenue", "Fact": 0.0, "Period": "2018-01-01 to 2018-01-01"}, "Labels": {}, "References": {}, "Calculation": {}}, "Fact_19360952": {"Attributes": {"Format": "numdotdecimal", "Sign": "Negative", "Measure": "Unit_USD", "Scale": "3", "Tag": "sohu:ShareBasedCompensationExpenseRecognizedInCostOfRevenue", "Fact": 738.0, "Period": "2018-01-01 to 2018-01-01"}, "Labels": {}, "References": {}, "Calculation": {}}, "Fact_19360901": {"Attributes": {"Format": "numdotdecimal", "Sign": "Negative", "Measure": "Unit_USD", "Scale": "3", "Tag": "sohu:ShareBasedCompensationExpenseRecognizedInOperatingExpense", "Fact": 4940.0, "Period": "2018-01-01 to 2018-01-01"}, "Labels": {}, "References": {}, "Calculation": {}}, "Fact_19360902": {"Attributes": {"Format": "numdotdecimal", "Sign": "Negative", "Measure": "Unit_USD", "Scale": "3", "Tag": "sohu:ShareBasedCompensationExpenseRecognizedInOperatingExpense", "Fact": 6430.0, "Period": "2018-01-01 to 2018-01-01"}, "Labels": {}, "References": {}, "Calculation": {}}, "Fact_19360903": {"Attributes": {"Format": "numdotdecimal", "Sign": "Positive", "Measure": "Unit_USD", "Scale": "3", "Tag": "sohu:ShareBasedCompensationExpenseRecognizedInOperatingExpense", "Fact": 0.0, "Period": "2018-01-01 to 2018-01-01"}, "Labels": {}, "References": {}, "Calculation": {}}, "Fact_19360904": {"Attributes": {"Format": "numdotdecimal", "Sign": "Negative", "Measure": "Unit_USD", "Scale": "3", "Tag": "sohu:ShareBasedCompensationExpenseRecognizedInOperatingExpense", "Fact": 11370.0, "Period": "2018-01-01 to 2018-01-01"}, "Labels": {}, "References": {}, "Calculation": {}}, "Fact_19360953": {"Attributes": {"Format": "numdotdecimal", "Sign": "Positive", "Measure": "Unit_USD", "Scale": "3", "Tag": "sohu:ShareBasedCompensationExpenseRecognizedInCostOfRevenue", "Fact": 23.0, "Period": "2019-01-01 to 2019-01-01"}, "Labels": {}, "References": {}, "Calculation": {}}, "Fact_19360954": {"Attributes": {"Format": "numdotdecimal", "Sign": "Positive", "Measure": "Unit_USD", "Scale": "3", "Tag": "sohu:ShareBasedCompensationExpenseRecognizedInCostOfRevenue", "Fact": 120.0, "Period": "2019-01-01 to 2019-01-01"}, "Labels": {}, "References": {}, "Calculation": {}}, "Fact_19360955": {"Attributes": {"Format": "numdotdecimal", "Sign": "Negative", "Measure": "Unit_USD", "Scale": "3", "Tag": "sohu:ShareBasedCompensationExpenseRecognizedInCostOfRevenue", "Fact": 1.0, "Period": "2019-01-01 to 2019-01-01"}, "Labels": {}, "References": {}, "Calculation": {}}, "Fact_19360956": {"Attributes": {"Format": "numdotdecimal", "Sign": "Positive", "Measure": "Unit_USD", "Scale": "3", "Tag": "sohu:ShareBasedCompensationExpenseRecognizedInCostOfRevenue", "Fact": 142.0, "Period": "2019-01-01 to 2019-01-01"}, "Labels": {}, "References": {}, "Calculation": {}}, "Fact_19360905": {"Attributes": {"Format": "numdotdecimal", "Sign": "Positive", "Measure": "Unit_USD", "Scale": "3", "Tag": "sohu:ShareBasedCompensationExpenseRecognizedInOperatingExpense", "Fact": 1023.0, "Period": "2019-01-01 to 2019-01-01"}, "Labels": {}, "References": {}, "Calculation": {}}, "Fact_19360906": {"Attributes": {"Format": "numdotdecimal", "Sign": "Positive", "Measure": "Unit_USD", "Scale": "3", "Tag": "sohu:ShareBasedCompensationExpenseRecognizedInOperatingExpense", "Fact": 1185.0, "Period": "2019-01-01 to 2019-01-01"}, "Labels": {}, "References": {}, "Calculation": {}}, "Fact_19360907": {"Attributes": {"Format": "numdotdecimal", "Sign": "Positive", "Measure": "Unit_USD", "Scale": "3", "Tag": "sohu:ShareBasedCompensationExpenseRecognizedInOperatingExpense", "Fact": 0.0, "Period": "2019-01-01 to 2019-01-01"}, "Labels": {}, "References": {}, "Calculation": {}}, "Fact_19360908": {"Attributes": {"Format": "numdotdecimal", "Sign": "Positive", "Measure": "Unit_USD", "Scale": "3", "Tag": "sohu:ShareBasedCompensationExpenseRecognizedInOperatingExpense", "Fact": 2208.0, "Period": "2019-01-01 to 2019-01-01"}, "Labels": {}, "References": {}, "Calculation": {}}, "Fact_19360957": {"Attributes": {"Format": "numdotdecimal", "Sign": "Positive", "Measure": "Unit_USD", "Scale": "3", "Tag": "sohu:ShareBasedCompensationExpenseRecognizedInCostOfRevenue", "Fact": 177.0, "Period": "2020-01-01 to 2020-01-01"}, "Labels": {}, "References": {}, "Calculation": {}}, "Fact_19360958": {"Attributes": {"Format": "numdotdecimal", "Sign": "Positive", "Measure": "Unit_USD", "Scale": "3", "Tag": "sohu:ShareBasedCompensationExpenseRecognizedInCostOfRevenue", "Fact": 543.0, "Period": "2020-01-01 to 2020-01-01"}, "Labels": {}, "References": {}, "Calculation": {}}, "Fact_19360959": {"Attributes": {"Format": "numdotdecimal", "Sign": "Positive", "Measure": "Unit_USD", "Scale": "3", "Tag": "sohu:ShareBasedCompensationExpenseRecognizedInCostOfRevenue", "Fact": 0.0, "Period": "2020-01-01 to 2020-01-01"}, "Labels": {}, "References": {}, "Calculation": {}}, "Fact_19360960": {"Attributes": {"Format": "numdotdecimal", "Sign": "Positive", "Measure": "Unit_USD", "Scale": "3", "Tag": "sohu:ShareBasedCompensationExpenseRecognizedInCostOfRevenue", "Fact": 720.0, "Period": "2020-01-01 to 2020-01-01"}, "Labels": {}, "References": {}, "Calculation": {}}, "Fact_19360909": {"Attributes": {"Format": "numdotdecimal", "Sign": "Positive", "Measure": "Unit_USD", "Scale": "3", "Tag": "sohu:ShareBasedCompensationExpenseRecognizedInOperatingExpense", "Fact": 1759.0, "Period": "2020-01-01 to 2020-01-01"}, "Labels": {}, "References": {}, "Calculation": {}}, "Fact_19360910": {"Attributes": {"Format": "numdotdecimal", "Sign": "Positive", "Measure": "Unit_USD", "Scale": "3", "Tag": "sohu:ShareBasedCompensationExpenseRecognizedInOperatingExpense", "Fact": 12001.0, "Period": "2020-01-01 to 2020-01-01"}, "Labels": {}, "References": {}, "Calculation": {}}, "Fact_19360911": {"Attributes": {"Format": "numdotdecimal", "Sign": "Positive", "Measure": "Unit_USD", "Scale": "3", "Tag": "sohu:ShareBasedCompensationExpenseRecognizedInOperatingExpense", "Fact": 0.0, "Period": "2020-01-01 to 2020-01-01"}, "Labels": {}, "References": {}, "Calculation": {}}, "Fact_19360912": {"Attributes": {"Format": "numdotdecimal", "Sign": "Positive", "Measure": "Unit_USD", "Scale": "3", "Tag": "sohu:ShareBasedCompensationExpenseRecognizedInOperatingExpense", "Fact": 13760.0, "Period": "2020-01-01 to 2020-01-01"}, "Labels": {}, "References": {}, "Calculation": {}}, "Fact_19361036": {"Attributes": {"Format": "numdotdecimal", "Sign": "Positive", "Measure": "Unit_USD", "Scale": "3", "Tag": "sohu:AssetsExcludingDiscontinuedOperation", "Fact": 1721801.0, "Period": "As of 2019-12-31"}, "Labels": {}, "References": {}, "Calculation": {}}, "Fact_19361037": {"Attributes": {"Format": "numdotdecimal", "Sign": "Positive", "Measure": "Unit_USD", "Scale": "3", "Tag": "sohu:AssetsExcludingDiscontinuedOperation", "Fact": 1871685.0, "Period": "As of 2019-12-31"}, "Labels": {}, "References": {}, "Calculation": {}}, "Fact_19361038": {"Attributes": {"Format": "numdotdecimal", "Sign": "Negative", "Measure": "Unit_USD", "Scale": "3", "Tag": "sohu:AssetsExcludingDiscontinuedOperation", "Fact": 2423923.0, "Period": "As of 2019-12-31"}, "Labels": {}, "References": {}, "Calculation": {}}, "Fact_19361039": {"Attributes": {"Format": "numdotdecimal", "Sign": "Positive", "Measure": "Unit_USD", "Scale": "3", "Tag": "sohu:AssetsExcludingDiscontinuedOperation", "Fact": 1169563.0, "Period": "As of 2019-12-31"}, "Labels": {}, "References": {}, "Calculation": {}}, "Fact_19361040": {"Attributes": {"Format": "numdotdecimal", "Sign": "Positive", "Measure": "Unit_USD", "Scale": "3", "Tag": "sohu:AssetsExcludingDiscontinuedOperation", "Fact": 1632736.0, "Period": "As of 2020-12-31"}, "Labels": {}, "References": {}, "Calculation": {}}, "Fact_19361041": {"Attributes": {"Format": "numdotdecimal", "Sign": "Positive", "Measure": "Unit_USD", "Scale": "3", "Tag": "sohu:AssetsExcludingDiscontinuedOperation", "Fact": 2478705.0, "Period": "As of 2020-12-31"}, "Labels": {}, "References": {}, "Calculation": {}}, "Fact_19361042": {"Attributes": {"Format": "numdotdecimal", "Sign": "Negative", "Measure": "Unit_USD", "Scale": "3", "Tag": "sohu:AssetsExcludingDiscontinuedOperation", "Fact": 2701488.0, "Period": "As of 2020-12-31"}, "Labels": {}, "References": {}, "Calculation": {}}, "Fact_19361043": {"Attributes": {"Format": "numdotdecimal", "Sign": "Positive", "Measure": "Unit_USD", "Scale": "3", "Tag": "sohu:AssetsExcludingDiscontinuedOperation", "Fact": 1409953.0, "Period": "As of 2020-12-31"}, "Labels": {}, "References": {}, "Calculation": {}}, "Fact_19362527": {"Attributes": {"Format": "numdotdecimal", "Sign": "Positive", "Measure": "Unit_USD", "Scale": "3", "Tag": "us-gaap:RelatedPartyTransactionOtherRevenuesFromTransactionsWithRelatedParty", "Fact": 8392.0, "Period": "2018-01-01 to 2018-01-01"}, "Labels": {}, "References": {}, "Calculation": {}}, "Fact_19362528": {"Attributes": {"Format": "numdotdecimal", "Sign": "Positive", "Measure": "Unit_USD", "Scale": "3", "Tag": "us-gaap:RelatedPartyTransactionOtherRevenuesFromTransactionsWithRelatedParty", "Fact": 8029.0, "Period": "2019-01-01 to 2019-01-01"}, "Labels": {}, "References": {}, "Calculation": {}}, "Fact_19362529": {"Attributes": {"Format": "numdotdecimal", "Sign": "Positive", "Measure": "Unit_USD", "Scale": "3", "Tag": "us-gaap:RelatedPartyTransactionOtherRevenuesFromTransactionsWithRelatedParty", "Fact": 9793.0, "Period": "2020-01-01 to 2020-01-01"}, "Labels": {}, "References": {}, "Calculation": {}}, "Fact_19362811": {"Attributes": {"Format": "numdotdecimal", "Sign": "Positive", "Measure": "Unit_USD", "Scale": "3", "Tag": "sohu:TaxReturnFromIndividualTaxAndAdditionalDeductionOfPrcValueAddedTax", "Fact": 0.0, "Period": "2018-01-01 to 2018-01-01"}, "Labels": {}, "References": {}, "Calculation": {}}, "Fact_19362812": {"Attributes": {"Format": "numdotdecimal", "Sign": "Positive", "Measure": "Unit_USD", "Scale": "3", "Tag": "sohu:TaxReturnFromIndividualTaxAndAdditionalDeductionOfPrcValueAddedTax", "Fact": 907.0, "Period": "2019-01-01 to 2019-01-01"}, "Labels": {}, "References": {}, "Calculation": {}}, "Fact_19362813": {"Attributes": {"Format": "numdotdecimal", "Sign": "Positive", "Measure": "Unit_USD", "Scale": "3", "Tag": "sohu:TaxReturnFromIndividualTaxAndAdditionalDeductionOfPrcValueAddedTax", "Fact": 6169.0, "Period": "2020-01-01 to 2020-01-01"}, "Labels": {}, "References": {}, "Calculation": {}}, "Fact_19361078": {"Attributes": {"Format": "numdotdecimal", "Sign": "Positive", "Measure": "Unit_USD", "Scale": "3", "Tag": "sohu:FairValueChangeInFinancialProducts", "Fact": 17999.0, "Period": "2018-01-01 to 2018-01-01"}, "Labels": {}, "References": {}, "Calculation": {}}, "Fact_19361079": {"Attributes": {"Format": "numdotdecimal", "Sign": "Positive", "Measure": "Unit_USD", "Scale": "3", "Tag": "sohu:FairValueChangeInFinancialProducts", "Fact": 11113.0, "Period": "2019-01-01 to 2019-01-01"}, "Labels": {}, "References": {}, "Calculation": {}}, "Fact_19361080": {"Attributes": {"Format": "numdotdecimal", "Sign": "Positive", "Measure": "Unit_USD", "Scale": "3", "Tag": "sohu:FairValueChangeInFinancialProducts", "Fact": 4303.0, "Period": "2020-01-01 to 2020-01-01"}, "Labels": {}, "References": {}, "Calculation": {}}, "Fact_19361099": {"Attributes": {"Format": "numdotdecimal", "Sign": "Positive", "Measure": "Unit_USD", "Scale": "3", "Tag": "us-gaap:ImpairmentOfInvestments", "Fact": 0.0, "Period": "2018-01-01 to 2018-01-01"}, "Labels": {}, "References": {}, "Calculation": {}}, "Fact_19361100": {"Attributes": {"Format": "numdotdecimal", "Sign": "Positive", "Measure": "Unit_USD", "Scale": "3", "Tag": "us-gaap:ImpairmentOfInvestments", "Fact": 23154.0, "Period": "2019-01-01 to 2019-01-01"}, "Labels": {}, "References": {}, "Calculation": {}}, "Fact_19361101": {"Attributes": {"Format": "numdotdecimal", "Sign": "Positive", "Measure": "Unit_USD", "Scale": "3", "Tag": "us-gaap:ImpairmentOfInvestments", "Fact": 384.0, "Period": "2020-01-01 to 2020-01-01"}, "Labels": {}, "References": {}, "Calculation": {}}, "Fact_19361172": {"Attributes": {"Format": "numdotdecimal", "Sign": "Positive", "Measure": "Unit_USD", "Scale": "3", "Tag": "sohu:ContingentLiabilityRelatedToAssociatedCompaniesLiquidation", "Fact": 23900.0, "Period": "As of 2019-12-31"}, "Labels": {}, "References": {}, "Calculation": {}}, "Fact_19361173": {"Attributes": {"Format": "numdotdecimal", "Sign": "Positive", "Measure": "Unit_USD", "Scale": "3", "Tag": "sohu:ContingentLiabilityRelatedToAssociatedCompaniesLiquidation", "Fact": 23900.0, "Period": "As of 2020-12-31"}, "Labels": {}, "References": {}, "Calculation": {}}, "Fact_19361617": {"Attributes": {"Format": "numdotdecimal", "Sign": "Negative", "Measure": "Unit_pure", "Scale": "-2", "Tag": "us-gaap:EffectiveIncomeTaxRateReconciliationTaxHolidays", "Fact": 17.0, "Period": "2018-01-01 to 2018-01-01"}, "Labels": {}, "References": {}, "Calculation": {}}, "Fact_19361618": {"Attributes": {"Format": "numdotdecimal", "Sign": "Negative", "Measure": "Unit_pure", "Scale": "-2", "Tag": "us-gaap:EffectiveIncomeTaxRateReconciliationTaxHolidays", "Fact": 11.0, "Period": "2019-01-01 to 2019-01-01"}, "Labels": {}, "References": {}, "Calculation": {}}, "Fact_19361619": {"Attributes": {"Format": "numdotdecimal", "Sign": "Positive", "Measure": "Unit_pure", "Scale": "-2", "Tag": "us-gaap:EffectiveIncomeTaxRateReconciliationTaxHolidays", "Fact": 17.0, "Period": "2020-01-01 to 2020-01-01"}, "Labels": {}, "References": {}, "Calculation": {}}, "Fact_19361623": {"Attributes": {"Format": "numdotdecimal", "Sign": "Negative", "Measure": "Unit_pure", "Scale": "-2", "Tag": "sohu:EffectOfWithholdingTaxes", "Fact": 39.0, "Period": "2018-01-01 to 2018-01-01"}, "Labels": {}, "References": {}, "Calculation": {}}, "Fact_19361624": {"Attributes": {"Format": "numdotdecimal", "Sign": "Negative", "Measure": "Unit_pure", "Scale": "-2", "Tag": "sohu:EffectOfWithholdingTaxes", "Fact": 12.0, "Period": "2019-01-01 to 2019-01-01"}, "Labels": {}, "References": {}, "Calculation": {}}, "Fact_19361625": {"Attributes": {"Format": "numdotdecimal", "Sign": "Positive", "Measure": "Unit_pure", "Scale": "-2", "Tag": "sohu:EffectOfWithholdingTaxes", "Fact": 109.0, "Period": "2020-01-01 to 2020-01-01"}, "Labels": {}, "References": {}, "Calculation": {}}, "Fact_19361989": {"Attributes": {"Format": "numdotdecimal", "Sign": "Positive", "Measure": "Unit_USD", "Scale": "3", "Tag": "us-gaap:ShareBasedCompensationArrangementByShareBasedPaymentAwardOptionsOutstandingIntrinsicValue", "Fact": 3147.0, "Period": "As of 2020-12-31"}, "Labels": {}, "References": {}, "Calculation": {}}, "Fact_19361993": {"Attributes": {"Format": "numdotdecimal", "Sign": "Positive", "Measure": "Unit_USD", "Scale": "3", "Tag": "us-gaap:ShareBasedCompensationArrangementByShareBasedPaymentAwardOptionsVestedAndExpectedToVestOutstandingAggregateIntrinsicValue", "Fact": 3147.0, "Period": "As of 2020-12-31"}, "Labels": {}, "References": {}, "Calculation": {}}, "Fact_19361997": {"Attributes": {"Format": "numdotdecimal", "Sign": "Positive", "Measure": "Unit_USD", "Scale": "3", "Tag": "us-gaap:SharebasedCompensationArrangementBySharebasedPaymentAwardOptionsExercisableIntrinsicValue1", "Fact": 3147.0, "Period": "As of 2020-12-31"}, "Labels": {}, "References": {}, "Calculation": {}}, "Fact_19362060": {"Attributes": {"Format": "numdotdecimal", "Sign": "Positive", "Measure": "Unit_USD", "Scale": "3", "Tag": "us-gaap:ShareBasedCompensationArrangementByShareBasedPaymentAwardOptionsOutstandingIntrinsicValue", "Fact": 30850.0, "Period": "As of 2020-12-31"}, "Labels": {}, "References": {}, "Calculation": {}}, "Fact_19362064": {"Attributes": {"Format": "numdotdecimal", "Sign": "Positive", "Measure": "Unit_USD", "Scale": "3", "Tag": "us-gaap:ShareBasedCompensationArrangementByShareBasedPaymentAwardOptionsVestedAndExpectedToVestOutstandingAggregateIntrinsicValue", "Fact": 26767.0, "Period": "As of 2020-12-31"}, "Labels": {}, "References": {}, "Calculation": {}}, "Fact_19362068": {"Attributes": {"Format": "numdotdecimal", "Sign": "Positive", "Measure": "Unit_USD", "Scale": "3", "Tag": "us-gaap:SharebasedCompensationArrangementBySharebasedPaymentAwardOptionsExercisableIntrinsicValue1", "Fact": 12794.0, "Period": "As of 2020-12-31"}, "Labels": {}, "References": {}, "Calculation": {}}, "Fact_19362132": {"Attributes": {"Format": "numdotdecimal", "Sign": "Positive", "Measure": "Unit_USD", "Scale": "3", "Tag": "us-gaap:ShareBasedCompensationArrangementByShareBasedPaymentAwardOptionsOutstandingIntrinsicValue", "Fact": 7000.0, "Period": "As of 2020-12-31"}, "Labels": {}, "References": {}, "Calculation": {}}, "Fact_19362136": {"Attributes": {"Format": "numdotdecimal", "Sign": "Positive", "Measure": "Unit_USD", "Scale": "3", "Tag": "us-gaap:ShareBasedCompensationArrangementByShareBasedPaymentAwardOptionsVestedAndExpectedToVestOutstandingAggregateIntrinsicValue", "Fact": 5541.0, "Period": "As of 2020-12-31"}, "Labels": {}, "References": {}, "Calculation": {}}, "Fact_19362140": {"Attributes": {"Format": "numdotdecimal", "Sign": "Positive", "Measure": "Unit_USD", "Scale": "3", "Tag": "us-gaap:SharebasedCompensationArrangementBySharebasedPaymentAwardOptionsExercisableIntrinsicValue1", "Fact": 1451.0, "Period": "As of 2020-12-31"}, "Labels": {}, "References": {}, "Calculation": {}}, "Fact_19362198": {"Attributes": {"Format": "numdotdecimal", "Sign": "Positive", "Measure": "Unit_USD", "Scale": "3", "Tag": "us-gaap:ShareBasedCompensationArrangementByShareBasedPaymentAwardOptionsOutstandingIntrinsicValue", "Fact": 73.0, "Period": "As of 2020-12-31"}, "Labels": {}, "References": {}, "Calculation": {}}, "Fact_19362202": {"Attributes": {"Format": "numdotdecimal", "Sign": "Positive", "Measure": "Unit_USD", "Scale": "3", "Tag": "us-gaap:ShareBasedCompensationArrangementByShareBasedPaymentAwardOptionsVestedAndExpectedToVestOutstandingAggregateIntrinsicValue", "Fact": 73.0, "Period": "As of 2020-12-31"}, "Labels": {}, "References": {}, "Calculation": {}}, "Fact_19362206": {"Attributes": {"Format": "numdotdecimal", "Sign": "Positive", "Measure": "Unit_USD", "Scale": "3", "Tag": "us-gaap:SharebasedCompensationArrangementBySharebasedPaymentAwardOptionsExercisableIntrinsicValue1", "Fact": 73.0, "Period": "As of 2020-12-31"}, "Labels": {}, "References": {}, "Calculation": {}}}