<?xml version="1.0" encoding="UTF-8" ?><root><hidden19362681 type="dict"><Attributes type="dict"><Tag type="str">us-gaap:ShareBasedCompensationArrangementByShareBasedPaymentAwardExpirationDate</Tag><Fact type="list"><item type="str">2</item><item type="str">0</item><item type="str">2</item><item type="str">8</item><item type="str">-</item><item type="str">0</item><item type="str">4</item><item type="str">-</item><item type="str">3</item><item type="str">0</item></Fact><Period type="str">2020-01-01 to 2020-01-01</Period></Attributes><Labels type="dict"></Labels><References type="dict"></References><Calculation type="dict"></Calculation></hidden19362681><hidden19362705 type="dict"><Attributes type="dict"><Tag type="str">us-gaap:ShareBasedCompensationArrangementByShareBasedPaymentAwardExpirationDate</Tag><Fact type="list"><item type="str">2</item><item type="str">0</item><item type="str">2</item><item type="str">4</item><item type="str">-</item><item type="str">0</item><item type="str">6</item><item type="str">-</item><item type="str">3</item><item type="str">0</item></Fact><Period type="str">2020-01-01 to 2020-01-01</Period></Attributes><Labels type="dict"></Labels><References type="dict"></References><Calculation type="dict"></Calculation></hidden19362705><hidden19363019 type="dict"><Attributes type="dict"><Tag type="str">us-gaap:OperatingLeaseLiabilityCurrentStatementOfFinancialPositionExtensibleList</Tag><Fact type="list"><item type="str">u</item><item type="str">s</item><item type="str">-</item><item type="str">g</item><item type="str">a</item><item type="str">a</item><item type="str">p</item><item type="str">:</item><item type="str">O</item><item type="str">p</item><item type="str">e</item><item type="str">r</item><item type="str">a</item><item type="str">t</item><item type="str">i</item><item type="str">n</item><item type="str">g</item><item type="str">L</item><item type="str">e</item><item type="str">a</item><item type="str">s</item><item type="str">e</item><item type="str">L</item><item type="str">i</item><item type="str">a</item><item type="str">b</item><item type="str">i</item><item type="str">l</item><item type="str">i</item><item type="str">t</item><item type="str">y</item><item type="str">C</item><item type="str">u</item><item type="str">r</item><item type="str">r</item><item type="str">e</item><item type="str">n</item><item type="str">t</item></Fact><Period type="str">As of 2020-12-31</Period></Attributes><Labels type="dict"></Labels><References type="dict"></References><Calculation type="dict"></Calculation></hidden19363019><hidden19363020 type="dict"><Attributes type="dict"><Tag type="str">us-gaap:OperatingLeaseLiabilityCurrentStatementOfFinancialPositionExtensibleList</Tag><Fact type="list"><item type="str">u</item><item type="str">s</item><item type="str">-</item><item type="str">g</item><item type="str">a</item><item type="str">a</item><item type="str">p</item><item type="str">:</item><item type="str">O</item><item type="str">p</item><item type="str">e</item><item type="str">r</item><item type="str">a</item><item type="str">t</item><item type="str">i</item><item type="str">n</item><item type="str">g</item><item type="str">L</item><item type="str">e</item><item type="str">a</item><item type="str">s</item><item type="str">e</item><item type="str">L</item><item type="str">i</item><item type="str">a</item><item type="str">b</item><item type="str">i</item><item type="str">l</item><item type="str">i</item><item type="str">t</item><item type="str">y</item><item type="str">C</item><item type="str">u</item><item type="str">r</item><item type="str">r</item><item type="str">e</item><item type="str">n</item><item type="str">t</item></Fact><Period type="str">As of 2019-12-31</Period></Attributes><Labels type="dict"></Labels><References type="dict"></References><Calculation type="dict"></Calculation></hidden19363020><hidden19362818 type="dict"><Attributes type="dict"><Sign type="str">Positive</Sign><Measure type="str">Unit_pure</Measure><Tag type="str">us-gaap:ForeignCurrencyExchangeRateTranslation1</Tag><Fact type="float">0.1389</Fact><Period type="str">As of 2020-04-03</Period></Attributes><Labels type="dict"></Labels><References type="dict"></References><Calculation type="dict"></Calculation></hidden19362818><Fact_19362513 type="dict"><Attributes type="dict"><Format type="str">numdotdecimal</Format><Sign type="str">Positive</Sign><Measure type="str">Unit_USD</Measure><Scale type="str">3</Scale><Tag type="str">sohu:AccountsAndFinancingReceivableNetCurrent</Tag><Fact type="float">134635.0</Fact><Period type="str">As of 2019-12-31</Period></Attributes><Labels type="dict"></Labels><References type="dict"></References><Calculation type="dict"></Calculation></Fact_19362513><Fact_19362514 type="dict"><Attributes type="dict"><Format type="str">numdotdecimal</Format><Sign type="str">Negative</Sign><Measure type="str">Unit_USD</Measure><Scale type="str">3</Scale><Tag type="str">sohu:AccountsAndFinancingReceivableNetCurrent</Tag><Fact type="float">3273.0</Fact><Period type="str">As of 2019-12-31</Period></Attributes><Labels type="dict"></Labels><References type="dict"></References><Calculation type="dict"></Calculation></Fact_19362514><Fact_19362515 type="dict"><Attributes type="dict"><Format type="str">numdotdecimal</Format><Sign type="str">Positive</Sign><Measure type="str">Unit_USD</Measure><Scale type="str">3</Scale><Tag type="str">sohu:AccountsAndFinancingReceivableNetCurrent</Tag><Fact type="float">131362.0</Fact><Period type="str">As of 2020-01-01</Period></Attributes><Labels type="dict"></Labels><References type="dict"></References><Calculation type="dict"></Calculation></Fact_19362515><Fact_19361902 type="dict"><Attributes type="dict"><Format type="str">numdotdecimal</Format><Sign type="str">Positive</Sign><Measure type="str">Unit_USD</Measure><Scale type="str">3</Scale><Tag type="str">us-gaap:AllowanceForLoanAndLeaseLossesPeriodIncreaseDecrease</Tag><Fact type="float">0.0</Fact><Period type="str">2018-01-01 to 2018-01-01</Period></Attributes><Labels type="dict"></Labels><References type="dict"></References><Calculation type="dict"></Calculation></Fact_19361902><Fact_19361903 type="dict"><Attributes type="dict"><Format type="str">numdotdecimal</Format><Sign type="str">Positive</Sign><Measure type="str">Unit_USD</Measure><Scale type="str">3</Scale><Tag type="str">us-gaap:AllowanceForLoanAndLeaseLossesPeriodIncreaseDecrease</Tag><Fact type="float">0.0</Fact><Period type="str">2019-01-01 to 2019-01-01</Period></Attributes><Labels type="dict"></Labels><References type="dict"></References><Calculation type="dict"></Calculation></Fact_19361903><Fact_19361904 type="dict"><Attributes type="dict"><Format type="str">numdotdecimal</Format><Sign type="str">Positive</Sign><Measure type="str">Unit_USD</Measure><Scale type="str">3</Scale><Tag type="str">us-gaap:AllowanceForLoanAndLeaseLossesPeriodIncreaseDecrease</Tag><Fact type="float">3383.0</Fact><Period type="str">2020-01-01 to 2020-01-01</Period></Attributes><Labels type="dict"></Labels><References type="dict"></References><Calculation type="dict"></Calculation></Fact_19361904><Fact_19362522 type="dict"><Attributes type="dict"><Format type="str">numdotdecimal</Format><Sign type="str">Negative</Sign><Measure type="str">Unit_USD</Measure><Scale type="str">3</Scale><Tag type="str">sohu:AllowanceForCreditLossesOnAccountsAndFinancingReceivable</Tag><Fact type="float">12255.0</Fact><Period type="str">As of 2019-12-31</Period></Attributes><Labels type="dict"></Labels><References type="dict"></References><Calculation type="dict"></Calculation></Fact_19362522><Fact_19362523 type="dict"><Attributes type="dict"><Format type="str">numdotdecimal</Format><Sign type="str">Negative</Sign><Measure type="str">Unit_USD</Measure><Scale type="str">3</Scale><Tag type="str">sohu:AllowanceForCreditLossesOnAccountsAndFinancingReceivable</Tag><Fact type="float">6700.0</Fact><Period type="str">As of 2020-12-31</Period></Attributes><Labels type="dict"></Labels><References type="dict"></References><Calculation type="dict"></Calculation></Fact_19362523><Fact_19361920 type="dict"><Attributes type="dict"><Format type="str">numdotdecimal</Format><Sign type="str">Positive</Sign><Measure type="str">Unit_USD</Measure><Scale type="str">3</Scale><Tag type="str">us-gaap:AllowanceForLoanAndLeaseLossesPeriodIncreaseDecrease</Tag><Fact type="float">0.0</Fact><Period type="str">2018-01-01 to 2018-01-01</Period></Attributes><Labels type="dict"></Labels><References type="dict"></References><Calculation type="dict"></Calculation></Fact_19361920><Fact_19361921 type="dict"><Attributes type="dict"><Format type="str">numdotdecimal</Format><Sign type="str">Positive</Sign><Measure type="str">Unit_USD</Measure><Scale type="str">3</Scale><Tag type="str">us-gaap:AllowanceForLoanAndLeaseLossesPeriodIncreaseDecrease</Tag><Fact type="float">0.0</Fact><Period type="str">2019-01-01 to 2019-01-01</Period></Attributes><Labels type="dict"></Labels><References type="dict"></References><Calculation type="dict"></Calculation></Fact_19361921><Fact_19361922 type="dict"><Attributes type="dict"><Format type="str">numdotdecimal</Format><Sign type="str">Positive</Sign><Measure type="str">Unit_USD</Measure><Scale type="str">3</Scale><Tag type="str">us-gaap:AllowanceForLoanAndLeaseLossesPeriodIncreaseDecrease</Tag><Fact type="float">3273.0</Fact><Period type="str">2020-01-01 to 2020-01-01</Period></Attributes><Labels type="dict"></Labels><References type="dict"></References><Calculation type="dict"></Calculation></Fact_19361922><Fact_19360782 type="dict"><Attributes type="dict"><Format type="str">numdotdecimal</Format><Sign type="str">Positive</Sign><Measure type="str">Unit_USD</Measure><Scale type="str">3</Scale><Tag type="str">us-gaap:DisposalGroupIncludingDiscontinuedOperationOperatingExpense</Tag><Fact type="float">201739.0</Fact><Period type="str">2018-01-01 to 2018-01-01</Period></Attributes><Labels type="dict"></Labels><References type="dict"></References><Calculation type="dict"></Calculation></Fact_19360782><Fact_19360783 type="dict"><Attributes type="dict"><Format type="str">numdotdecimal</Format><Sign type="str">Positive</Sign><Measure type="str">Unit_USD</Measure><Scale type="str">3</Scale><Tag type="str">us-gaap:DisposalGroupIncludingDiscontinuedOperationOperatingExpense</Tag><Fact type="float">190402.0</Fact><Period type="str">2019-01-01 to 2019-01-01</Period></Attributes><Labels type="dict"></Labels><References type="dict"></References><Calculation type="dict"></Calculation></Fact_19360783><Fact_19360784 type="dict"><Attributes type="dict"><Format type="str">numdotdecimal</Format><Sign type="str">Positive</Sign><Measure type="str">Unit_USD</Measure><Scale type="str">3</Scale><Tag type="str">us-gaap:DisposalGroupIncludingDiscontinuedOperationOperatingExpense</Tag><Fact type="float">193376.0</Fact><Period type="str">2020-01-01 to 2020-01-01</Period></Attributes><Labels type="dict"></Labels><References type="dict"></References><Calculation type="dict"></Calculation></Fact_19360784><Fact_19360785 type="dict"><Attributes type="dict"><Format type="str">numdotdecimal</Format><Sign type="str">Positive</Sign><Measure type="str">Unit_USD</Measure><Scale type="str">3</Scale><Tag type="str">us-gaap:DisposalGroupIncludingDiscontinuedOperationOperatingExpense</Tag><Fact type="float">146194.0</Fact><Period type="str">2018-01-01 to 2018-01-01</Period></Attributes><Labels type="dict"></Labels><References type="dict"></References><Calculation type="dict"></Calculation></Fact_19360785><Fact_19360786 type="dict"><Attributes type="dict"><Format type="str">numdotdecimal</Format><Sign type="str">Positive</Sign><Measure type="str">Unit_USD</Measure><Scale type="str">3</Scale><Tag type="str">us-gaap:DisposalGroupIncludingDiscontinuedOperationOperatingExpense</Tag><Fact type="float">138291.0</Fact><Period type="str">2019-01-01 to 2019-01-01</Period></Attributes><Labels type="dict"></Labels><References type="dict"></References><Calculation type="dict"></Calculation></Fact_19360786><Fact_19360787 type="dict"><Attributes type="dict"><Format type="str">numdotdecimal</Format><Sign type="str">Positive</Sign><Measure type="str">Unit_USD</Measure><Scale type="str">3</Scale><Tag type="str">us-gaap:DisposalGroupIncludingDiscontinuedOperationOperatingExpense</Tag><Fact type="float">102523.0</Fact><Period type="str">2020-01-01 to 2020-01-01</Period></Attributes><Labels type="dict"></Labels><References type="dict"></References><Calculation type="dict"></Calculation></Fact_19360787><Fact_19360788 type="dict"><Attributes type="dict"><Format type="str">numdotdecimal</Format><Sign type="str">Positive</Sign><Measure type="str">Unit_USD</Measure><Scale type="str">3</Scale><Tag type="str">us-gaap:DisposalGroupIncludingDiscontinuedOperationOperatingExpense</Tag><Fact type="float">38072.0</Fact><Period type="str">2018-01-01 to 2018-01-01</Period></Attributes><Labels type="dict"></Labels><References type="dict"></References><Calculation type="dict"></Calculation></Fact_19360788><Fact_19360789 type="dict"><Attributes type="dict"><Format type="str">numdotdecimal</Format><Sign type="str">Positive</Sign><Measure type="str">Unit_USD</Measure><Scale type="str">3</Scale><Tag type="str">us-gaap:DisposalGroupIncludingDiscontinuedOperationOperatingExpense</Tag><Fact type="float">40670.0</Fact><Period type="str">2019-01-01 to 2019-01-01</Period></Attributes><Labels type="dict"></Labels><References type="dict"></References><Calculation type="dict"></Calculation></Fact_19360789><Fact_19360790 type="dict"><Attributes type="dict"><Format type="str">numdotdecimal</Format><Sign type="str">Positive</Sign><Measure type="str">Unit_USD</Measure><Scale type="str">3</Scale><Tag type="str">us-gaap:DisposalGroupIncludingDiscontinuedOperationOperatingExpense</Tag><Fact type="float">29271.0</Fact><Period type="str">2020-01-01 to 2020-01-01</Period></Attributes><Labels type="dict"></Labels><References type="dict"></References><Calculation type="dict"></Calculation></Fact_19360790><Fact_19360825 type="dict"><Attributes type="dict"><Format type="str">numdotdecimal</Format><Sign type="str">Positive</Sign><Measure type="str">Unit_USD</Measure><Scale type="str">3</Scale><Tag type="str">sohu:DisposalGroupIncludingOtherIncomeOfDiscontinuedOperation</Tag><Fact type="float">41490.0</Fact><Period type="str">2018-01-01 to 2018-01-01</Period></Attributes><Labels type="dict"></Labels><References type="dict"></References><Calculation type="dict"></Calculation></Fact_19360825><Fact_19360826 type="dict"><Attributes type="dict"><Format type="str">numdotdecimal</Format><Sign type="str">Positive</Sign><Measure type="str">Unit_USD</Measure><Scale type="str">3</Scale><Tag type="str">sohu:DisposalGroupIncludingOtherIncomeOfDiscontinuedOperation</Tag><Fact type="float">21127.0</Fact><Period type="str">2019-01-01 to 2019-01-01</Period></Attributes><Labels type="dict"></Labels><References type="dict"></References><Calculation type="dict"></Calculation></Fact_19360826><Fact_19360827 type="dict"><Attributes type="dict"><Format type="str">numdotdecimal</Format><Sign type="str">Positive</Sign><Measure type="str">Unit_USD</Measure><Scale type="str">3</Scale><Tag type="str">sohu:DisposalGroupIncludingOtherIncomeOfDiscontinuedOperation</Tag><Fact type="float">38633.0</Fact><Period type="str">2020-01-01 to 2020-01-01</Period></Attributes><Labels type="dict"></Labels><References type="dict"></References><Calculation type="dict"></Calculation></Fact_19360827><Fact_19360771 type="dict"><Attributes type="dict"><Format type="str">numdotdecimal</Format><Sign type="str">Positive</Sign><Measure type="str">Unit_USD</Measure><Scale type="str">3</Scale><Tag type="str">us-gaap:DisposalGroupIncludingDiscontinuedOperationRevenue</Tag><Fact type="float">37323.0</Fact><Period type="str">2019-01-01 to 2019-01-01</Period></Attributes><Labels type="dict"></Labels><References type="dict"></References><Calculation type="dict"></Calculation></Fact_19360771><Fact_19360776 type="dict"><Attributes type="dict"><Format type="str">numdotdecimal</Format><Sign type="str">Positive</Sign><Measure type="str">Unit_USD</Measure><Scale type="str">3</Scale><Tag type="str">sohu:DisposalGroupIncludingDiscontinuedOperationCostOfRevenue</Tag><Fact type="float">43857.0</Fact><Period type="str">2019-01-01 to 2019-01-01</Period></Attributes><Labels type="dict"></Labels><References type="dict"></References><Calculation type="dict"></Calculation></Fact_19360776><Fact_19360781 type="dict"><Attributes type="dict"><Format type="str">numdotdecimal</Format><Sign type="str">Negative</Sign><Measure type="str">Unit_USD</Measure><Scale type="str">3</Scale><Tag type="str">us-gaap:DisposalGroupIncludingDiscontinuedOperationGrossProfitLoss</Tag><Fact type="float">6534.0</Fact><Period type="str">2019-01-01 to 2019-01-01</Period></Attributes><Labels type="dict"></Labels><References type="dict"></References><Calculation type="dict"></Calculation></Fact_19360781><Fact_19360795 type="dict"><Attributes type="dict"><Format type="str">numdotdecimal</Format><Sign type="str">Positive</Sign><Measure type="str">Unit_USD</Measure><Scale type="str">3</Scale><Tag type="str">us-gaap:DisposalGroupIncludingDiscontinuedOperationOperatingExpense</Tag><Fact type="float">8807.0</Fact><Period type="str">2019-01-01 to 2019-01-01</Period></Attributes><Labels type="dict"></Labels><References type="dict"></References><Calculation type="dict"></Calculation></Fact_19360795><Fact_19360797 type="dict"><Attributes type="dict"><Format type="str">numdotdecimal</Format><Sign type="str">Positive</Sign><Measure type="str">Unit_USD</Measure><Scale type="str">3</Scale><Tag type="str">us-gaap:DisposalGroupIncludingDiscontinuedOperationOperatingExpense</Tag><Fact type="float">18583.0</Fact><Period type="str">2019-01-01 to 2019-01-01</Period></Attributes><Labels type="dict"></Labels><References type="dict"></References><Calculation type="dict"></Calculation></Fact_19360797><Fact_19360799 type="dict"><Attributes type="dict"><Format type="str">numdotdecimal</Format><Sign type="str">Positive</Sign><Measure type="str">Unit_USD</Measure><Scale type="str">3</Scale><Tag type="str">us-gaap:DisposalGroupIncludingDiscontinuedOperationOperatingExpense</Tag><Fact type="float">27390.0</Fact><Period type="str">2019-01-01 to 2019-01-01</Period></Attributes><Labels type="dict"></Labels><References type="dict"></References><Calculation type="dict"></Calculation></Fact_19360799><Fact_19360801 type="dict"><Attributes type="dict"><Format type="str">numdotdecimal</Format><Sign type="str">Negative</Sign><Measure type="str">Unit_USD</Measure><Scale type="str">3</Scale><Tag type="str">sohu:DisposalGroupIncludingDiscontinuedOperationOperatingProfit</Tag><Fact type="float">33924.0</Fact><Period type="str">2019-01-01 to 2019-01-01</Period></Attributes><Labels type="dict"></Labels><References type="dict"></References><Calculation type="dict"></Calculation></Fact_19360801><Fact_19360809 type="dict"><Attributes type="dict"><Format type="str">numdotdecimal</Format><Sign type="str">Positive</Sign><Measure type="str">Unit_USD</Measure><Scale type="str">3</Scale><Tag type="str">us-gaap:DisposalGroupIncludingDiscontinuedOperationInterestIncome</Tag><Fact type="float">7.0</Fact><Period type="str">2019-01-01 to 2019-01-01</Period></Attributes><Labels type="dict"></Labels><References type="dict"></References><Calculation type="dict"></Calculation></Fact_19360809><Fact_19360829 type="dict"><Attributes type="dict"><Format type="str">numdotdecimal</Format><Sign type="str">Positive</Sign><Measure type="str">Unit_USD</Measure><Scale type="str">3</Scale><Tag type="str">sohu:DisposalGroupIncludingOtherIncomeOfDiscontinuedOperation</Tag><Fact type="float">61.0</Fact><Period type="str">2019-01-01 to 2019-01-01</Period></Attributes><Labels type="dict"></Labels><References type="dict"></References><Calculation type="dict"></Calculation></Fact_19360829><Fact_19360814 type="dict"><Attributes type="dict"><Format type="str">numdotdecimal</Format><Sign type="str">Negative</Sign><Measure type="str">Unit_USD</Measure><Scale type="str">3</Scale><Tag type="str">sohu:DisposalGroupIncludingDiscontinuedOperationIncomeBeforeIncomeTaxExpense</Tag><Fact type="float">33856.0</Fact><Period type="str">2019-01-01 to 2019-01-01</Period></Attributes><Labels type="dict"></Labels><References type="dict"></References><Calculation type="dict"></Calculation></Fact_19360814><Fact_19360819 type="dict"><Attributes type="dict"><Format type="str">numdotdecimal</Format><Sign type="str">Positive</Sign><Measure type="str">Unit_USD</Measure><Scale type="str">3</Scale><Tag type="str">sohu:DisposalGroupIncludingDiscontinuedOperationIncomeTaxExpense</Tag><Fact type="float">142.0</Fact><Period type="str">2019-01-01 to 2019-01-01</Period></Attributes><Labels type="dict"></Labels><References type="dict"></References><Calculation type="dict"></Calculation></Fact_19360819><Fact_19360824 type="dict"><Attributes type="dict"><Format type="str">numdotdecimal</Format><Sign type="str">Negative</Sign><Measure type="str">Unit_USD</Measure><Scale type="str">3</Scale><Tag type="str">us-gaap:IncomeLossFromDiscontinuedOperationsNetOfTax</Tag><Fact type="float">33998.0</Fact><Period type="str">2019-01-01 to 2019-01-01</Period></Attributes><Labels type="dict"></Labels><References type="dict"></References><Calculation type="dict"></Calculation></Fact_19360824><Fact_19360834 type="dict"><Attributes type="dict"><Format type="str">numdotdecimal</Format><Sign type="str">Positive</Sign><Measure type="str">Unit_USD</Measure><Scale type="str">3</Scale><Tag type="str">us-gaap:CashProvidedByUsedInOperatingActivitiesDiscontinuedOperations</Tag><Fact type="float">9341.0</Fact><Period type="str">2019-01-01 to 2019-01-01</Period></Attributes><Labels type="dict"></Labels><References type="dict"></References><Calculation type="dict"></Calculation></Fact_19360834><Fact_19360839 type="dict"><Attributes type="dict"><Format type="str">numdotdecimal</Format><Sign type="str">Negative</Sign><Measure type="str">Unit_USD</Measure><Scale type="str">3</Scale><Tag type="str">us-gaap:CashProvidedByUsedInInvestingActivitiesDiscontinuedOperations</Tag><Fact type="float">10808.0</Fact><Period type="str">2019-01-01 to 2019-01-01</Period></Attributes><Labels type="dict"></Labels><References type="dict"></References><Calculation type="dict"></Calculation></Fact_19360839><Fact_19360844 type="dict"><Attributes type="dict"><Format type="str">numdotdecimal</Format><Sign type="str">Positive</Sign><Measure type="str">Unit_USD</Measure><Scale type="str">3</Scale><Tag type="str">us-gaap:CashProvidedByUsedInFinancingActivitiesDiscontinuedOperations</Tag><Fact type="float">0.0</Fact><Period type="str">2019-01-01 to 2019-01-01</Period></Attributes><Labels type="dict"></Labels><References type="dict"></References><Calculation type="dict"></Calculation></Fact_19360844><Fact_19360949 type="dict"><Attributes type="dict"><Format type="str">numdotdecimal</Format><Sign type="str">Negative</Sign><Measure type="str">Unit_USD</Measure><Scale type="str">3</Scale><Tag type="str">sohu:ShareBasedCompensationExpenseRecognizedInCostOfRevenue</Tag><Fact type="float">707.0</Fact><Period type="str">2018-01-01 to 2018-01-01</Period></Attributes><Labels type="dict"></Labels><References type="dict"></References><Calculation type="dict"></Calculation></Fact_19360949><Fact_19360950 type="dict"><Attributes type="dict"><Format type="str">numdotdecimal</Format><Sign type="str">Negative</Sign><Measure type="str">Unit_USD</Measure><Scale type="str">3</Scale><Tag type="str">sohu:ShareBasedCompensationExpenseRecognizedInCostOfRevenue</Tag><Fact type="float">31.0</Fact><Period type="str">2018-01-01 to 2018-01-01</Period></Attributes><Labels type="dict"></Labels><References type="dict"></References><Calculation type="dict"></Calculation></Fact_19360950><Fact_19360951 type="dict"><Attributes type="dict"><Format type="str">numdotdecimal</Format><Sign type="str">Positive</Sign><Measure type="str">Unit_USD</Measure><Scale type="str">3</Scale><Tag type="str">sohu:ShareBasedCompensationExpenseRecognizedInCostOfRevenue</Tag><Fact type="float">0.0</Fact><Period type="str">2018-01-01 to 2018-01-01</Period></Attributes><Labels type="dict"></Labels><References type="dict"></References><Calculation type="dict"></Calculation></Fact_19360951><Fact_19360952 type="dict"><Attributes type="dict"><Format type="str">numdotdecimal</Format><Sign type="str">Negative</Sign><Measure type="str">Unit_USD</Measure><Scale type="str">3</Scale><Tag type="str">sohu:ShareBasedCompensationExpenseRecognizedInCostOfRevenue</Tag><Fact type="float">738.0</Fact><Period type="str">2018-01-01 to 2018-01-01</Period></Attributes><Labels type="dict"></Labels><References type="dict"></References><Calculation type="dict"></Calculation></Fact_19360952><Fact_19360901 type="dict"><Attributes type="dict"><Format type="str">numdotdecimal</Format><Sign type="str">Negative</Sign><Measure type="str">Unit_USD</Measure><Scale type="str">3</Scale><Tag type="str">sohu:ShareBasedCompensationExpenseRecognizedInOperatingExpense</Tag><Fact type="float">4940.0</Fact><Period type="str">2018-01-01 to 2018-01-01</Period></Attributes><Labels type="dict"></Labels><References type="dict"></References><Calculation type="dict"></Calculation></Fact_19360901><Fact_19360902 type="dict"><Attributes type="dict"><Format type="str">numdotdecimal</Format><Sign type="str">Negative</Sign><Measure type="str">Unit_USD</Measure><Scale type="str">3</Scale><Tag type="str">sohu:ShareBasedCompensationExpenseRecognizedInOperatingExpense</Tag><Fact type="float">6430.0</Fact><Period type="str">2018-01-01 to 2018-01-01</Period></Attributes><Labels type="dict"></Labels><References type="dict"></References><Calculation type="dict"></Calculation></Fact_19360902><Fact_19360903 type="dict"><Attributes type="dict"><Format type="str">numdotdecimal</Format><Sign type="str">Positive</Sign><Measure type="str">Unit_USD</Measure><Scale type="str">3</Scale><Tag type="str">sohu:ShareBasedCompensationExpenseRecognizedInOperatingExpense</Tag><Fact type="float">0.0</Fact><Period type="str">2018-01-01 to 2018-01-01</Period></Attributes><Labels type="dict"></Labels><References type="dict"></References><Calculation type="dict"></Calculation></Fact_19360903><Fact_19360904 type="dict"><Attributes type="dict"><Format type="str">numdotdecimal</Format><Sign type="str">Negative</Sign><Measure type="str">Unit_USD</Measure><Scale type="str">3</Scale><Tag type="str">sohu:ShareBasedCompensationExpenseRecognizedInOperatingExpense</Tag><Fact type="float">11370.0</Fact><Period type="str">2018-01-01 to 2018-01-01</Period></Attributes><Labels type="dict"></Labels><References type="dict"></References><Calculation type="dict"></Calculation></Fact_19360904><Fact_19360953 type="dict"><Attributes type="dict"><Format type="str">numdotdecimal</Format><Sign type="str">Positive</Sign><Measure type="str">Unit_USD</Measure><Scale type="str">3</Scale><Tag type="str">sohu:ShareBasedCompensationExpenseRecognizedInCostOfRevenue</Tag><Fact type="float">23.0</Fact><Period type="str">2019-01-01 to 2019-01-01</Period></Attributes><Labels type="dict"></Labels><References type="dict"></References><Calculation type="dict"></Calculation></Fact_19360953><Fact_19360954 type="dict"><Attributes type="dict"><Format type="str">numdotdecimal</Format><Sign type="str">Positive</Sign><Measure type="str">Unit_USD</Measure><Scale type="str">3</Scale><Tag type="str">sohu:ShareBasedCompensationExpenseRecognizedInCostOfRevenue</Tag><Fact type="float">120.0</Fact><Period type="str">2019-01-01 to 2019-01-01</Period></Attributes><Labels type="dict"></Labels><References type="dict"></References><Calculation type="dict"></Calculation></Fact_19360954><Fact_19360955 type="dict"><Attributes type="dict"><Format type="str">numdotdecimal</Format><Sign type="str">Negative</Sign><Measure type="str">Unit_USD</Measure><Scale type="str">3</Scale><Tag type="str">sohu:ShareBasedCompensationExpenseRecognizedInCostOfRevenue</Tag><Fact type="float">1.0</Fact><Period type="str">2019-01-01 to 2019-01-01</Period></Attributes><Labels type="dict"></Labels><References type="dict"></References><Calculation type="dict"></Calculation></Fact_19360955><Fact_19360956 type="dict"><Attributes type="dict"><Format type="str">numdotdecimal</Format><Sign type="str">Positive</Sign><Measure type="str">Unit_USD</Measure><Scale type="str">3</Scale><Tag type="str">sohu:ShareBasedCompensationExpenseRecognizedInCostOfRevenue</Tag><Fact type="float">142.0</Fact><Period type="str">2019-01-01 to 2019-01-01</Period></Attributes><Labels type="dict"></Labels><References type="dict"></References><Calculation type="dict"></Calculation></Fact_19360956><Fact_19360905 type="dict"><Attributes type="dict"><Format type="str">numdotdecimal</Format><Sign type="str">Positive</Sign><Measure type="str">Unit_USD</Measure><Scale type="str">3</Scale><Tag type="str">sohu:ShareBasedCompensationExpenseRecognizedInOperatingExpense</Tag><Fact type="float">1023.0</Fact><Period type="str">2019-01-01 to 2019-01-01</Period></Attributes><Labels type="dict"></Labels><References type="dict"></References><Calculation type="dict"></Calculation></Fact_19360905><Fact_19360906 type="dict"><Attributes type="dict"><Format type="str">numdotdecimal</Format><Sign type="str">Positive</Sign><Measure type="str">Unit_USD</Measure><Scale type="str">3</Scale><Tag type="str">sohu:ShareBasedCompensationExpenseRecognizedInOperatingExpense</Tag><Fact type="float">1185.0</Fact><Period type="str">2019-01-01 to 2019-01-01</Period></Attributes><Labels type="dict"></Labels><References type="dict"></References><Calculation type="dict"></Calculation></Fact_19360906><Fact_19360907 type="dict"><Attributes type="dict"><Format type="str">numdotdecimal</Format><Sign type="str">Positive</Sign><Measure type="str">Unit_USD</Measure><Scale type="str">3</Scale><Tag type="str">sohu:ShareBasedCompensationExpenseRecognizedInOperatingExpense</Tag><Fact type="float">0.0</Fact><Period type="str">2019-01-01 to 2019-01-01</Period></Attributes><Labels type="dict"></Labels><References type="dict"></References><Calculation type="dict"></Calculation></Fact_19360907><Fact_19360908 type="dict"><Attributes type="dict"><Format type="str">numdotdecimal</Format><Sign type="str">Positive</Sign><Measure type="str">Unit_USD</Measure><Scale type="str">3</Scale><Tag type="str">sohu:ShareBasedCompensationExpenseRecognizedInOperatingExpense</Tag><Fact type="float">2208.0</Fact><Period type="str">2019-01-01 to 2019-01-01</Period></Attributes><Labels type="dict"></Labels><References type="dict"></References><Calculation type="dict"></Calculation></Fact_19360908><Fact_19360957 type="dict"><Attributes type="dict"><Format type="str">numdotdecimal</Format><Sign type="str">Positive</Sign><Measure type="str">Unit_USD</Measure><Scale type="str">3</Scale><Tag type="str">sohu:ShareBasedCompensationExpenseRecognizedInCostOfRevenue</Tag><Fact type="float">177.0</Fact><Period type="str">2020-01-01 to 2020-01-01</Period></Attributes><Labels type="dict"></Labels><References type="dict"></References><Calculation type="dict"></Calculation></Fact_19360957><Fact_19360958 type="dict"><Attributes type="dict"><Format type="str">numdotdecimal</Format><Sign type="str">Positive</Sign><Measure type="str">Unit_USD</Measure><Scale type="str">3</Scale><Tag type="str">sohu:ShareBasedCompensationExpenseRecognizedInCostOfRevenue</Tag><Fact type="float">543.0</Fact><Period type="str">2020-01-01 to 2020-01-01</Period></Attributes><Labels type="dict"></Labels><References type="dict"></References><Calculation type="dict"></Calculation></Fact_19360958><Fact_19360959 type="dict"><Attributes type="dict"><Format type="str">numdotdecimal</Format><Sign type="str">Positive</Sign><Measure type="str">Unit_USD</Measure><Scale type="str">3</Scale><Tag type="str">sohu:ShareBasedCompensationExpenseRecognizedInCostOfRevenue</Tag><Fact type="float">0.0</Fact><Period type="str">2020-01-01 to 2020-01-01</Period></Attributes><Labels type="dict"></Labels><References type="dict"></References><Calculation type="dict"></Calculation></Fact_19360959><Fact_19360960 type="dict"><Attributes type="dict"><Format type="str">numdotdecimal</Format><Sign type="str">Positive</Sign><Measure type="str">Unit_USD</Measure><Scale type="str">3</Scale><Tag type="str">sohu:ShareBasedCompensationExpenseRecognizedInCostOfRevenue</Tag><Fact type="float">720.0</Fact><Period type="str">2020-01-01 to 2020-01-01</Period></Attributes><Labels type="dict"></Labels><References type="dict"></References><Calculation type="dict"></Calculation></Fact_19360960><Fact_19360909 type="dict"><Attributes type="dict"><Format type="str">numdotdecimal</Format><Sign type="str">Positive</Sign><Measure type="str">Unit_USD</Measure><Scale type="str">3</Scale><Tag type="str">sohu:ShareBasedCompensationExpenseRecognizedInOperatingExpense</Tag><Fact type="float">1759.0</Fact><Period type="str">2020-01-01 to 2020-01-01</Period></Attributes><Labels type="dict"></Labels><References type="dict"></References><Calculation type="dict"></Calculation></Fact_19360909><Fact_19360910 type="dict"><Attributes type="dict"><Format type="str">numdotdecimal</Format><Sign type="str">Positive</Sign><Measure type="str">Unit_USD</Measure><Scale type="str">3</Scale><Tag type="str">sohu:ShareBasedCompensationExpenseRecognizedInOperatingExpense</Tag><Fact type="float">12001.0</Fact><Period type="str">2020-01-01 to 2020-01-01</Period></Attributes><Labels type="dict"></Labels><References type="dict"></References><Calculation type="dict"></Calculation></Fact_19360910><Fact_19360911 type="dict"><Attributes type="dict"><Format type="str">numdotdecimal</Format><Sign type="str">Positive</Sign><Measure type="str">Unit_USD</Measure><Scale type="str">3</Scale><Tag type="str">sohu:ShareBasedCompensationExpenseRecognizedInOperatingExpense</Tag><Fact type="float">0.0</Fact><Period type="str">2020-01-01 to 2020-01-01</Period></Attributes><Labels type="dict"></Labels><References type="dict"></References><Calculation type="dict"></Calculation></Fact_19360911><Fact_19360912 type="dict"><Attributes type="dict"><Format type="str">numdotdecimal</Format><Sign type="str">Positive</Sign><Measure type="str">Unit_USD</Measure><Scale type="str">3</Scale><Tag type="str">sohu:ShareBasedCompensationExpenseRecognizedInOperatingExpense</Tag><Fact type="float">13760.0</Fact><Period type="str">2020-01-01 to 2020-01-01</Period></Attributes><Labels type="dict"></Labels><References type="dict"></References><Calculation type="dict"></Calculation></Fact_19360912><Fact_19361036 type="dict"><Attributes type="dict"><Format type="str">numdotdecimal</Format><Sign type="str">Positive</Sign><Measure type="str">Unit_USD</Measure><Scale type="str">3</Scale><Tag type="str">sohu:AssetsExcludingDiscontinuedOperation</Tag><Fact type="float">1721801.0</Fact><Period type="str">As of 2019-12-31</Period></Attributes><Labels type="dict"></Labels><References type="dict"></References><Calculation type="dict"></Calculation></Fact_19361036><Fact_19361037 type="dict"><Attributes type="dict"><Format type="str">numdotdecimal</Format><Sign type="str">Positive</Sign><Measure type="str">Unit_USD</Measure><Scale type="str">3</Scale><Tag type="str">sohu:AssetsExcludingDiscontinuedOperation</Tag><Fact type="float">1871685.0</Fact><Period type="str">As of 2019-12-31</Period></Attributes><Labels type="dict"></Labels><References type="dict"></References><Calculation type="dict"></Calculation></Fact_19361037><Fact_19361038 type="dict"><Attributes type="dict"><Format type="str">numdotdecimal</Format><Sign type="str">Negative</Sign><Measure type="str">Unit_USD</Measure><Scale type="str">3</Scale><Tag type="str">sohu:AssetsExcludingDiscontinuedOperation</Tag><Fact type="float">2423923.0</Fact><Period type="str">As of 2019-12-31</Period></Attributes><Labels type="dict"></Labels><References type="dict"></References><Calculation type="dict"></Calculation></Fact_19361038><Fact_19361039 type="dict"><Attributes type="dict"><Format type="str">numdotdecimal</Format><Sign type="str">Positive</Sign><Measure type="str">Unit_USD</Measure><Scale type="str">3</Scale><Tag type="str">sohu:AssetsExcludingDiscontinuedOperation</Tag><Fact type="float">1169563.0</Fact><Period type="str">As of 2019-12-31</Period></Attributes><Labels type="dict"></Labels><References type="dict"></References><Calculation type="dict"></Calculation></Fact_19361039><Fact_19361040 type="dict"><Attributes type="dict"><Format type="str">numdotdecimal</Format><Sign type="str">Positive</Sign><Measure type="str">Unit_USD</Measure><Scale type="str">3</Scale><Tag type="str">sohu:AssetsExcludingDiscontinuedOperation</Tag><Fact type="float">1632736.0</Fact><Period type="str">As of 2020-12-31</Period></Attributes><Labels type="dict"></Labels><References type="dict"></References><Calculation type="dict"></Calculation></Fact_19361040><Fact_19361041 type="dict"><Attributes type="dict"><Format type="str">numdotdecimal</Format><Sign type="str">Positive</Sign><Measure type="str">Unit_USD</Measure><Scale type="str">3</Scale><Tag type="str">sohu:AssetsExcludingDiscontinuedOperation</Tag><Fact type="float">2478705.0</Fact><Period type="str">As of 2020-12-31</Period></Attributes><Labels type="dict"></Labels><References type="dict"></References><Calculation type="dict"></Calculation></Fact_19361041><Fact_19361042 type="dict"><Attributes type="dict"><Format type="str">numdotdecimal</Format><Sign type="str">Negative</Sign><Measure type="str">Unit_USD</Measure><Scale type="str">3</Scale><Tag type="str">sohu:AssetsExcludingDiscontinuedOperation</Tag><Fact type="float">2701488.0</Fact><Period type="str">As of 2020-12-31</Period></Attributes><Labels type="dict"></Labels><References type="dict"></References><Calculation type="dict"></Calculation></Fact_19361042><Fact_19361043 type="dict"><Attributes type="dict"><Format type="str">numdotdecimal</Format><Sign type="str">Positive</Sign><Measure type="str">Unit_USD</Measure><Scale type="str">3</Scale><Tag type="str">sohu:AssetsExcludingDiscontinuedOperation</Tag><Fact type="float">1409953.0</Fact><Period type="str">As of 2020-12-31</Period></Attributes><Labels type="dict"></Labels><References type="dict"></References><Calculation type="dict"></Calculation></Fact_19361043><Fact_19362527 type="dict"><Attributes type="dict"><Format type="str">numdotdecimal</Format><Sign type="str">Positive</Sign><Measure type="str">Unit_USD</Measure><Scale type="str">3</Scale><Tag type="str">us-gaap:RelatedPartyTransactionOtherRevenuesFromTransactionsWithRelatedParty</Tag><Fact type="float">8392.0</Fact><Period type="str">2018-01-01 to 2018-01-01</Period></Attributes><Labels type="dict"></Labels><References type="dict"></References><Calculation type="dict"></Calculation></Fact_19362527><Fact_19362528 type="dict"><Attributes type="dict"><Format type="str">numdotdecimal</Format><Sign type="str">Positive</Sign><Measure type="str">Unit_USD</Measure><Scale type="str">3</Scale><Tag type="str">us-gaap:RelatedPartyTransactionOtherRevenuesFromTransactionsWithRelatedParty</Tag><Fact type="float">8029.0</Fact><Period type="str">2019-01-01 to 2019-01-01</Period></Attributes><Labels type="dict"></Labels><References type="dict"></References><Calculation type="dict"></Calculation></Fact_19362528><Fact_19362529 type="dict"><Attributes type="dict"><Format type="str">numdotdecimal</Format><Sign type="str">Positive</Sign><Measure type="str">Unit_USD</Measure><Scale type="str">3</Scale><Tag type="str">us-gaap:RelatedPartyTransactionOtherRevenuesFromTransactionsWithRelatedParty</Tag><Fact type="float">9793.0</Fact><Period type="str">2020-01-01 to 2020-01-01</Period></Attributes><Labels type="dict"></Labels><References type="dict"></References><Calculation type="dict"></Calculation></Fact_19362529><Fact_19362811 type="dict"><Attributes type="dict"><Format type="str">numdotdecimal</Format><Sign type="str">Positive</Sign><Measure type="str">Unit_USD</Measure><Scale type="str">3</Scale><Tag type="str">sohu:TaxReturnFromIndividualTaxAndAdditionalDeductionOfPrcValueAddedTax</Tag><Fact type="float">0.0</Fact><Period type="str">2018-01-01 to 2018-01-01</Period></Attributes><Labels type="dict"></Labels><References type="dict"></References><Calculation type="dict"></Calculation></Fact_19362811><Fact_19362812 type="dict"><Attributes type="dict"><Format type="str">numdotdecimal</Format><Sign type="str">Positive</Sign><Measure type="str">Unit_USD</Measure><Scale type="str">3</Scale><Tag type="str">sohu:TaxReturnFromIndividualTaxAndAdditionalDeductionOfPrcValueAddedTax</Tag><Fact type="float">907.0</Fact><Period type="str">2019-01-01 to 2019-01-01</Period></Attributes><Labels type="dict"></Labels><References type="dict"></References><Calculation type="dict"></Calculation></Fact_19362812><Fact_19362813 type="dict"><Attributes type="dict"><Format type="str">numdotdecimal</Format><Sign type="str">Positive</Sign><Measure type="str">Unit_USD</Measure><Scale type="str">3</Scale><Tag type="str">sohu:TaxReturnFromIndividualTaxAndAdditionalDeductionOfPrcValueAddedTax</Tag><Fact type="float">6169.0</Fact><Period type="str">2020-01-01 to 2020-01-01</Period></Attributes><Labels type="dict"></Labels><References type="dict"></References><Calculation type="dict"></Calculation></Fact_19362813><Fact_19361078 type="dict"><Attributes type="dict"><Format type="str">numdotdecimal</Format><Sign type="str">Positive</Sign><Measure type="str">Unit_USD</Measure><Scale type="str">3</Scale><Tag type="str">sohu:FairValueChangeInFinancialProducts</Tag><Fact type="float">17999.0</Fact><Period type="str">2018-01-01 to 2018-01-01</Period></Attributes><Labels type="dict"></Labels><References type="dict"></References><Calculation type="dict"></Calculation></Fact_19361078><Fact_19361079 type="dict"><Attributes type="dict"><Format type="str">numdotdecimal</Format><Sign type="str">Positive</Sign><Measure type="str">Unit_USD</Measure><Scale type="str">3</Scale><Tag type="str">sohu:FairValueChangeInFinancialProducts</Tag><Fact type="float">11113.0</Fact><Period type="str">2019-01-01 to 2019-01-01</Period></Attributes><Labels type="dict"></Labels><References type="dict"></References><Calculation type="dict"></Calculation></Fact_19361079><Fact_19361080 type="dict"><Attributes type="dict"><Format type="str">numdotdecimal</Format><Sign type="str">Positive</Sign><Measure type="str">Unit_USD</Measure><Scale type="str">3</Scale><Tag type="str">sohu:FairValueChangeInFinancialProducts</Tag><Fact type="float">4303.0</Fact><Period type="str">2020-01-01 to 2020-01-01</Period></Attributes><Labels type="dict"></Labels><References type="dict"></References><Calculation type="dict"></Calculation></Fact_19361080><Fact_19361099 type="dict"><Attributes type="dict"><Format type="str">numdotdecimal</Format><Sign type="str">Positive</Sign><Measure type="str">Unit_USD</Measure><Scale type="str">3</Scale><Tag type="str">us-gaap:ImpairmentOfInvestments</Tag><Fact type="float">0.0</Fact><Period type="str">2018-01-01 to 2018-01-01</Period></Attributes><Labels type="dict"></Labels><References type="dict"></References><Calculation type="dict"></Calculation></Fact_19361099><Fact_19361100 type="dict"><Attributes type="dict"><Format type="str">numdotdecimal</Format><Sign type="str">Positive</Sign><Measure type="str">Unit_USD</Measure><Scale type="str">3</Scale><Tag type="str">us-gaap:ImpairmentOfInvestments</Tag><Fact type="float">23154.0</Fact><Period type="str">2019-01-01 to 2019-01-01</Period></Attributes><Labels type="dict"></Labels><References type="dict"></References><Calculation type="dict"></Calculation></Fact_19361100><Fact_19361101 type="dict"><Attributes type="dict"><Format type="str">numdotdecimal</Format><Sign type="str">Positive</Sign><Measure type="str">Unit_USD</Measure><Scale type="str">3</Scale><Tag type="str">us-gaap:ImpairmentOfInvestments</Tag><Fact type="float">384.0</Fact><Period type="str">2020-01-01 to 2020-01-01</Period></Attributes><Labels type="dict"></Labels><References type="dict"></References><Calculation type="dict"></Calculation></Fact_19361101><Fact_19361172 type="dict"><Attributes type="dict"><Format type="str">numdotdecimal</Format><Sign type="str">Positive</Sign><Measure type="str">Unit_USD</Measure><Scale type="str">3</Scale><Tag type="str">sohu:ContingentLiabilityRelatedToAssociatedCompaniesLiquidation</Tag><Fact type="float">23900.0</Fact><Period type="str">As of 2019-12-31</Period></Attributes><Labels type="dict"></Labels><References type="dict"></References><Calculation type="dict"></Calculation></Fact_19361172><Fact_19361173 type="dict"><Attributes type="dict"><Format type="str">numdotdecimal</Format><Sign type="str">Positive</Sign><Measure type="str">Unit_USD</Measure><Scale type="str">3</Scale><Tag type="str">sohu:ContingentLiabilityRelatedToAssociatedCompaniesLiquidation</Tag><Fact type="float">23900.0</Fact><Period type="str">As of 2020-12-31</Period></Attributes><Labels type="dict"></Labels><References type="dict"></References><Calculation type="dict"></Calculation></Fact_19361173><Fact_19361617 type="dict"><Attributes type="dict"><Format type="str">numdotdecimal</Format><Sign type="str">Negative</Sign><Measure type="str">Unit_pure</Measure><Scale type="str">-2</Scale><Tag type="str">us-gaap:EffectiveIncomeTaxRateReconciliationTaxHolidays</Tag><Fact type="float">17.0</Fact><Period type="str">2018-01-01 to 2018-01-01</Period></Attributes><Labels type="dict"></Labels><References type="dict"></References><Calculation type="dict"></Calculation></Fact_19361617><Fact_19361618 type="dict"><Attributes type="dict"><Format type="str">numdotdecimal</Format><Sign type="str">Negative</Sign><Measure type="str">Unit_pure</Measure><Scale type="str">-2</Scale><Tag type="str">us-gaap:EffectiveIncomeTaxRateReconciliationTaxHolidays</Tag><Fact type="float">11.0</Fact><Period type="str">2019-01-01 to 2019-01-01</Period></Attributes><Labels type="dict"></Labels><References type="dict"></References><Calculation type="dict"></Calculation></Fact_19361618><Fact_19361619 type="dict"><Attributes type="dict"><Format type="str">numdotdecimal</Format><Sign type="str">Positive</Sign><Measure type="str">Unit_pure</Measure><Scale type="str">-2</Scale><Tag type="str">us-gaap:EffectiveIncomeTaxRateReconciliationTaxHolidays</Tag><Fact type="float">17.0</Fact><Period type="str">2020-01-01 to 2020-01-01</Period></Attributes><Labels type="dict"></Labels><References type="dict"></References><Calculation type="dict"></Calculation></Fact_19361619><Fact_19361623 type="dict"><Attributes type="dict"><Format type="str">numdotdecimal</Format><Sign type="str">Negative</Sign><Measure type="str">Unit_pure</Measure><Scale type="str">-2</Scale><Tag type="str">sohu:EffectOfWithholdingTaxes</Tag><Fact type="float">39.0</Fact><Period type="str">2018-01-01 to 2018-01-01</Period></Attributes><Labels type="dict"></Labels><References type="dict"></References><Calculation type="dict"></Calculation></Fact_19361623><Fact_19361624 type="dict"><Attributes type="dict"><Format type="str">numdotdecimal</Format><Sign type="str">Negative</Sign><Measure type="str">Unit_pure</Measure><Scale type="str">-2</Scale><Tag type="str">sohu:EffectOfWithholdingTaxes</Tag><Fact type="float">12.0</Fact><Period type="str">2019-01-01 to 2019-01-01</Period></Attributes><Labels type="dict"></Labels><References type="dict"></References><Calculation type="dict"></Calculation></Fact_19361624><Fact_19361625 type="dict"><Attributes type="dict"><Format type="str">numdotdecimal</Format><Sign type="str">Positive</Sign><Measure type="str">Unit_pure</Measure><Scale type="str">-2</Scale><Tag type="str">sohu:EffectOfWithholdingTaxes</Tag><Fact type="float">109.0</Fact><Period type="str">2020-01-01 to 2020-01-01</Period></Attributes><Labels type="dict"></Labels><References type="dict"></References><Calculation type="dict"></Calculation></Fact_19361625><Fact_19361989 type="dict"><Attributes type="dict"><Format type="str">numdotdecimal</Format><Sign type="str">Positive</Sign><Measure type="str">Unit_USD</Measure><Scale type="str">3</Scale><Tag type="str">us-gaap:ShareBasedCompensationArrangementByShareBasedPaymentAwardOptionsOutstandingIntrinsicValue</Tag><Fact type="float">3147.0</Fact><Period type="str">As of 2020-12-31</Period></Attributes><Labels type="dict"></Labels><References type="dict"></References><Calculation type="dict"></Calculation></Fact_19361989><Fact_19361993 type="dict"><Attributes type="dict"><Format type="str">numdotdecimal</Format><Sign type="str">Positive</Sign><Measure type="str">Unit_USD</Measure><Scale type="str">3</Scale><Tag type="str">us-gaap:ShareBasedCompensationArrangementByShareBasedPaymentAwardOptionsVestedAndExpectedToVestOutstandingAggregateIntrinsicValue</Tag><Fact type="float">3147.0</Fact><Period type="str">As of 2020-12-31</Period></Attributes><Labels type="dict"></Labels><References type="dict"></References><Calculation type="dict"></Calculation></Fact_19361993><Fact_19361997 type="dict"><Attributes type="dict"><Format type="str">numdotdecimal</Format><Sign type="str">Positive</Sign><Measure type="str">Unit_USD</Measure><Scale type="str">3</Scale><Tag type="str">us-gaap:SharebasedCompensationArrangementBySharebasedPaymentAwardOptionsExercisableIntrinsicValue1</Tag><Fact type="float">3147.0</Fact><Period type="str">As of 2020-12-31</Period></Attributes><Labels type="dict"></Labels><References type="dict"></References><Calculation type="dict"></Calculation></Fact_19361997><Fact_19362060 type="dict"><Attributes type="dict"><Format type="str">numdotdecimal</Format><Sign type="str">Positive</Sign><Measure type="str">Unit_USD</Measure><Scale type="str">3</Scale><Tag type="str">us-gaap:ShareBasedCompensationArrangementByShareBasedPaymentAwardOptionsOutstandingIntrinsicValue</Tag><Fact type="float">30850.0</Fact><Period type="str">As of 2020-12-31</Period></Attributes><Labels type="dict"></Labels><References type="dict"></References><Calculation type="dict"></Calculation></Fact_19362060><Fact_19362064 type="dict"><Attributes type="dict"><Format type="str">numdotdecimal</Format><Sign type="str">Positive</Sign><Measure type="str">Unit_USD</Measure><Scale type="str">3</Scale><Tag type="str">us-gaap:ShareBasedCompensationArrangementByShareBasedPaymentAwardOptionsVestedAndExpectedToVestOutstandingAggregateIntrinsicValue</Tag><Fact type="float">26767.0</Fact><Period type="str">As of 2020-12-31</Period></Attributes><Labels type="dict"></Labels><References type="dict"></References><Calculation type="dict"></Calculation></Fact_19362064><Fact_19362068 type="dict"><Attributes type="dict"><Format type="str">numdotdecimal</Format><Sign type="str">Positive</Sign><Measure type="str">Unit_USD</Measure><Scale type="str">3</Scale><Tag type="str">us-gaap:SharebasedCompensationArrangementBySharebasedPaymentAwardOptionsExercisableIntrinsicValue1</Tag><Fact type="float">12794.0</Fact><Period type="str">As of 2020-12-31</Period></Attributes><Labels type="dict"></Labels><References type="dict"></References><Calculation type="dict"></Calculation></Fact_19362068><Fact_19362132 type="dict"><Attributes type="dict"><Format type="str">numdotdecimal</Format><Sign type="str">Positive</Sign><Measure type="str">Unit_USD</Measure><Scale type="str">3</Scale><Tag type="str">us-gaap:ShareBasedCompensationArrangementByShareBasedPaymentAwardOptionsOutstandingIntrinsicValue</Tag><Fact type="float">7000.0</Fact><Period type="str">As of 2020-12-31</Period></Attributes><Labels type="dict"></Labels><References type="dict"></References><Calculation type="dict"></Calculation></Fact_19362132><Fact_19362136 type="dict"><Attributes type="dict"><Format type="str">numdotdecimal</Format><Sign type="str">Positive</Sign><Measure type="str">Unit_USD</Measure><Scale type="str">3</Scale><Tag type="str">us-gaap:ShareBasedCompensationArrangementByShareBasedPaymentAwardOptionsVestedAndExpectedToVestOutstandingAggregateIntrinsicValue</Tag><Fact type="float">5541.0</Fact><Period type="str">As of 2020-12-31</Period></Attributes><Labels type="dict"></Labels><References type="dict"></References><Calculation type="dict"></Calculation></Fact_19362136><Fact_19362140 type="dict"><Attributes type="dict"><Format type="str">numdotdecimal</Format><Sign type="str">Positive</Sign><Measure type="str">Unit_USD</Measure><Scale type="str">3</Scale><Tag type="str">us-gaap:SharebasedCompensationArrangementBySharebasedPaymentAwardOptionsExercisableIntrinsicValue1</Tag><Fact type="float">1451.0</Fact><Period type="str">As of 2020-12-31</Period></Attributes><Labels type="dict"></Labels><References type="dict"></References><Calculation type="dict"></Calculation></Fact_19362140><Fact_19362198 type="dict"><Attributes type="dict"><Format type="str">numdotdecimal</Format><Sign type="str">Positive</Sign><Measure type="str">Unit_USD</Measure><Scale type="str">3</Scale><Tag type="str">us-gaap:ShareBasedCompensationArrangementByShareBasedPaymentAwardOptionsOutstandingIntrinsicValue</Tag><Fact type="float">73.0</Fact><Period type="str">As of 2020-12-31</Period></Attributes><Labels type="dict"></Labels><References type="dict"></References><Calculation type="dict"></Calculation></Fact_19362198><Fact_19362202 type="dict"><Attributes type="dict"><Format type="str">numdotdecimal</Format><Sign type="str">Positive</Sign><Measure type="str">Unit_USD</Measure><Scale type="str">3</Scale><Tag type="str">us-gaap:ShareBasedCompensationArrangementByShareBasedPaymentAwardOptionsVestedAndExpectedToVestOutstandingAggregateIntrinsicValue</Tag><Fact type="float">73.0</Fact><Period type="str">As of 2020-12-31</Period></Attributes><Labels type="dict"></Labels><References type="dict"></References><Calculation type="dict"></Calculation></Fact_19362202><Fact_19362206 type="dict"><Attributes type="dict"><Format type="str">numdotdecimal</Format><Sign type="str">Positive</Sign><Measure type="str">Unit_USD</Measure><Scale type="str">3</Scale><Tag type="str">us-gaap:SharebasedCompensationArrangementBySharebasedPaymentAwardOptionsExercisableIntrinsicValue1</Tag><Fact type="float">73.0</Fact><Period type="str">As of 2020-12-31</Period></Attributes><Labels type="dict"></Labels><References type="dict"></References><Calculation type="dict"></Calculation></Fact_19362206></root>