<?xml version="1.0" encoding="UTF-8" ?><root><hidden19945538 type="dict"><Attributes type="dict"><Sign type="str">Positive</Sign><Measure type="str">Unit_pure</Measure><Tag type="str">msc:CommonStockDividendPercentage</Tag><Fact type="float">0.6667</Fact><Period type="str">As of 2018-10-22</Period></Attributes><Labels type="dict"></Labels><References type="dict"></References><Calculation type="dict"></Calculation></hidden19945538><hidden19946794 type="dict"><Attributes type="dict"><Sign type="str">Positive</Sign><Measure type="str">Unit_pure</Measure><Tag type="str">msc:CommonStockDividendPercentage</Tag><Fact type="float">0.6623</Fact><Period type="str">As of 2020-12-31</Period></Attributes><Labels type="dict"></Labels><References type="dict"></References><Calculation type="dict"></Calculation></hidden19946794><hidden19946521 type="dict"><Attributes type="dict"><Tag type="str">us-gaap:OperatingLeaseLiabilityCurrentStatementOfFinancialPositionExtensibleList</Tag><Fact type="list"><item type="str">u</item><item type="str">s</item><item type="str">-</item><item type="str">g</item><item type="str">a</item><item type="str">a</item><item type="str">p</item><item type="str">:</item><item type="str">O</item><item type="str">p</item><item type="str">e</item><item type="str">r</item><item type="str">a</item><item type="str">t</item><item type="str">i</item><item type="str">n</item><item type="str">g</item><item type="str">L</item><item type="str">e</item><item type="str">a</item><item type="str">s</item><item type="str">e</item><item type="str">L</item><item type="str">i</item><item type="str">a</item><item type="str">b</item><item type="str">i</item><item type="str">l</item><item type="str">i</item><item type="str">t</item><item type="str">y</item><item type="str">C</item><item type="str">u</item><item type="str">r</item><item type="str">r</item><item type="str">e</item><item type="str">n</item><item type="str">t</item></Fact><Period type="str">As of 2020-12-31</Period></Attributes><Labels type="dict"></Labels><References type="dict"></References><Calculation type="dict"></Calculation></hidden19946521><Fact_19945921 type="dict"><Attributes type="dict"><Format type="str">numdotdecimal</Format><Sign type="str">Positive</Sign><Measure type="str">Unit_USD</Measure><Scale type="str">3</Scale><Tag type="str">us-gaap:LongTermDebt</Tag><Fact type="float">129.0</Fact><Period type="str">As of 2020-12-31</Period></Attributes><Labels type="dict"></Labels><References type="dict"></References><Calculation type="dict"></Calculation></Fact_19945921><Fact_19945922 type="dict"><Attributes type="dict"><Format type="str">numdotdecimal</Format><Sign type="str">Positive</Sign><Measure type="str">Unit_USD</Measure><Scale type="str">3</Scale><Tag type="str">us-gaap:LongTermDebt</Tag><Fact type="float">128.0</Fact><Period type="str">As of 2019-12-31</Period></Attributes><Labels type="dict"></Labels><References type="dict"></References><Calculation type="dict"></Calculation></Fact_19945922></root>