{"hidden19945538": {"Attributes": {"Sign": "Positive", "Measure": "Unit_pure", "Tag": "msc:CommonStockDividendPercentage", "Fact": 0.6667, "Period": "As of 2018-10-22"}, "Labels": {}, "References": {}, "Calculation": {}}, "hidden19946794": {"Attributes": {"Sign": "Positive", "Measure": "Unit_pure", "Tag": "msc:CommonStockDividendPercentage", "Fact": 0.6623, "Period": "As of 2020-12-31"}, "Labels": {}, "References": {}, "Calculation": {}}, "hidden19946521": {"Attributes": {"Tag": "us-gaap:OperatingLeaseLiabilityCurrentStatementOfFinancialPositionExtensibleList", "Fact": "us-gaap:OperatingLeaseLiabilityCurrent", "Period": "As of 2020-12-31"}, "Labels": {}, "References": {}, "Calculation": {}}, "Fact_19945921": {"Attributes": {"Format": "numdotdecimal", "Sign": "Positive", "Measure": "Unit_USD", "Scale": "3", "Tag": "us-gaap:LongTermDebt", "Fact": 129.0, "Period": "As of 2020-12-31"}, "Labels": {}, "References": {}, "Calculation": {}}, "Fact_19945922": {"Attributes": {"Format": "numdotdecimal", "Sign": "Positive", "Measure": "Unit_USD", "Scale": "3", "Tag": "us-gaap:LongTermDebt", "Fact": 128.0, "Period": "As of 2019-12-31"}, "Labels": {}, "References": {}, "Calculation": {}}}