{"hidden21275464": {"Attributes": {"Tag": "ter:MinimumRetirementAgeForEligibleEmployeesOfPostretirementPlans", "Fact": "P60Y", "Period": "2021-01-01 to 2021-01-01"}, "Labels": {}, "References": {}, "Calculation": {}}, "hidden21275380": {"Attributes": {"Tag": "us-gaap:DebtInstrumentDateOfFirstRequiredPayment1", "Fact": "2017-06-15", "Period": "2016-12-12 to 2016-12-12"}, "Labels": {}, "References": {}, "Calculation": {}}, "Fact_21274436": {"Attributes": {"Format": "numdotdecimal", "Sign": "Positive", "Measure": "Unit_USD", "Scale": "3", "Tag": "us-gaap:Revenues", "Fact": 364190.0, "Period": "2021-01-01 to 2021-01-01"}, "Labels": {}, "References": {}, "Calculation": {}}, "Fact_21274437": {"Attributes": {"Format": "numdotdecimal", "Sign": "Positive", "Measure": "Unit_USD", "Scale": "3", "Tag": "us-gaap:Revenues", "Fact": 101892.0, "Period": "2021-01-01 to 2021-01-01"}, "Labels": {}, "References": {}, "Calculation": {}}, "Fact_21274438": {"Attributes": {"Format": "numdotdecimal", "Sign": "Positive", "Measure": "Unit_USD", "Scale": "3", "Tag": "us-gaap:Revenues", "Fact": 119314.0, "Period": "2021-01-01 to 2021-01-01"}, "Labels": {}, "References": {}, "Calculation": {}}, "Fact_21274439": {"Attributes": {"Format": "numdotdecimal", "Sign": "Positive", "Measure": "Unit_USD", "Scale": "3", "Tag": "us-gaap:Revenues", "Fact": 64007.0, "Period": "2021-01-01 to 2021-01-01"}, "Labels": {}, "References": {}, "Calculation": {}}, "Fact_21274440": {"Attributes": {"Format": "numdotdecimal", "Sign": "Positive", "Measure": "Unit_USD", "Scale": "3", "Tag": "us-gaap:Revenues", "Fact": 14064.0, "Period": "2021-01-01 to 2021-01-01"}, "Labels": {}, "References": {}, "Calculation": {}}, "Fact_21274441": {"Attributes": {"Format": "numdotdecimal", "Sign": "Negative", "Measure": "Unit_USD", "Scale": "3", "Tag": "us-gaap:Revenues", "Fact": 120.0, "Period": "2021-01-01 to 2021-01-01"}, "Labels": {}, "References": {}, "Calculation": {}}, "Fact_21274442": {"Attributes": {"Format": "numdotdecimal", "Sign": "Positive", "Measure": "Unit_USD", "Scale": "3", "Tag": "us-gaap:Revenues", "Fact": 37880.0, "Period": "2021-01-01 to 2021-01-01"}, "Labels": {}, "References": {}, "Calculation": {}}, "Fact_21274443": {"Attributes": {"Format": "numdotdecimal", "Sign": "Negative", "Measure": "Unit_USD", "Scale": "3", "Tag": "us-gaap:Revenues", "Fact": 143.0, "Period": "2021-01-01 to 2021-01-01"}, "Labels": {}, "References": {}, "Calculation": {}}, "Fact_21274444": {"Attributes": {"Format": "numdotdecimal", "Sign": "Positive", "Measure": "Unit_USD", "Scale": "3", "Tag": "us-gaap:Revenues", "Fact": 701084.0, "Period": "2021-01-01 to 2021-01-01"}, "Labels": {}, "References": {}, "Calculation": {}}, "Fact_21274445": {"Attributes": {"Format": "numdotdecimal", "Sign": "Positive", "Measure": "Unit_USD", "Scale": "3", "Tag": "us-gaap:Revenues", "Fact": 56040.0, "Period": "2021-01-01 to 2021-01-01"}, "Labels": {}, "References": {}, "Calculation": {}}, "Fact_21274446": {"Attributes": {"Format": "numdotdecimal", "Sign": "Positive", "Measure": "Unit_USD", "Scale": "3", "Tag": "us-gaap:Revenues", "Fact": 5941.0, "Period": "2021-01-01 to 2021-01-01"}, "Labels": {}, "References": {}, "Calculation": {}}, "Fact_21274447": {"Attributes": {"Format": "numdotdecimal", "Sign": "Positive", "Measure": "Unit_USD", "Scale": "3", "Tag": "us-gaap:Revenues", "Fact": 13523.0, "Period": "2021-01-01 to 2021-01-01"}, "Labels": {}, "References": {}, "Calculation": {}}, "Fact_21274448": {"Attributes": {"Format": "numdotdecimal", "Sign": "Positive", "Measure": "Unit_USD", "Scale": "3", "Tag": "us-gaap:Revenues", "Fact": 1594.0, "Period": "2021-01-01 to 2021-01-01"}, "Labels": {}, "References": {}, "Calculation": {}}, "Fact_21274449": {"Attributes": {"Format": "numdotdecimal", "Sign": "Positive", "Measure": "Unit_USD", "Scale": "3", "Tag": "us-gaap:Revenues", "Fact": 67.0, "Period": "2021-01-01 to 2021-01-01"}, "Labels": {}, "References": {}, "Calculation": {}}, "Fact_21274450": {"Attributes": {"Format": "numdotdecimal", "Sign": "Positive", "Measure": "Unit_USD", "Scale": "3", "Tag": "us-gaap:Revenues", "Fact": 339.0, "Period": "2021-01-01 to 2021-01-01"}, "Labels": {}, "References": {}, "Calculation": {}}, "Fact_21274451": {"Attributes": {"Format": "numdotdecimal", "Sign": "Positive", "Measure": "Unit_USD", "Scale": "3", "Tag": "us-gaap:Revenues", "Fact": 3018.0, "Period": "2021-01-01 to 2021-01-01"}, "Labels": {}, "References": {}, "Calculation": {}}, "Fact_21274452": {"Attributes": {"Format": "numdotdecimal", "Sign": "Positive", "Measure": "Unit_USD", "Scale": "3", "Tag": "us-gaap:Revenues", "Fact": 80522.0, "Period": "2021-01-01 to 2021-01-01"}, "Labels": {}, "References": {}, "Calculation": {}}, "Fact_21274453": {"Attributes": {"Format": "numdotdecimal", "Sign": "Positive", "Measure": "Unit_USD", "Scale": "3", "Tag": "us-gaap:Revenues", "Fact": 420230.0, "Period": "2021-01-01 to 2021-01-01"}, "Labels": {}, "References": {}, "Calculation": {}}, "Fact_21274454": {"Attributes": {"Format": "numdotdecimal", "Sign": "Positive", "Measure": "Unit_USD", "Scale": "3", "Tag": "us-gaap:Revenues", "Fact": 107833.0, "Period": "2021-01-01 to 2021-01-01"}, "Labels": {}, "References": {}, "Calculation": {}}, "Fact_21274455": {"Attributes": {"Format": "numdotdecimal", "Sign": "Positive", "Measure": "Unit_USD", "Scale": "3", "Tag": "us-gaap:Revenues", "Fact": 132837.0, "Period": "2021-01-01 to 2021-01-01"}, "Labels": {}, "References": {}, "Calculation": {}}, "Fact_21274456": {"Attributes": {"Format": "numdotdecimal", "Sign": "Positive", "Measure": "Unit_USD", "Scale": "3", "Tag": "us-gaap:Revenues", "Fact": 65601.0, "Period": "2021-01-01 to 2021-01-01"}, "Labels": {}, "References": {}, "Calculation": {}}, "Fact_21274457": {"Attributes": {"Format": "numdotdecimal", "Sign": "Positive", "Measure": "Unit_USD", "Scale": "3", "Tag": "us-gaap:Revenues", "Fact": 14131.0, "Period": "2021-01-01 to 2021-01-01"}, "Labels": {}, "References": {}, "Calculation": {}}, "Fact_21274458": {"Attributes": {"Format": "numdotdecimal", "Sign": "Positive", "Measure": "Unit_USD", "Scale": "3", "Tag": "us-gaap:Revenues", "Fact": 219.0, "Period": "2021-01-01 to 2021-01-01"}, "Labels": {}, "References": {}, "Calculation": {}}, "Fact_21274459": {"Attributes": {"Format": "numdotdecimal", "Sign": "Positive", "Measure": "Unit_USD", "Scale": "3", "Tag": "us-gaap:Revenues", "Fact": 40898.0, "Period": "2021-01-01 to 2021-01-01"}, "Labels": {}, "References": {}, "Calculation": {}}, "Fact_21274460": {"Attributes": {"Format": "numdotdecimal", "Sign": "Negative", "Measure": "Unit_USD", "Scale": "3", "Tag": "us-gaap:Revenues", "Fact": 143.0, "Period": "2021-01-01 to 2021-01-01"}, "Labels": {}, "References": {}, "Calculation": {}}, "Fact_21274461": {"Attributes": {"Format": "numdotdecimal", "Sign": "Positive", "Measure": "Unit_USD", "Scale": "3", "Tag": "us-gaap:Revenues", "Fact": 781606.0, "Period": "2021-01-01 to 2021-01-01"}, "Labels": {}, "References": {}, "Calculation": {}}, "Fact_21274462": {"Attributes": {"Format": "numdotdecimal", "Sign": "Positive", "Measure": "Unit_USD", "Scale": "3", "Tag": "us-gaap:Revenues", "Fact": 387236.0, "Period": "2021-01-01 to 2021-01-01"}, "Labels": {}, "References": {}, "Calculation": {}}, "Fact_21274463": {"Attributes": {"Format": "numdotdecimal", "Sign": "Positive", "Measure": "Unit_USD", "Scale": "3", "Tag": "us-gaap:Revenues", "Fact": 104049.0, "Period": "2021-01-01 to 2021-01-01"}, "Labels": {}, "References": {}, "Calculation": {}}, "Fact_21274464": {"Attributes": {"Format": "numdotdecimal", "Sign": "Positive", "Measure": "Unit_USD", "Scale": "3", "Tag": "us-gaap:Revenues", "Fact": 99520.0, "Period": "2021-01-01 to 2021-01-01"}, "Labels": {}, "References": {}, "Calculation": {}}, "Fact_21274465": {"Attributes": {"Format": "numdotdecimal", "Sign": "Positive", "Measure": "Unit_USD", "Scale": "3", "Tag": "us-gaap:Revenues", "Fact": 17833.0, "Period": "2021-01-01 to 2021-01-01"}, "Labels": {}, "References": {}, "Calculation": {}}, "Fact_21274466": {"Attributes": {"Format": "numdotdecimal", "Sign": "Positive", "Measure": "Unit_USD", "Scale": "3", "Tag": "us-gaap:Revenues", "Fact": 3447.0, "Period": "2021-01-01 to 2021-01-01"}, "Labels": {}, "References": {}, "Calculation": {}}, "Fact_21274468": {"Attributes": {"Format": "numdotdecimal", "Sign": "Positive", "Measure": "Unit_USD", "Scale": "3", "Tag": "us-gaap:Revenues", "Fact": 33532.0, "Period": "2021-01-01 to 2021-01-01"}, "Labels": {}, "References": {}, "Calculation": {}}, "Fact_21274470": {"Attributes": {"Format": "numdotdecimal", "Sign": "Positive", "Measure": "Unit_USD", "Scale": "3", "Tag": "us-gaap:Revenues", "Fact": 645617.0, "Period": "2021-01-01 to 2021-01-01"}, "Labels": {}, "References": {}, "Calculation": {}}, "Fact_21274471": {"Attributes": {"Format": "numdotdecimal", "Sign": "Positive", "Measure": "Unit_USD", "Scale": "3", "Tag": "us-gaap:Revenues", "Fact": 20779.0, "Period": "2021-01-01 to 2021-01-01"}, "Labels": {}, "References": {}, "Calculation": {}}, "Fact_21274472": {"Attributes": {"Format": "numdotdecimal", "Sign": "Positive", "Measure": "Unit_USD", "Scale": "3", "Tag": "us-gaap:Revenues", "Fact": 3420.0, "Period": "2021-01-01 to 2021-01-01"}, "Labels": {}, "References": {}, "Calculation": {}}, "Fact_21274473": {"Attributes": {"Format": "numdotdecimal", "Sign": "Positive", "Measure": "Unit_USD", "Scale": "3", "Tag": "us-gaap:Revenues", "Fact": 27659.0, "Period": "2021-01-01 to 2021-01-01"}, "Labels": {}, "References": {}, "Calculation": {}}, "Fact_21274474": {"Attributes": {"Format": "numdotdecimal", "Sign": "Positive", "Measure": "Unit_USD", "Scale": "3", "Tag": "us-gaap:Revenues", "Fact": 18153.0, "Period": "2021-01-01 to 2021-01-01"}, "Labels": {}, "References": {}, "Calculation": {}}, "Fact_21274475": {"Attributes": {"Format": "numdotdecimal", "Sign": "Positive", "Measure": "Unit_USD", "Scale": "3", "Tag": "us-gaap:Revenues", "Fact": 5153.0, "Period": "2021-01-01 to 2021-01-01"}, "Labels": {}, "References": {}, "Calculation": {}}, "Fact_21274476": {"Attributes": {"Format": "numdotdecimal", "Sign": "Positive", "Measure": "Unit_USD", "Scale": "3", "Tag": "us-gaap:Revenues", "Fact": 219.0, "Period": "2021-01-01 to 2021-01-01"}, "Labels": {}, "References": {}, "Calculation": {}}, "Fact_21274477": {"Attributes": {"Format": "numdotdecimal", "Sign": "Positive", "Measure": "Unit_USD", "Scale": "3", "Tag": "us-gaap:Revenues", "Fact": 5769.0, "Period": "2021-01-01 to 2021-01-01"}, "Labels": {}, "References": {}, "Calculation": {}}, "Fact_21274478": {"Attributes": {"Format": "numdotdecimal", "Sign": "Negative", "Measure": "Unit_USD", "Scale": "3", "Tag": "us-gaap:Revenues", "Fact": 143.0, "Period": "2021-01-01 to 2021-01-01"}, "Labels": {}, "References": {}, "Calculation": {}}, "Fact_21274479": {"Attributes": {"Format": "numdotdecimal", "Sign": "Positive", "Measure": "Unit_USD", "Scale": "3", "Tag": "us-gaap:Revenues", "Fact": 81010.0, "Period": "2021-01-01 to 2021-01-01"}, "Labels": {}, "References": {}, "Calculation": {}}, "Fact_21274480": {"Attributes": {"Format": "numdotdecimal", "Sign": "Positive", "Measure": "Unit_USD", "Scale": "3", "Tag": "us-gaap:Revenues", "Fact": 12215.0, "Period": "2021-01-01 to 2021-01-01"}, "Labels": {}, "References": {}, "Calculation": {}}, "Fact_21274481": {"Attributes": {"Format": "numdotdecimal", "Sign": "Positive", "Measure": "Unit_USD", "Scale": "3", "Tag": "us-gaap:Revenues", "Fact": 364.0, "Period": "2021-01-01 to 2021-01-01"}, "Labels": {}, "References": {}, "Calculation": {}}, "Fact_21274482": {"Attributes": {"Format": "numdotdecimal", "Sign": "Positive", "Measure": "Unit_USD", "Scale": "3", "Tag": "us-gaap:Revenues", "Fact": 5658.0, "Period": "2021-01-01 to 2021-01-01"}, "Labels": {}, "References": {}, "Calculation": {}}, "Fact_21274483": {"Attributes": {"Format": "numdotdecimal", "Sign": "Positive", "Measure": "Unit_USD", "Scale": "3", "Tag": "us-gaap:Revenues", "Fact": 29615.0, "Period": "2021-01-01 to 2021-01-01"}, "Labels": {}, "References": {}, "Calculation": {}}, "Fact_21274484": {"Attributes": {"Format": "numdotdecimal", "Sign": "Positive", "Measure": "Unit_USD", "Scale": "3", "Tag": "us-gaap:Revenues", "Fact": 5531.0, "Period": "2021-01-01 to 2021-01-01"}, "Labels": {}, "References": {}, "Calculation": {}}, "Fact_21274486": {"Attributes": {"Format": "numdotdecimal", "Sign": "Positive", "Measure": "Unit_USD", "Scale": "3", "Tag": "us-gaap:Revenues", "Fact": 1597.0, "Period": "2021-01-01 to 2021-01-01"}, "Labels": {}, "References": {}, "Calculation": {}}, "Fact_21274487": {"Attributes": {"Format": "numdotdecimal", "Sign": "Positive", "Measure": "Unit_USD", "Scale": "3", "Tag": "us-gaap:Revenues", "Fact": 54980.0, "Period": "2021-01-01 to 2021-01-01"}, "Labels": {}, "References": {}, "Calculation": {}}, "Fact_21274488": {"Attributes": {"Format": "numdotdecimal", "Sign": "Positive", "Measure": "Unit_USD", "Scale": "3", "Tag": "us-gaap:Revenues", "Fact": 420230.0, "Period": "2021-01-01 to 2021-01-01"}, "Labels": {}, "References": {}, "Calculation": {}}, "Fact_21274489": {"Attributes": {"Format": "numdotdecimal", "Sign": "Positive", "Measure": "Unit_USD", "Scale": "3", "Tag": "us-gaap:Revenues", "Fact": 107833.0, "Period": "2021-01-01 to 2021-01-01"}, "Labels": {}, "References": {}, "Calculation": {}}, "Fact_21274490": {"Attributes": {"Format": "numdotdecimal", "Sign": "Positive", "Measure": "Unit_USD", "Scale": "3", "Tag": "us-gaap:Revenues", "Fact": 132837.0, "Period": "2021-01-01 to 2021-01-01"}, "Labels": {}, "References": {}, "Calculation": {}}, "Fact_21274491": {"Attributes": {"Format": "numdotdecimal", "Sign": "Positive", "Measure": "Unit_USD", "Scale": "3", "Tag": "us-gaap:Revenues", "Fact": 65601.0, "Period": "2021-01-01 to 2021-01-01"}, "Labels": {}, "References": {}, "Calculation": {}}, "Fact_21274492": {"Attributes": {"Format": "numdotdecimal", "Sign": "Positive", "Measure": "Unit_USD", "Scale": "3", "Tag": "us-gaap:Revenues", "Fact": 14131.0, "Period": "2021-01-01 to 2021-01-01"}, "Labels": {}, "References": {}, "Calculation": {}}, "Fact_21274493": {"Attributes": {"Format": "numdotdecimal", "Sign": "Positive", "Measure": "Unit_USD", "Scale": "3", "Tag": "us-gaap:Revenues", "Fact": 219.0, "Period": "2021-01-01 to 2021-01-01"}, "Labels": {}, "References": {}, "Calculation": {}}, "Fact_21274494": {"Attributes": {"Format": "numdotdecimal", "Sign": "Positive", "Measure": "Unit_USD", "Scale": "3", "Tag": "us-gaap:Revenues", "Fact": 40898.0, "Period": "2021-01-01 to 2021-01-01"}, "Labels": {}, "References": {}, "Calculation": {}}, "Fact_21274495": {"Attributes": {"Format": "numdotdecimal", "Sign": "Negative", "Measure": "Unit_USD", "Scale": "3", "Tag": "us-gaap:Revenues", "Fact": 143.0, "Period": "2021-01-01 to 2021-01-01"}, "Labels": {}, "References": {}, "Calculation": {}}, "Fact_21274496": {"Attributes": {"Format": "numdotdecimal", "Sign": "Positive", "Measure": "Unit_USD", "Scale": "3", "Tag": "us-gaap:Revenues", "Fact": 781606.0, "Period": "2021-01-01 to 2021-01-01"}, "Labels": {}, "References": {}, "Calculation": {}}, "Fact_21274497": {"Attributes": {"Format": "numdotdecimal", "Sign": "Positive", "Measure": "Unit_USD", "Scale": "3", "Tag": "us-gaap:Revenues", "Fact": 348044.0, "Period": "2020-01-01 to 2020-01-01"}, "Labels": {}, "References": {}, "Calculation": {}}, "Fact_21274498": {"Attributes": {"Format": "numdotdecimal", "Sign": "Positive", "Measure": "Unit_USD", "Scale": "3", "Tag": "us-gaap:Revenues", "Fact": 79398.0, "Period": "2020-01-01 to 2020-01-01"}, "Labels": {}, "References": {}, "Calculation": {}}, "Fact_21274499": {"Attributes": {"Format": "numdotdecimal", "Sign": "Positive", "Measure": "Unit_USD", "Scale": "3", "Tag": "us-gaap:Revenues", "Fact": 100712.0, "Period": "2020-01-01 to 2020-01-01"}, "Labels": {}, "References": {}, "Calculation": {}}, "Fact_21274500": {"Attributes": {"Format": "numdotdecimal", "Sign": "Positive", "Measure": "Unit_USD", "Scale": "3", "Tag": "us-gaap:Revenues", "Fact": 47502.0, "Period": "2020-01-01 to 2020-01-01"}, "Labels": {}, "References": {}, "Calculation": {}}, "Fact_21274501": {"Attributes": {"Format": "numdotdecimal", "Sign": "Positive", "Measure": "Unit_USD", "Scale": "3", "Tag": "us-gaap:Revenues", "Fact": 9097.0, "Period": "2020-01-01 to 2020-01-01"}, "Labels": {}, "References": {}, "Calculation": {}}, "Fact_21274502": {"Attributes": {"Format": "numdotdecimal", "Sign": "Positive", "Measure": "Unit_USD", "Scale": "3", "Tag": "us-gaap:Revenues", "Fact": 1124.0, "Period": "2020-01-01 to 2020-01-01"}, "Labels": {}, "References": {}, "Calculation": {}}, "Fact_21274503": {"Attributes": {"Format": "numdotdecimal", "Sign": "Positive", "Measure": "Unit_USD", "Scale": "3", "Tag": "us-gaap:Revenues", "Fact": 41056.0, "Period": "2020-01-01 to 2020-01-01"}, "Labels": {}, "References": {}, "Calculation": {}}, "Fact_21274505": {"Attributes": {"Format": "numdotdecimal", "Sign": "Positive", "Measure": "Unit_USD", "Scale": "3", "Tag": "us-gaap:Revenues", "Fact": 626933.0, "Period": "2020-01-01 to 2020-01-01"}, "Labels": {}, "References": {}, "Calculation": {}}, "Fact_21274506": {"Attributes": {"Format": "numdotdecimal", "Sign": "Positive", "Measure": "Unit_USD", "Scale": "3", "Tag": "us-gaap:Revenues", "Fact": 52095.0, "Period": "2020-01-01 to 2020-01-01"}, "Labels": {}, "References": {}, "Calculation": {}}, "Fact_21274507": {"Attributes": {"Format": "numdotdecimal", "Sign": "Positive", "Measure": "Unit_USD", "Scale": "3", "Tag": "us-gaap:Revenues", "Fact": 4952.0, "Period": "2020-01-01 to 2020-01-01"}, "Labels": {}, "References": {}, "Calculation": {}}, "Fact_21274508": {"Attributes": {"Format": "numdotdecimal", "Sign": "Positive", "Measure": "Unit_USD", "Scale": "3", "Tag": "us-gaap:Revenues", "Fact": 15364.0, "Period": "2020-01-01 to 2020-01-01"}, "Labels": {}, "References": {}, "Calculation": {}}, "Fact_21274509": {"Attributes": {"Format": "numdotdecimal", "Sign": "Positive", "Measure": "Unit_USD", "Scale": "3", "Tag": "us-gaap:Revenues", "Fact": 2195.0, "Period": "2020-01-01 to 2020-01-01"}, "Labels": {}, "References": {}, "Calculation": {}}, "Fact_21274510": {"Attributes": {"Format": "numdotdecimal", "Sign": "Positive", "Measure": "Unit_USD", "Scale": "3", "Tag": "us-gaap:Revenues", "Fact": 41.0, "Period": "2020-01-01 to 2020-01-01"}, "Labels": {}, "References": {}, "Calculation": {}}, "Fact_21274511": {"Attributes": {"Format": "numdotdecimal", "Sign": "Positive", "Measure": "Unit_USD", "Scale": "3", "Tag": "us-gaap:Revenues", "Fact": 346.0, "Period": "2020-01-01 to 2020-01-01"}, "Labels": {}, "References": {}, "Calculation": {}}, "Fact_21274512": {"Attributes": {"Format": "numdotdecimal", "Sign": "Positive", "Measure": "Unit_USD", "Scale": "3", "Tag": "us-gaap:Revenues", "Fact": 2429.0, "Period": "2020-01-01 to 2020-01-01"}, "Labels": {}, "References": {}, "Calculation": {}}, "Fact_21274513": {"Attributes": {"Format": "numdotdecimal", "Sign": "Positive", "Measure": "Unit_USD", "Scale": "3", "Tag": "us-gaap:Revenues", "Fact": 77422.0, "Period": "2020-01-01 to 2020-01-01"}, "Labels": {}, "References": {}, "Calculation": {}}, "Fact_21274514": {"Attributes": {"Format": "numdotdecimal", "Sign": "Positive", "Measure": "Unit_USD", "Scale": "3", "Tag": "us-gaap:Revenues", "Fact": 400139.0, "Period": "2020-01-01 to 2020-01-01"}, "Labels": {}, "References": {}, "Calculation": {}}, "Fact_21274515": {"Attributes": {"Format": "numdotdecimal", "Sign": "Positive", "Measure": "Unit_USD", "Scale": "3", "Tag": "us-gaap:Revenues", "Fact": 84350.0, "Period": "2020-01-01 to 2020-01-01"}, "Labels": {}, "References": {}, "Calculation": {}}, "Fact_21274516": {"Attributes": {"Format": "numdotdecimal", "Sign": "Positive", "Measure": "Unit_USD", "Scale": "3", "Tag": "us-gaap:Revenues", "Fact": 116076.0, "Period": "2020-01-01 to 2020-01-01"}, "Labels": {}, "References": {}, "Calculation": {}}, "Fact_21274517": {"Attributes": {"Format": "numdotdecimal", "Sign": "Positive", "Measure": "Unit_USD", "Scale": "3", "Tag": "us-gaap:Revenues", "Fact": 49697.0, "Period": "2020-01-01 to 2020-01-01"}, "Labels": {}, "References": {}, "Calculation": {}}, "Fact_21274518": {"Attributes": {"Format": "numdotdecimal", "Sign": "Positive", "Measure": "Unit_USD", "Scale": "3", "Tag": "us-gaap:Revenues", "Fact": 9138.0, "Period": "2020-01-01 to 2020-01-01"}, "Labels": {}, "References": {}, "Calculation": {}}, "Fact_21274519": {"Attributes": {"Format": "numdotdecimal", "Sign": "Positive", "Measure": "Unit_USD", "Scale": "3", "Tag": "us-gaap:Revenues", "Fact": 1470.0, "Period": "2020-01-01 to 2020-01-01"}, "Labels": {}, "References": {}, "Calculation": {}}, "Fact_21274520": {"Attributes": {"Format": "numdotdecimal", "Sign": "Positive", "Measure": "Unit_USD", "Scale": "3", "Tag": "us-gaap:Revenues", "Fact": 43485.0, "Period": "2020-01-01 to 2020-01-01"}, "Labels": {}, "References": {}, "Calculation": {}}, "Fact_21274522": {"Attributes": {"Format": "numdotdecimal", "Sign": "Positive", "Measure": "Unit_USD", "Scale": "3", "Tag": "us-gaap:Revenues", "Fact": 704355.0, "Period": "2020-01-01 to 2020-01-01"}, "Labels": {}, "References": {}, "Calculation": {}}, "Fact_21274523": {"Attributes": {"Format": "numdotdecimal", "Sign": "Positive", "Measure": "Unit_USD", "Scale": "3", "Tag": "us-gaap:Revenues", "Fact": 362732.0, "Period": "2020-01-01 to 2020-01-01"}, "Labels": {}, "References": {}, "Calculation": {}}, "Fact_21274524": {"Attributes": {"Format": "numdotdecimal", "Sign": "Positive", "Measure": "Unit_USD", "Scale": "3", "Tag": "us-gaap:Revenues", "Fact": 76110.0, "Period": "2020-01-01 to 2020-01-01"}, "Labels": {}, "References": {}, "Calculation": {}}, "Fact_21274525": {"Attributes": {"Format": "numdotdecimal", "Sign": "Positive", "Measure": "Unit_USD", "Scale": "3", "Tag": "us-gaap:Revenues", "Fact": 80017.0, "Period": "2020-01-01 to 2020-01-01"}, "Labels": {}, "References": {}, "Calculation": {}}, "Fact_21274526": {"Attributes": {"Format": "numdotdecimal", "Sign": "Positive", "Measure": "Unit_USD", "Scale": "3", "Tag": "us-gaap:Revenues", "Fact": 10917.0, "Period": "2020-01-01 to 2020-01-01"}, "Labels": {}, "References": {}, "Calculation": {}}, "Fact_21274527": {"Attributes": {"Format": "numdotdecimal", "Sign": "Positive", "Measure": "Unit_USD", "Scale": "3", "Tag": "us-gaap:Revenues", "Fact": 1593.0, "Period": "2020-01-01 to 2020-01-01"}, "Labels": {}, "References": {}, "Calculation": {}}, "Fact_21274529": {"Attributes": {"Format": "numdotdecimal", "Sign": "Positive", "Measure": "Unit_USD", "Scale": "3", "Tag": "us-gaap:Revenues", "Fact": 37805.0, "Period": "2020-01-01 to 2020-01-01"}, "Labels": {}, "References": {}, "Calculation": {}}, "Fact_21274530": {"Attributes": {"Format": "numdotdecimal", "Sign": "Positive", "Measure": "Unit_USD", "Scale": "3", "Tag": "us-gaap:Revenues", "Fact": 569174.0, "Period": "2020-01-01 to 2020-01-01"}, "Labels": {}, "References": {}, "Calculation": {}}, "Fact_21274531": {"Attributes": {"Format": "numdotdecimal", "Sign": "Positive", "Measure": "Unit_USD", "Scale": "3", "Tag": "us-gaap:Revenues", "Fact": 17386.0, "Period": "2020-01-01 to 2020-01-01"}, "Labels": {}, "References": {}, "Calculation": {}}, "Fact_21274532": {"Attributes": {"Format": "numdotdecimal", "Sign": "Positive", "Measure": "Unit_USD", "Scale": "3", "Tag": "us-gaap:Revenues", "Fact": 6896.0, "Period": "2020-01-01 to 2020-01-01"}, "Labels": {}, "References": {}, "Calculation": {}}, "Fact_21274533": {"Attributes": {"Format": "numdotdecimal", "Sign": "Positive", "Measure": "Unit_USD", "Scale": "3", "Tag": "us-gaap:Revenues", "Fact": 28291.0, "Period": "2020-01-01 to 2020-01-01"}, "Labels": {}, "References": {}, "Calculation": {}}, "Fact_21274534": {"Attributes": {"Format": "numdotdecimal", "Sign": "Positive", "Measure": "Unit_USD", "Scale": "3", "Tag": "us-gaap:Revenues", "Fact": 14743.0, "Period": "2020-01-01 to 2020-01-01"}, "Labels": {}, "References": {}, "Calculation": {}}, "Fact_21274535": {"Attributes": {"Format": "numdotdecimal", "Sign": "Positive", "Measure": "Unit_USD", "Scale": "3", "Tag": "us-gaap:Revenues", "Fact": 3465.0, "Period": "2020-01-01 to 2020-01-01"}, "Labels": {}, "References": {}, "Calculation": {}}, "Fact_21274536": {"Attributes": {"Format": "numdotdecimal", "Sign": "Positive", "Measure": "Unit_USD", "Scale": "3", "Tag": "us-gaap:Revenues", "Fact": 1470.0, "Period": "2020-01-01 to 2020-01-01"}, "Labels": {}, "References": {}, "Calculation": {}}, "Fact_21274537": {"Attributes": {"Format": "numdotdecimal", "Sign": "Positive", "Measure": "Unit_USD", "Scale": "3", "Tag": "us-gaap:Revenues", "Fact": 4688.0, "Period": "2020-01-01 to 2020-01-01"}, "Labels": {}, "References": {}, "Calculation": {}}, "Fact_21274539": {"Attributes": {"Format": "numdotdecimal", "Sign": "Positive", "Measure": "Unit_USD", "Scale": "3", "Tag": "us-gaap:Revenues", "Fact": 76939.0, "Period": "2020-01-01 to 2020-01-01"}, "Labels": {}, "References": {}, "Calculation": {}}, "Fact_21274540": {"Attributes": {"Format": "numdotdecimal", "Sign": "Positive", "Measure": "Unit_USD", "Scale": "3", "Tag": "us-gaap:Revenues", "Fact": 20021.0, "Period": "2020-01-01 to 2020-01-01"}, "Labels": {}, "References": {}, "Calculation": {}}, "Fact_21274541": {"Attributes": {"Format": "numdotdecimal", "Sign": "Positive", "Measure": "Unit_USD", "Scale": "3", "Tag": "us-gaap:Revenues", "Fact": 1344.0, "Period": "2020-01-01 to 2020-01-01"}, "Labels": {}, "References": {}, "Calculation": {}}, "Fact_21274542": {"Attributes": {"Format": "numdotdecimal", "Sign": "Positive", "Measure": "Unit_USD", "Scale": "3", "Tag": "us-gaap:Revenues", "Fact": 7768.0, "Period": "2020-01-01 to 2020-01-01"}, "Labels": {}, "References": {}, "Calculation": {}}, "Fact_21274543": {"Attributes": {"Format": "numdotdecimal", "Sign": "Positive", "Measure": "Unit_USD", "Scale": "3", "Tag": "us-gaap:Revenues", "Fact": 24037.0, "Period": "2020-01-01 to 2020-01-01"}, "Labels": {}, "References": {}, "Calculation": {}}, "Fact_21274544": {"Attributes": {"Format": "numdotdecimal", "Sign": "Positive", "Measure": "Unit_USD", "Scale": "3", "Tag": "us-gaap:Revenues", "Fact": 4080.0, "Period": "2020-01-01 to 2020-01-01"}, "Labels": {}, "References": {}, "Calculation": {}}, "Fact_21274546": {"Attributes": {"Format": "numdotdecimal", "Sign": "Positive", "Measure": "Unit_USD", "Scale": "3", "Tag": "us-gaap:Revenues", "Fact": 992.0, "Period": "2020-01-01 to 2020-01-01"}, "Labels": {}, "References": {}, "Calculation": {}}, "Fact_21274547": {"Attributes": {"Format": "numdotdecimal", "Sign": "Positive", "Measure": "Unit_USD", "Scale": "3", "Tag": "us-gaap:Revenues", "Fact": 58242.0, "Period": "2020-01-01 to 2020-01-01"}, "Labels": {}, "References": {}, "Calculation": {}}, "Fact_21274548": {"Attributes": {"Format": "numdotdecimal", "Sign": "Positive", "Measure": "Unit_USD", "Scale": "3", "Tag": "us-gaap:Revenues", "Fact": 400139.0, "Period": "2020-01-01 to 2020-01-01"}, "Labels": {}, "References": {}, "Calculation": {}}, "Fact_21274549": {"Attributes": {"Format": "numdotdecimal", "Sign": "Positive", "Measure": "Unit_USD", "Scale": "3", "Tag": "us-gaap:Revenues", "Fact": 84350.0, "Period": "2020-01-01 to 2020-01-01"}, "Labels": {}, "References": {}, "Calculation": {}}, "Fact_21274550": {"Attributes": {"Format": "numdotdecimal", "Sign": "Positive", "Measure": "Unit_USD", "Scale": "3", "Tag": "us-gaap:Revenues", "Fact": 116076.0, "Period": "2020-01-01 to 2020-01-01"}, "Labels": {}, "References": {}, "Calculation": {}}, "Fact_21274551": {"Attributes": {"Format": "numdotdecimal", "Sign": "Positive", "Measure": "Unit_USD", "Scale": "3", "Tag": "us-gaap:Revenues", "Fact": 49697.0, "Period": "2020-01-01 to 2020-01-01"}, "Labels": {}, "References": {}, "Calculation": {}}, "Fact_21274552": {"Attributes": {"Format": "numdotdecimal", "Sign": "Positive", "Measure": "Unit_USD", "Scale": "3", "Tag": "us-gaap:Revenues", "Fact": 9138.0, "Period": "2020-01-01 to 2020-01-01"}, "Labels": {}, "References": {}, "Calculation": {}}, "Fact_21274553": {"Attributes": {"Format": "numdotdecimal", "Sign": "Positive", "Measure": "Unit_USD", "Scale": "3", "Tag": "us-gaap:Revenues", "Fact": 1470.0, "Period": "2020-01-01 to 2020-01-01"}, "Labels": {}, "References": {}, "Calculation": {}}, "Fact_21274554": {"Attributes": {"Format": "numdotdecimal", "Sign": "Positive", "Measure": "Unit_USD", "Scale": "3", "Tag": "us-gaap:Revenues", "Fact": 43485.0, "Period": "2020-01-01 to 2020-01-01"}, "Labels": {}, "References": {}, "Calculation": {}}, "Fact_21274556": {"Attributes": {"Format": "numdotdecimal", "Sign": "Positive", "Measure": "Unit_USD", "Scale": "3", "Tag": "us-gaap:Revenues", "Fact": 704355.0, "Period": "2020-01-01 to 2020-01-01"}, "Labels": {}, "References": {}, "Calculation": {}}, "Fact_21275489": {"Attributes": {"Format": "numdotdecimal", "Sign": "Negative", "Measure": "Unit_USD", "Scale": "3", "Tag": "us-gaap:FairValueMeasurementWithUnobservableInputsReconciliationRecurringBasisLiabilityGainLossIncludedInEarnings", "Fact": 7227.0, "Period": "2021-01-01 to 2021-01-01"}, "Labels": {}, "References": {}, "Calculation": {}}, "Fact_21275490": {"Attributes": {"Format": "numdotdecimal", "Sign": "Negative", "Measure": "Unit_USD", "Scale": "3", "Tag": "us-gaap:FairValueMeasurementWithUnobservableInputsReconciliationRecurringBasisLiabilityGainLossIncludedInEarnings", "Fact": 10020.0, "Period": "2020-01-01 to 2020-01-01"}, "Labels": {}, "References": {}, "Calculation": {}}, "Fact_21275492": {"Attributes": {"Format": "numdotdecimal", "Sign": "Positive", "Measure": "Unit_USD", "Scale": "3", "Tag": "us-gaap:FairValueMeasurementWithUnobservableInputsReconciliationRecurringBasisLiabilitySettlements", "Fact": 8852.0, "Period": "2020-01-01 to 2020-01-01"}, "Labels": {}, "References": {}, "Calculation": {}}, "Fact_21274738": {"Attributes": {"Format": "numdotdecimal", "Sign": "Positive", "Measure": "Unit_USD", "Scale": "3", "Tag": "us-gaap:ConvertibleDebtFairValueDisclosures", "Fact": 367934.0, "Period": "As of 2021-04-04"}, "Labels": {}, "References": {}, "Calculation": {}}, "Fact_21274739": {"Attributes": {"Format": "numdotdecimal", "Sign": "Positive", "Measure": "Unit_USD", "Scale": "3", "Tag": "us-gaap:ConvertibleDebtFairValueDisclosures", "Fact": 1664667.0, "Period": "As of 2021-04-04"}, "Labels": {}, "References": {}, "Calculation": {}}, "Fact_21274740": {"Attributes": {"Format": "numdotdecimal", "Sign": "Positive", "Measure": "Unit_USD", "Scale": "3", "Tag": "us-gaap:ConvertibleDebtFairValueDisclosures", "Fact": 410111.0, "Period": "As of 2020-12-31"}, "Labels": {}, "References": {}, "Calculation": {}}, "Fact_21274741": {"Attributes": {"Format": "numdotdecimal", "Sign": "Positive", "Measure": "Unit_USD", "Scale": "3", "Tag": "us-gaap:ConvertibleDebtFairValueDisclosures", "Fact": 1739553.0, "Period": "As of 2020-12-31"}, "Labels": {}, "References": {}, "Calculation": {}}, "Fact_21274927": {"Attributes": {"Format": "numdotdecimal", "Sign": "Positive", "Measure": "Unit_USD", "Scale": "3", "Tag": "us-gaap:ReclassificationFromAccumulatedOtherComprehensiveIncomeCurrentPeriodNetOfTax", "Fact": 2.0, "Period": "2021-01-01 to 2021-01-01"}, "Labels": {}, "References": {}, "Calculation": {}}, "Fact_21274928": {"Attributes": {"Format": "numdotdecimal", "Sign": "Positive", "Measure": "Unit_USD", "Scale": "3", "Tag": "us-gaap:ReclassificationFromAccumulatedOtherComprehensiveIncomeCurrentPeriodNetOfTax", "Fact": 2.0, "Period": "2020-01-01 to 2020-01-01"}, "Labels": {}, "References": {}, "Calculation": {}}, "Fact_21275012": {"Attributes": {"Format": "numdotdecimal", "Sign": "Positive", "Measure": "Unit_shares", "Scale": "3", "Tag": "us-gaap:IncrementalCommonSharesAttributableToConversionOfDebtSecurities", "Fact": 10310.0, "Period": "2021-01-01 to 2021-01-01"}, "Labels": {}, "References": {}, "Calculation": {}}, "Fact_21275013": {"Attributes": {"Format": "numdotdecimal", "Sign": "Positive", "Measure": "Unit_shares", "Scale": "3", "Tag": "us-gaap:IncrementalCommonSharesAttributableToConversionOfDebtSecurities", "Fact": 7333.0, "Period": "2020-01-01 to 2020-01-01"}, "Labels": {}, "References": {}, "Calculation": {}}, "Fact_21275014": {"Attributes": {"Format": "numdotdecimal", "Sign": "Positive", "Measure": "Unit_shares", "Scale": "3", "Tag": "us-gaap:IncrementalCommonSharesAttributableToCallOptionsAndWarrants", "Fact": 9429.0, "Period": "2021-01-01 to 2021-01-01"}, "Labels": {}, "References": {}, "Calculation": {}}, "Fact_21275015": {"Attributes": {"Format": "numdotdecimal", "Sign": "Positive", "Measure": "Unit_shares", "Scale": "3", "Tag": "us-gaap:IncrementalCommonSharesAttributableToCallOptionsAndWarrants", "Fact": 5492.0, "Period": "2020-01-01 to 2020-01-01"}, "Labels": {}, "References": {}, "Calculation": {}}, "Fact_21275119": {"Attributes": {"Format": "numdotdecimal", "Sign": "Positive", "Measure": "Unit_USD", "Scale": "3", "Tag": "us-gaap:IncomeLossFromContinuingOperationsBeforeIncomeTaxesMinorityInterestAndIncomeLossFromEquityMethodInvestments", "Fact": 176368.0, "Period": "2021-01-01 to 2021-01-01"}, "Labels": {}, "References": {}, "Calculation": {}}, "Fact_21275120": {"Attributes": {"Format": "numdotdecimal", "Sign": "Positive", "Measure": "Unit_USD", "Scale": "3", "Tag": "us-gaap:IncomeLossFromContinuingOperationsBeforeIncomeTaxesMinorityInterestAndIncomeLossFromEquityMethodInvestments", "Fact": 51061.0, "Period": "2021-01-01 to 2021-01-01"}, "Labels": {}, "References": {}, "Calculation": {}}, "Fact_21275121": {"Attributes": {"Format": "numdotdecimal", "Sign": "Negative", "Measure": "Unit_USD", "Scale": "3", "Tag": "us-gaap:IncomeLossFromContinuingOperationsBeforeIncomeTaxesMinorityInterestAndIncomeLossFromEquityMethodInvestments", "Fact": 12967.0, "Period": "2021-01-01 to 2021-01-01"}, "Labels": {}, "References": {}, "Calculation": {}}, "Fact_21275122": {"Attributes": {"Format": "numdotdecimal", "Sign": "Positive", "Measure": "Unit_USD", "Scale": "3", "Tag": "us-gaap:IncomeLossFromContinuingOperationsBeforeIncomeTaxesMinorityInterestAndIncomeLossFromEquityMethodInvestments", "Fact": 9616.0, "Period": "2021-01-01 to 2021-01-01"}, "Labels": {}, "References": {}, "Calculation": {}}, "Fact_21275123": {"Attributes": {"Format": "numdotdecimal", "Sign": "Negative", "Measure": "Unit_USD", "Scale": "3", "Tag": "us-gaap:IncomeLossFromContinuingOperationsBeforeIncomeTaxesMinorityInterestAndIncomeLossFromEquityMethodInvestments", "Fact": 85.0, "Period": "2021-01-01 to 2021-01-01"}, "Labels": {}, "References": {}, "Calculation": {}}, "Fact_21275124": {"Attributes": {"Format": "numdotdecimal", "Sign": "Positive", "Measure": "Unit_USD", "Scale": "3", "Tag": "us-gaap:IncomeLossFromContinuingOperationsBeforeIncomeTaxesMinorityInterestAndIncomeLossFromEquityMethodInvestments", "Fact": 223993.0, "Period": "2021-01-01 to 2021-01-01"}, "Labels": {}, "References": {}, "Calculation": {}}, "Fact_21275131": {"Attributes": {"Format": "numdotdecimal", "Sign": "Positive", "Measure": "Unit_USD", "Scale": "3", "Tag": "us-gaap:Assets", "Fact": 1243358.0, "Period": "As of 2021-04-04"}, "Labels": {}, "References": {}, "Calculation": {}}, "Fact_21275132": {"Attributes": {"Format": "numdotdecimal", "Sign": "Positive", "Measure": "Unit_USD", "Scale": "3", "Tag": "us-gaap:Assets", "Fact": 179195.0, "Period": "As of 2021-04-04"}, "Labels": {}, "References": {}, "Calculation": {}}, "Fact_21275133": {"Attributes": {"Format": "numdotdecimal", "Sign": "Positive", "Measure": "Unit_USD", "Scale": "3", "Tag": "us-gaap:Assets", "Fact": 672596.0, "Period": "As of 2021-04-04"}, "Labels": {}, "References": {}, "Calculation": {}}, "Fact_21275134": {"Attributes": {"Format": "numdotdecimal", "Sign": "Positive", "Measure": "Unit_USD", "Scale": "3", "Tag": "us-gaap:Assets", "Fact": 104367.0, "Period": "As of 2021-04-04"}, "Labels": {}, "References": {}, "Calculation": {}}, "Fact_21275135": {"Attributes": {"Format": "numdotdecimal", "Sign": "Positive", "Measure": "Unit_USD", "Scale": "3", "Tag": "us-gaap:Assets", "Fact": 1520201.0, "Period": "As of 2021-04-04"}, "Labels": {}, "References": {}, "Calculation": {}}, "Fact_21275136": {"Attributes": {"Format": "numdotdecimal", "Sign": "Positive", "Measure": "Unit_USD", "Scale": "3", "Tag": "us-gaap:Assets", "Fact": 3719717.0, "Period": "As of 2021-04-04"}, "Labels": {}, "References": {}, "Calculation": {}}, "Fact_21275125": {"Attributes": {"Format": "numdotdecimal", "Sign": "Positive", "Measure": "Unit_USD", "Scale": "3", "Tag": "us-gaap:IncomeLossFromContinuingOperationsBeforeIncomeTaxesMinorityInterestAndIncomeLossFromEquityMethodInvestments", "Fact": 153816.0, "Period": "2020-01-01 to 2020-01-01"}, "Labels": {}, "References": {}, "Calculation": {}}, "Fact_21275126": {"Attributes": {"Format": "numdotdecimal", "Sign": "Positive", "Measure": "Unit_USD", "Scale": "3", "Tag": "us-gaap:IncomeLossFromContinuingOperationsBeforeIncomeTaxesMinorityInterestAndIncomeLossFromEquityMethodInvestments", "Fact": 48407.0, "Period": "2020-01-01 to 2020-01-01"}, "Labels": {}, "References": {}, "Calculation": {}}, "Fact_21275127": {"Attributes": {"Format": "numdotdecimal", "Sign": "Negative", "Measure": "Unit_USD", "Scale": "3", "Tag": "us-gaap:IncomeLossFromContinuingOperationsBeforeIncomeTaxesMinorityInterestAndIncomeLossFromEquityMethodInvestments", "Fact": 15335.0, "Period": "2020-01-01 to 2020-01-01"}, "Labels": {}, "References": {}, "Calculation": {}}, "Fact_21275128": {"Attributes": {"Format": "numdotdecimal", "Sign": "Positive", "Measure": "Unit_USD", "Scale": "3", "Tag": "us-gaap:IncomeLossFromContinuingOperationsBeforeIncomeTaxesMinorityInterestAndIncomeLossFromEquityMethodInvestments", "Fact": 10220.0, "Period": "2020-01-01 to 2020-01-01"}, "Labels": {}, "References": {}, "Calculation": {}}, "Fact_21275129": {"Attributes": {"Format": "numdotdecimal", "Sign": "Negative", "Measure": "Unit_USD", "Scale": "3", "Tag": "us-gaap:IncomeLossFromContinuingOperationsBeforeIncomeTaxesMinorityInterestAndIncomeLossFromEquityMethodInvestments", "Fact": 39.0, "Period": "2020-01-01 to 2020-01-01"}, "Labels": {}, "References": {}, "Calculation": {}}, "Fact_21275130": {"Attributes": {"Format": "numdotdecimal", "Sign": "Positive", "Measure": "Unit_USD", "Scale": "3", "Tag": "us-gaap:IncomeLossFromContinuingOperationsBeforeIncomeTaxesMinorityInterestAndIncomeLossFromEquityMethodInvestments", "Fact": 197069.0, "Period": "2020-01-01 to 2020-01-01"}, "Labels": {}, "References": {}, "Calculation": {}}, "Fact_21275137": {"Attributes": {"Format": "numdotdecimal", "Sign": "Positive", "Measure": "Unit_USD", "Scale": "3", "Tag": "us-gaap:Assets", "Fact": 921108.0, "Period": "As of 2020-03-29"}, "Labels": {}, "References": {}, "Calculation": {}}, "Fact_21275138": {"Attributes": {"Format": "numdotdecimal", "Sign": "Positive", "Measure": "Unit_USD", "Scale": "3", "Tag": "us-gaap:Assets", "Fact": 137056.0, "Period": "As of 2020-03-29"}, "Labels": {}, "References": {}, "Calculation": {}}, "Fact_21275139": {"Attributes": {"Format": "numdotdecimal", "Sign": "Positive", "Measure": "Unit_USD", "Scale": "3", "Tag": "us-gaap:Assets", "Fact": 643011.0, "Period": "As of 2020-03-29"}, "Labels": {}, "References": {}, "Calculation": {}}, "Fact_21275140": {"Attributes": {"Format": "numdotdecimal", "Sign": "Positive", "Measure": "Unit_USD", "Scale": "3", "Tag": "us-gaap:Assets", "Fact": 106400.0, "Period": "As of 2020-03-29"}, "Labels": {}, "References": {}, "Calculation": {}}, "Fact_21275141": {"Attributes": {"Format": "numdotdecimal", "Sign": "Positive", "Measure": "Unit_USD", "Scale": "3", "Tag": "us-gaap:Assets", "Fact": 1012813.0, "Period": "As of 2020-03-29"}, "Labels": {}, "References": {}, "Calculation": {}}, "Fact_21275142": {"Attributes": {"Format": "numdotdecimal", "Sign": "Positive", "Measure": "Unit_USD", "Scale": "3", "Tag": "us-gaap:Assets", "Fact": 2820388.0, "Period": "As of 2020-03-29"}, "Labels": {}, "References": {}, "Calculation": {}}}