{"hidden20928546": {"Attributes": {"Tag": "dei:EntityRegistrantName", "Fact": "TEVA PHARMACEUTICAL INDUSTRIES LTD", "Period": "2021-01-01 to 2021-01-01"}, "Labels": {}, "References": {}, "Calculation": {}}, "hidden20928370": {"Attributes": {"Tag": "dei:EntityTaxIdentificationNumber", "Fact": "00-0000000", "Period": "2021-01-01 to 2021-01-01"}, "Labels": {}, "References": {}, "Calculation": {}}, "hidden20928374": {"Attributes": {"Tag": "dei:EntityAddressCountry", "Fact": "IL", "Period": "2021-01-01 to 2021-01-01"}, "Labels": {}, "References": {}, "Calculation": {}}, "Fact_20927579": {"Attributes": {"Sign": "Positive", "Measure": "Unit_USD", "Tag": "us-gaap:StockIssuedDuringPeriodValueNewIssues", "Fact": null, "Period": "2021-01-01 to 2021-01-01"}, "Labels": {}, "References": {}, "Calculation": {}}, "Fact_20927586": {"Attributes": {"Sign": "Positive", "Measure": "Unit_USD", "Tag": "us-gaap:StockIssuedDuringPeriodValueNewIssues", "Fact": null, "Period": "2021-01-01 to 2021-01-01"}, "Labels": {}, "References": {}, "Calculation": {}}, "Fact_20927622": {"Attributes": {"Sign": "Positive", "Measure": "Unit_USD", "Tag": "us-gaap:StockIssuedDuringPeriodValueNewIssues", "Fact": null, "Period": "2020-01-01 to 2020-01-01"}, "Labels": {}, "References": {}, "Calculation": {}}, "Fact_20927624": {"Attributes": {"Sign": "Positive", "Measure": "Unit_USD", "Tag": "us-gaap:StockIssuedDuringPeriodValueNewIssues", "Fact": null, "Period": "2020-01-01 to 2020-01-01"}, "Labels": {}, "References": {}, "Calculation": {}}, "Fact_20927714": {"Attributes": {"Sign": "Positive", "Measure": "Unit_USD", "Tag": "us-gaap:RevenueFromContractWithCustomerExcludingAssessedTax", "Fact": null, "Period": "2021-01-01 to 2021-01-01"}, "Labels": {}, "References": {}, "Calculation": {}}, "Fact_20927718": {"Attributes": {"Sign": "Positive", "Measure": "Unit_USD", "Tag": "us-gaap:RevenueFromContractWithCustomerExcludingAssessedTax", "Fact": null, "Period": "2021-01-01 to 2021-01-01"}, "Labels": {}, "References": {}, "Calculation": {}}, "Fact_20927892": {"Attributes": {"Format": "numdotdecimal", "Sign": "Positive", "Measure": "Unit_USD", "Scale": "6", "Tag": "us-gaap:Goodwill", "Fact": 6473.0, "Period": "As of 2020-12-31"}, "Labels": {}, "References": {}, "Calculation": {}}, "Fact_20927893": {"Attributes": {"Format": "numdotdecimal", "Sign": "Positive", "Measure": "Unit_USD", "Scale": "6", "Tag": "us-gaap:Goodwill", "Fact": 9102.0, "Period": "As of 2020-12-31"}, "Labels": {}, "References": {}, "Calculation": {}}, "Fact_20927894": {"Attributes": {"Format": "numdotdecimal", "Sign": "Positive", "Measure": "Unit_USD", "Scale": "6", "Tag": "us-gaap:Goodwill", "Fact": 2362.0, "Period": "As of 2020-12-31"}, "Labels": {}, "References": {}, "Calculation": {}}, "Fact_20927895": {"Attributes": {"Format": "numdotdecimal", "Sign": "Positive", "Measure": "Unit_USD", "Scale": "6", "Tag": "us-gaap:Goodwill", "Fact": 2687.0, "Period": "As of 2020-12-31"}, "Labels": {}, "References": {}, "Calculation": {}}, "Fact_20927896": {"Attributes": {"Format": "numdotdecimal", "Sign": "Positive", "Measure": "Unit_USD", "Scale": "6", "Tag": "us-gaap:Goodwill", "Fact": 20624.0, "Period": "As of 2020-12-31"}, "Labels": {}, "References": {}, "Calculation": {}}, "Fact_20927897": {"Attributes": {"Format": "numdotdecimal", "Sign": "Positive", "Measure": "Unit_USD", "Scale": "6", "Tag": "us-gaap:Goodwill", "Fact": 6477.0, "Period": "As of 2021-03-31"}, "Labels": {}, "References": {}, "Calculation": {}}, "Fact_20927898": {"Attributes": {"Format": "numdotdecimal", "Sign": "Positive", "Measure": "Unit_USD", "Scale": "6", "Tag": "us-gaap:Goodwill", "Fact": 8790.0, "Period": "As of 2021-03-31"}, "Labels": {}, "References": {}, "Calculation": {}}, "Fact_20927899": {"Attributes": {"Format": "numdotdecimal", "Sign": "Positive", "Measure": "Unit_USD", "Scale": "6", "Tag": "us-gaap:Goodwill", "Fact": 2348.0, "Period": "As of 2021-03-31"}, "Labels": {}, "References": {}, "Calculation": {}}, "Fact_20927900": {"Attributes": {"Format": "numdotdecimal", "Sign": "Positive", "Measure": "Unit_USD", "Scale": "6", "Tag": "us-gaap:Goodwill", "Fact": 2687.0, "Period": "As of 2021-03-31"}, "Labels": {}, "References": {}, "Calculation": {}}, "Fact_20927901": {"Attributes": {"Format": "numdotdecimal", "Sign": "Positive", "Measure": "Unit_USD", "Scale": "6", "Tag": "us-gaap:Goodwill", "Fact": 20302.0, "Period": "As of 2021-03-31"}, "Labels": {}, "References": {}, "Calculation": {}}, "Fact_20928027": {"Attributes": {"Format": "zerodash", "Sign": "Positive", "Measure": "Unit_USD", "Scale": "6", "Tag": "us-gaap:GainLossOnDerivativeInstrumentsNetPretax", "Fact": "\u2014", "Period": "2021-01-01 to 2021-01-01"}, "Labels": {}, "References": {}, "Calculation": {}}, "Fact_20928028": {"Attributes": {"Format": "numdotdecimal", "Sign": "Negative", "Measure": "Unit_USD", "Scale": "6", "Tag": "us-gaap:GainLossOnDerivativeInstrumentsNetPretax", "Fact": 2.0, "Period": "2020-01-01 to 2020-01-01"}, "Labels": {}, "References": {}, "Calculation": {}}, "Fact_20928029": {"Attributes": {"Format": "zerodash", "Sign": "Positive", "Measure": "Unit_USD", "Scale": "6", "Tag": "us-gaap:GainLossOnDerivativeInstrumentsNetPretax", "Fact": "\u2014", "Period": "2021-01-01 to 2021-01-01"}, "Labels": {}, "References": {}, "Calculation": {}}, "Fact_20928030": {"Attributes": {"Format": "numdotdecimal", "Sign": "Negative", "Measure": "Unit_USD", "Scale": "6", "Tag": "us-gaap:GainLossOnDerivativeInstrumentsNetPretax", "Fact": 21.0, "Period": "2020-01-01 to 2020-01-01"}, "Labels": {}, "References": {}, "Calculation": {}}, "Fact_20928035": {"Attributes": {"Format": "numdotdecimal", "Sign": "Negative", "Measure": "Unit_USD", "Scale": "6", "Tag": "us-gaap:GainLossOnDerivativeInstrumentsNetPretax", "Fact": 70.0, "Period": "2021-01-01 to 2021-01-01"}, "Labels": {}, "References": {}, "Calculation": {}}, "Fact_20928036": {"Attributes": {"Format": "numdotdecimal", "Sign": "Positive", "Measure": "Unit_USD", "Scale": "6", "Tag": "us-gaap:GainLossOnDerivativeInstrumentsNetPretax", "Fact": 24.0, "Period": "2020-01-01 to 2020-01-01"}, "Labels": {}, "References": {}, "Calculation": {}}, "Fact_20928037": {"Attributes": {"Sign": "Positive", "Measure": "Unit_USD", "Tag": "us-gaap:GainLossOnDerivativeInstrumentsNetPretax", "Fact": null, "Period": "2021-01-01 to 2021-01-01"}, "Labels": {}, "References": {}, "Calculation": {}}, "Fact_20928038": {"Attributes": {"Sign": "Positive", "Measure": "Unit_USD", "Tag": "us-gaap:GainLossOnDerivativeInstrumentsNetPretax", "Fact": null, "Period": "2021-01-01 to 2021-01-01"}, "Labels": {}, "References": {}, "Calculation": {}}, "Fact_20928039": {"Attributes": {"Format": "numdotdecimal", "Sign": "Negative", "Measure": "Unit_USD", "Scale": "6", "Tag": "us-gaap:GainLossOnDerivativeInstrumentsNetPretax", "Fact": 28.0, "Period": "2021-01-01 to 2021-01-01"}, "Labels": {}, "References": {}, "Calculation": {}}, "Fact_20928040": {"Attributes": {"Format": "numdotdecimal", "Sign": "Negative", "Measure": "Unit_USD", "Scale": "6", "Tag": "us-gaap:GainLossOnDerivativeInstrumentsNetPretax", "Fact": 60.0, "Period": "2020-01-01 to 2020-01-01"}, "Labels": {}, "References": {}, "Calculation": {}}, "Fact_20928091": {"Attributes": {"Format": "numdotdecimal", "Sign": "Positive", "Measure": "Unit_USD", "Scale": "6", "Tag": "us-gaap:ImpairmentOfLongLivedAssetsHeldForUse", "Fact": 48.0, "Period": "2021-01-01 to 2021-01-01"}, "Labels": {}, "References": {}, "Calculation": {}}, "Fact_20928092": {"Attributes": {"Format": "numdotdecimal", "Sign": "Positive", "Measure": "Unit_USD", "Scale": "6", "Tag": "us-gaap:ImpairmentOfLongLivedAssetsHeldForUse", "Fact": 75.0, "Period": "2020-01-01 to 2020-01-01"}, "Labels": {}, "References": {}, "Calculation": {}}, "Fact_20928119": {"Attributes": {"Format": "numdotdecimal", "Sign": "Positive", "Measure": "Unit_USD", "Scale": "6", "Tag": "teva:UtilizationAndOther", "Fact": 33.0, "Period": "2021-01-01 to 2021-01-01"}, "Labels": {}, "References": {}, "Calculation": {}}, "Fact_20928120": {"Attributes": {"Format": "numdotdecimal", "Sign": "Positive", "Measure": "Unit_USD", "Scale": "6", "Tag": "teva:UtilizationAndOther", "Fact": 2.0, "Period": "2021-01-01 to 2021-01-01"}, "Labels": {}, "References": {}, "Calculation": {}}, "Fact_20928121": {"Attributes": {"Format": "numdotdecimal", "Sign": "Positive", "Measure": "Unit_USD", "Scale": "6", "Tag": "teva:UtilizationAndOther", "Fact": 35.0, "Period": "2021-01-01 to 2021-01-01"}, "Labels": {}, "References": {}, "Calculation": {}}, "Fact_20928732": {"Attributes": {"Format": "numdotdecimal", "Sign": "Positive", "Measure": "Unit_USD", "Scale": "6", "Tag": "teva:UtilizationAndOther", "Fact": 69.0, "Period": "2020-01-01 to 2020-01-01"}, "Labels": {}, "References": {}, "Calculation": {}}, "Fact_20928733": {"Attributes": {"Format": "numdotdecimal", "Sign": "Positive", "Measure": "Unit_USD", "Scale": "6", "Tag": "teva:UtilizationAndOther", "Fact": 6.0, "Period": "2020-01-01 to 2020-01-01"}, "Labels": {}, "References": {}, "Calculation": {}}, "Fact_20928734": {"Attributes": {"Format": "numdotdecimal", "Sign": "Positive", "Measure": "Unit_USD", "Scale": "6", "Tag": "teva:UtilizationAndOther", "Fact": 75.0, "Period": "2020-01-01 to 2020-01-01"}, "Labels": {}, "References": {}, "Calculation": {}}, "Fact_20928143": {"Attributes": {"Format": "numdotdecimal", "Sign": "Negative", "Measure": "Unit_USD", "Scale": "6", "Tag": "us-gaap:OtherComprehensiveIncomeLossNetOfTaxPortionAttributableToParent", "Fact": 141.0, "Period": "2021-01-01 to 2021-01-01"}, "Labels": {}, "References": {}, "Calculation": {}}, "Fact_20928144": {"Attributes": {"Format": "numdotdecimal", "Sign": "Positive", "Measure": "Unit_USD", "Scale": "6", "Tag": "us-gaap:OtherComprehensiveIncomeLossNetOfTaxPortionAttributableToParent", "Fact": 7.0, "Period": "2021-01-01 to 2021-01-01"}, "Labels": {}, "References": {}, "Calculation": {}}, "Fact_20928146": {"Attributes": {"Format": "numdotdecimal", "Sign": "Negative", "Measure": "Unit_USD", "Scale": "6", "Tag": "us-gaap:OtherComprehensiveIncomeLossNetOfTaxPortionAttributableToParent", "Fact": 134.0, "Period": "2021-01-01 to 2021-01-01"}, "Labels": {}, "References": {}, "Calculation": {}}, "Fact_20928162": {"Attributes": {"Format": "numdotdecimal", "Sign": "Negative", "Measure": "Unit_USD", "Scale": "6", "Tag": "us-gaap:OtherComprehensiveIncomeLossNetOfTaxPortionAttributableToParent", "Fact": 570.0, "Period": "2020-01-01 to 2020-01-01"}, "Labels": {}, "References": {}, "Calculation": {}}, "Fact_20928163": {"Attributes": {"Format": "numdotdecimal", "Sign": "Positive", "Measure": "Unit_USD", "Scale": "6", "Tag": "us-gaap:OtherComprehensiveIncomeLossNetOfTaxPortionAttributableToParent", "Fact": 30.0, "Period": "2020-01-01 to 2020-01-01"}, "Labels": {}, "References": {}, "Calculation": {}}, "Fact_20928165": {"Attributes": {"Format": "numdotdecimal", "Sign": "Negative", "Measure": "Unit_USD", "Scale": "6", "Tag": "us-gaap:OtherComprehensiveIncomeLossNetOfTaxPortionAttributableToParent", "Fact": 540.0, "Period": "2020-01-01 to 2020-01-01"}, "Labels": {}, "References": {}, "Calculation": {}}, "Fact_20928255": {"Attributes": {"Format": "numdotdecimal", "Sign": "Positive", "Measure": "Unit_USD", "Scale": "6", "Tag": "us-gaap:RevenueFromContractWithCustomerExcludingAssessedTax", "Fact": 54.0, "Period": "2021-01-01 to 2021-01-01"}, "Labels": {}, "References": {}, "Calculation": {}}, "Fact_20928256": {"Attributes": {"Format": "numdotdecimal", "Sign": "Positive", "Measure": "Unit_USD", "Scale": "6", "Tag": "us-gaap:RevenueFromContractWithCustomerExcludingAssessedTax", "Fact": 59.0, "Period": "2020-01-01 to 2020-01-01"}, "Labels": {}, "References": {}, "Calculation": {}}, "Fact_20928293": {"Attributes": {"Format": "numdotdecimal", "Sign": "Positive", "Measure": "Unit_USD", "Scale": "6", "Tag": "us-gaap:InvestmentsFairValueDisclosure", "Fact": 182.0, "Period": "As of 2021-03-31"}, "Labels": {}, "References": {}, "Calculation": {}}, "Fact_20928296": {"Attributes": {"Format": "numdotdecimal", "Sign": "Positive", "Measure": "Unit_USD", "Scale": "6", "Tag": "us-gaap:InvestmentsFairValueDisclosure", "Fact": 182.0, "Period": "As of 2021-03-31"}, "Labels": {}, "References": {}, "Calculation": {}}, "Fact_20928311": {"Attributes": {"Format": "numdotdecimal", "Sign": "Positive", "Measure": "Unit_USD", "Scale": "6", "Tag": "us-gaap:BusinessCombinationContingentConsiderationLiability", "Fact": 246.0, "Period": "As of 2021-03-31"}, "Labels": {}, "References": {}, "Calculation": {}}, "Fact_20928312": {"Attributes": {"Format": "numdotdecimal", "Sign": "Positive", "Measure": "Unit_USD", "Scale": "6", "Tag": "us-gaap:BusinessCombinationContingentConsiderationLiability", "Fact": 246.0, "Period": "As of 2021-03-31"}, "Labels": {}, "References": {}, "Calculation": {}}, "Fact_20928330": {"Attributes": {"Format": "numdotdecimal", "Sign": "Positive", "Measure": "Unit_USD", "Scale": "6", "Tag": "us-gaap:BusinessCombinationContingentConsiderationLiability", "Fact": 268.0, "Period": "As of 2020-12-31"}, "Labels": {}, "References": {}, "Calculation": {}}, "Fact_20928331": {"Attributes": {"Format": "numdotdecimal", "Sign": "Positive", "Measure": "Unit_USD", "Scale": "6", "Tag": "us-gaap:BusinessCombinationContingentConsiderationLiability", "Fact": 268.0, "Period": "As of 2020-12-31"}, "Labels": {}, "References": {}, "Calculation": {}}}