<?xml version="1.0" encoding="UTF-8" ?><root><hidden20928546 type="dict"><Attributes type="dict"><Tag type="str">dei:EntityRegistrantName</Tag><Fact type="list"><item type="str">T</item><item type="str">E</item><item type="str">V</item><item type="str">A</item><item type="str"> </item><item type="str">P</item><item type="str">H</item><item type="str">A</item><item type="str">R</item><item type="str">M</item><item type="str">A</item><item type="str">C</item><item type="str">E</item><item type="str">U</item><item type="str">T</item><item type="str">I</item><item type="str">C</item><item type="str">A</item><item type="str">L</item><item type="str"> </item><item type="str">I</item><item type="str">N</item><item type="str">D</item><item type="str">U</item><item type="str">S</item><item type="str">T</item><item type="str">R</item><item type="str">I</item><item type="str">E</item><item type="str">S</item><item type="str"> </item><item type="str">L</item><item type="str">T</item><item type="str">D</item></Fact><Period type="str">2021-01-01 to 2021-01-01</Period></Attributes><Labels type="dict"></Labels><References type="dict"></References><Calculation type="dict"></Calculation></hidden20928546><hidden20928370 type="dict"><Attributes type="dict"><Tag type="str">dei:EntityTaxIdentificationNumber</Tag><Fact type="list"><item type="str">0</item><item type="str">0</item><item type="str">-</item><item type="str">0</item><item type="str">0</item><item type="str">0</item><item type="str">0</item><item type="str">0</item><item type="str">0</item><item type="str">0</item></Fact><Period type="str">2021-01-01 to 2021-01-01</Period></Attributes><Labels type="dict"></Labels><References type="dict"></References><Calculation type="dict"></Calculation></hidden20928370><hidden20928374 type="dict"><Attributes type="dict"><Tag type="str">dei:EntityAddressCountry</Tag><Fact type="list"><item type="str">I</item><item type="str">L</item></Fact><Period type="str">2021-01-01 to 2021-01-01</Period></Attributes><Labels type="dict"></Labels><References type="dict"></References><Calculation type="dict"></Calculation></hidden20928374><Fact_20927579 type="dict"><Attributes type="dict"><Sign type="str">Positive</Sign><Measure type="str">Unit_USD</Measure><Tag type="str">us-gaap:StockIssuedDuringPeriodValueNewIssues</Tag><Fact type="null"></Fact><Period type="str">2021-01-01 to 2021-01-01</Period></Attributes><Labels type="dict"></Labels><References type="dict"></References><Calculation type="dict"></Calculation></Fact_20927579><Fact_20927586 type="dict"><Attributes type="dict"><Sign type="str">Positive</Sign><Measure type="str">Unit_USD</Measure><Tag type="str">us-gaap:StockIssuedDuringPeriodValueNewIssues</Tag><Fact type="null"></Fact><Period type="str">2021-01-01 to 2021-01-01</Period></Attributes><Labels type="dict"></Labels><References type="dict"></References><Calculation type="dict"></Calculation></Fact_20927586><Fact_20927622 type="dict"><Attributes type="dict"><Sign type="str">Positive</Sign><Measure type="str">Unit_USD</Measure><Tag type="str">us-gaap:StockIssuedDuringPeriodValueNewIssues</Tag><Fact type="null"></Fact><Period type="str">2020-01-01 to 2020-01-01</Period></Attributes><Labels type="dict"></Labels><References type="dict"></References><Calculation type="dict"></Calculation></Fact_20927622><Fact_20927624 type="dict"><Attributes type="dict"><Sign type="str">Positive</Sign><Measure type="str">Unit_USD</Measure><Tag type="str">us-gaap:StockIssuedDuringPeriodValueNewIssues</Tag><Fact type="null"></Fact><Period type="str">2020-01-01 to 2020-01-01</Period></Attributes><Labels type="dict"></Labels><References type="dict"></References><Calculation type="dict"></Calculation></Fact_20927624><Fact_20927714 type="dict"><Attributes type="dict"><Sign type="str">Positive</Sign><Measure type="str">Unit_USD</Measure><Tag type="str">us-gaap:RevenueFromContractWithCustomerExcludingAssessedTax</Tag><Fact type="null"></Fact><Period type="str">2021-01-01 to 2021-01-01</Period></Attributes><Labels type="dict"></Labels><References type="dict"></References><Calculation type="dict"></Calculation></Fact_20927714><Fact_20927718 type="dict"><Attributes type="dict"><Sign type="str">Positive</Sign><Measure type="str">Unit_USD</Measure><Tag type="str">us-gaap:RevenueFromContractWithCustomerExcludingAssessedTax</Tag><Fact type="null"></Fact><Period type="str">2021-01-01 to 2021-01-01</Period></Attributes><Labels type="dict"></Labels><References type="dict"></References><Calculation type="dict"></Calculation></Fact_20927718><Fact_20927892 type="dict"><Attributes type="dict"><Format type="str">numdotdecimal</Format><Sign type="str">Positive</Sign><Measure type="str">Unit_USD</Measure><Scale type="str">6</Scale><Tag type="str">us-gaap:Goodwill</Tag><Fact type="float">6473.0</Fact><Period type="str">As of 2020-12-31</Period></Attributes><Labels type="dict"></Labels><References type="dict"></References><Calculation type="dict"></Calculation></Fact_20927892><Fact_20927893 type="dict"><Attributes type="dict"><Format type="str">numdotdecimal</Format><Sign type="str">Positive</Sign><Measure type="str">Unit_USD</Measure><Scale type="str">6</Scale><Tag type="str">us-gaap:Goodwill</Tag><Fact type="float">9102.0</Fact><Period type="str">As of 2020-12-31</Period></Attributes><Labels type="dict"></Labels><References type="dict"></References><Calculation type="dict"></Calculation></Fact_20927893><Fact_20927894 type="dict"><Attributes type="dict"><Format type="str">numdotdecimal</Format><Sign type="str">Positive</Sign><Measure type="str">Unit_USD</Measure><Scale type="str">6</Scale><Tag type="str">us-gaap:Goodwill</Tag><Fact type="float">2362.0</Fact><Period type="str">As of 2020-12-31</Period></Attributes><Labels type="dict"></Labels><References type="dict"></References><Calculation type="dict"></Calculation></Fact_20927894><Fact_20927895 type="dict"><Attributes type="dict"><Format type="str">numdotdecimal</Format><Sign type="str">Positive</Sign><Measure type="str">Unit_USD</Measure><Scale type="str">6</Scale><Tag type="str">us-gaap:Goodwill</Tag><Fact type="float">2687.0</Fact><Period type="str">As of 2020-12-31</Period></Attributes><Labels type="dict"></Labels><References type="dict"></References><Calculation type="dict"></Calculation></Fact_20927895><Fact_20927896 type="dict"><Attributes type="dict"><Format type="str">numdotdecimal</Format><Sign type="str">Positive</Sign><Measure type="str">Unit_USD</Measure><Scale type="str">6</Scale><Tag type="str">us-gaap:Goodwill</Tag><Fact type="float">20624.0</Fact><Period type="str">As of 2020-12-31</Period></Attributes><Labels type="dict"></Labels><References type="dict"></References><Calculation type="dict"></Calculation></Fact_20927896><Fact_20927897 type="dict"><Attributes type="dict"><Format type="str">numdotdecimal</Format><Sign type="str">Positive</Sign><Measure type="str">Unit_USD</Measure><Scale type="str">6</Scale><Tag type="str">us-gaap:Goodwill</Tag><Fact type="float">6477.0</Fact><Period type="str">As of 2021-03-31</Period></Attributes><Labels type="dict"></Labels><References type="dict"></References><Calculation type="dict"></Calculation></Fact_20927897><Fact_20927898 type="dict"><Attributes type="dict"><Format type="str">numdotdecimal</Format><Sign type="str">Positive</Sign><Measure type="str">Unit_USD</Measure><Scale type="str">6</Scale><Tag type="str">us-gaap:Goodwill</Tag><Fact type="float">8790.0</Fact><Period type="str">As of 2021-03-31</Period></Attributes><Labels type="dict"></Labels><References type="dict"></References><Calculation type="dict"></Calculation></Fact_20927898><Fact_20927899 type="dict"><Attributes type="dict"><Format type="str">numdotdecimal</Format><Sign type="str">Positive</Sign><Measure type="str">Unit_USD</Measure><Scale type="str">6</Scale><Tag type="str">us-gaap:Goodwill</Tag><Fact type="float">2348.0</Fact><Period type="str">As of 2021-03-31</Period></Attributes><Labels type="dict"></Labels><References type="dict"></References><Calculation type="dict"></Calculation></Fact_20927899><Fact_20927900 type="dict"><Attributes type="dict"><Format type="str">numdotdecimal</Format><Sign type="str">Positive</Sign><Measure type="str">Unit_USD</Measure><Scale type="str">6</Scale><Tag type="str">us-gaap:Goodwill</Tag><Fact type="float">2687.0</Fact><Period type="str">As of 2021-03-31</Period></Attributes><Labels type="dict"></Labels><References type="dict"></References><Calculation type="dict"></Calculation></Fact_20927900><Fact_20927901 type="dict"><Attributes type="dict"><Format type="str">numdotdecimal</Format><Sign type="str">Positive</Sign><Measure type="str">Unit_USD</Measure><Scale type="str">6</Scale><Tag type="str">us-gaap:Goodwill</Tag><Fact type="float">20302.0</Fact><Period type="str">As of 2021-03-31</Period></Attributes><Labels type="dict"></Labels><References type="dict"></References><Calculation type="dict"></Calculation></Fact_20927901><Fact_20928027 type="dict"><Attributes type="dict"><Format type="str">zerodash</Format><Sign type="str">Positive</Sign><Measure type="str">Unit_USD</Measure><Scale type="str">6</Scale><Tag type="str">us-gaap:GainLossOnDerivativeInstrumentsNetPretax</Tag><Fact type="list"><item type="str">—</item></Fact><Period type="str">2021-01-01 to 2021-01-01</Period></Attributes><Labels type="dict"></Labels><References type="dict"></References><Calculation type="dict"></Calculation></Fact_20928027><Fact_20928028 type="dict"><Attributes type="dict"><Format type="str">numdotdecimal</Format><Sign type="str">Negative</Sign><Measure type="str">Unit_USD</Measure><Scale type="str">6</Scale><Tag type="str">us-gaap:GainLossOnDerivativeInstrumentsNetPretax</Tag><Fact type="float">2.0</Fact><Period type="str">2020-01-01 to 2020-01-01</Period></Attributes><Labels type="dict"></Labels><References type="dict"></References><Calculation type="dict"></Calculation></Fact_20928028><Fact_20928029 type="dict"><Attributes type="dict"><Format type="str">zerodash</Format><Sign type="str">Positive</Sign><Measure type="str">Unit_USD</Measure><Scale type="str">6</Scale><Tag type="str">us-gaap:GainLossOnDerivativeInstrumentsNetPretax</Tag><Fact type="list"><item type="str">—</item></Fact><Period type="str">2021-01-01 to 2021-01-01</Period></Attributes><Labels type="dict"></Labels><References type="dict"></References><Calculation type="dict"></Calculation></Fact_20928029><Fact_20928030 type="dict"><Attributes type="dict"><Format type="str">numdotdecimal</Format><Sign type="str">Negative</Sign><Measure type="str">Unit_USD</Measure><Scale type="str">6</Scale><Tag type="str">us-gaap:GainLossOnDerivativeInstrumentsNetPretax</Tag><Fact type="float">21.0</Fact><Period type="str">2020-01-01 to 2020-01-01</Period></Attributes><Labels type="dict"></Labels><References type="dict"></References><Calculation type="dict"></Calculation></Fact_20928030><Fact_20928035 type="dict"><Attributes type="dict"><Format type="str">numdotdecimal</Format><Sign type="str">Negative</Sign><Measure type="str">Unit_USD</Measure><Scale type="str">6</Scale><Tag type="str">us-gaap:GainLossOnDerivativeInstrumentsNetPretax</Tag><Fact type="float">70.0</Fact><Period type="str">2021-01-01 to 2021-01-01</Period></Attributes><Labels type="dict"></Labels><References type="dict"></References><Calculation type="dict"></Calculation></Fact_20928035><Fact_20928036 type="dict"><Attributes type="dict"><Format type="str">numdotdecimal</Format><Sign type="str">Positive</Sign><Measure type="str">Unit_USD</Measure><Scale type="str">6</Scale><Tag type="str">us-gaap:GainLossOnDerivativeInstrumentsNetPretax</Tag><Fact type="float">24.0</Fact><Period type="str">2020-01-01 to 2020-01-01</Period></Attributes><Labels type="dict"></Labels><References type="dict"></References><Calculation type="dict"></Calculation></Fact_20928036><Fact_20928037 type="dict"><Attributes type="dict"><Sign type="str">Positive</Sign><Measure type="str">Unit_USD</Measure><Tag type="str">us-gaap:GainLossOnDerivativeInstrumentsNetPretax</Tag><Fact type="null"></Fact><Period type="str">2021-01-01 to 2021-01-01</Period></Attributes><Labels type="dict"></Labels><References type="dict"></References><Calculation type="dict"></Calculation></Fact_20928037><Fact_20928038 type="dict"><Attributes type="dict"><Sign type="str">Positive</Sign><Measure type="str">Unit_USD</Measure><Tag type="str">us-gaap:GainLossOnDerivativeInstrumentsNetPretax</Tag><Fact type="null"></Fact><Period type="str">2021-01-01 to 2021-01-01</Period></Attributes><Labels type="dict"></Labels><References type="dict"></References><Calculation type="dict"></Calculation></Fact_20928038><Fact_20928039 type="dict"><Attributes type="dict"><Format type="str">numdotdecimal</Format><Sign type="str">Negative</Sign><Measure type="str">Unit_USD</Measure><Scale type="str">6</Scale><Tag type="str">us-gaap:GainLossOnDerivativeInstrumentsNetPretax</Tag><Fact type="float">28.0</Fact><Period type="str">2021-01-01 to 2021-01-01</Period></Attributes><Labels type="dict"></Labels><References type="dict"></References><Calculation type="dict"></Calculation></Fact_20928039><Fact_20928040 type="dict"><Attributes type="dict"><Format type="str">numdotdecimal</Format><Sign type="str">Negative</Sign><Measure type="str">Unit_USD</Measure><Scale type="str">6</Scale><Tag type="str">us-gaap:GainLossOnDerivativeInstrumentsNetPretax</Tag><Fact type="float">60.0</Fact><Period type="str">2020-01-01 to 2020-01-01</Period></Attributes><Labels type="dict"></Labels><References type="dict"></References><Calculation type="dict"></Calculation></Fact_20928040><Fact_20928091 type="dict"><Attributes type="dict"><Format type="str">numdotdecimal</Format><Sign type="str">Positive</Sign><Measure type="str">Unit_USD</Measure><Scale type="str">6</Scale><Tag type="str">us-gaap:ImpairmentOfLongLivedAssetsHeldForUse</Tag><Fact type="float">48.0</Fact><Period type="str">2021-01-01 to 2021-01-01</Period></Attributes><Labels type="dict"></Labels><References type="dict"></References><Calculation type="dict"></Calculation></Fact_20928091><Fact_20928092 type="dict"><Attributes type="dict"><Format type="str">numdotdecimal</Format><Sign type="str">Positive</Sign><Measure type="str">Unit_USD</Measure><Scale type="str">6</Scale><Tag type="str">us-gaap:ImpairmentOfLongLivedAssetsHeldForUse</Tag><Fact type="float">75.0</Fact><Period type="str">2020-01-01 to 2020-01-01</Period></Attributes><Labels type="dict"></Labels><References type="dict"></References><Calculation type="dict"></Calculation></Fact_20928092><Fact_20928119 type="dict"><Attributes type="dict"><Format type="str">numdotdecimal</Format><Sign type="str">Positive</Sign><Measure type="str">Unit_USD</Measure><Scale type="str">6</Scale><Tag type="str">teva:UtilizationAndOther</Tag><Fact type="float">33.0</Fact><Period type="str">2021-01-01 to 2021-01-01</Period></Attributes><Labels type="dict"></Labels><References type="dict"></References><Calculation type="dict"></Calculation></Fact_20928119><Fact_20928120 type="dict"><Attributes type="dict"><Format type="str">numdotdecimal</Format><Sign type="str">Positive</Sign><Measure type="str">Unit_USD</Measure><Scale type="str">6</Scale><Tag type="str">teva:UtilizationAndOther</Tag><Fact type="float">2.0</Fact><Period type="str">2021-01-01 to 2021-01-01</Period></Attributes><Labels type="dict"></Labels><References type="dict"></References><Calculation type="dict"></Calculation></Fact_20928120><Fact_20928121 type="dict"><Attributes type="dict"><Format type="str">numdotdecimal</Format><Sign type="str">Positive</Sign><Measure type="str">Unit_USD</Measure><Scale type="str">6</Scale><Tag type="str">teva:UtilizationAndOther</Tag><Fact type="float">35.0</Fact><Period type="str">2021-01-01 to 2021-01-01</Period></Attributes><Labels type="dict"></Labels><References type="dict"></References><Calculation type="dict"></Calculation></Fact_20928121><Fact_20928732 type="dict"><Attributes type="dict"><Format type="str">numdotdecimal</Format><Sign type="str">Positive</Sign><Measure type="str">Unit_USD</Measure><Scale type="str">6</Scale><Tag type="str">teva:UtilizationAndOther</Tag><Fact type="float">69.0</Fact><Period type="str">2020-01-01 to 2020-01-01</Period></Attributes><Labels type="dict"></Labels><References type="dict"></References><Calculation type="dict"></Calculation></Fact_20928732><Fact_20928733 type="dict"><Attributes type="dict"><Format type="str">numdotdecimal</Format><Sign type="str">Positive</Sign><Measure type="str">Unit_USD</Measure><Scale type="str">6</Scale><Tag type="str">teva:UtilizationAndOther</Tag><Fact type="float">6.0</Fact><Period type="str">2020-01-01 to 2020-01-01</Period></Attributes><Labels type="dict"></Labels><References type="dict"></References><Calculation type="dict"></Calculation></Fact_20928733><Fact_20928734 type="dict"><Attributes type="dict"><Format type="str">numdotdecimal</Format><Sign type="str">Positive</Sign><Measure type="str">Unit_USD</Measure><Scale type="str">6</Scale><Tag type="str">teva:UtilizationAndOther</Tag><Fact type="float">75.0</Fact><Period type="str">2020-01-01 to 2020-01-01</Period></Attributes><Labels type="dict"></Labels><References type="dict"></References><Calculation type="dict"></Calculation></Fact_20928734><Fact_20928143 type="dict"><Attributes type="dict"><Format type="str">numdotdecimal</Format><Sign type="str">Negative</Sign><Measure type="str">Unit_USD</Measure><Scale type="str">6</Scale><Tag type="str">us-gaap:OtherComprehensiveIncomeLossNetOfTaxPortionAttributableToParent</Tag><Fact type="float">141.0</Fact><Period type="str">2021-01-01 to 2021-01-01</Period></Attributes><Labels type="dict"></Labels><References type="dict"></References><Calculation type="dict"></Calculation></Fact_20928143><Fact_20928144 type="dict"><Attributes type="dict"><Format type="str">numdotdecimal</Format><Sign type="str">Positive</Sign><Measure type="str">Unit_USD</Measure><Scale type="str">6</Scale><Tag type="str">us-gaap:OtherComprehensiveIncomeLossNetOfTaxPortionAttributableToParent</Tag><Fact type="float">7.0</Fact><Period type="str">2021-01-01 to 2021-01-01</Period></Attributes><Labels type="dict"></Labels><References type="dict"></References><Calculation type="dict"></Calculation></Fact_20928144><Fact_20928146 type="dict"><Attributes type="dict"><Format type="str">numdotdecimal</Format><Sign type="str">Negative</Sign><Measure type="str">Unit_USD</Measure><Scale type="str">6</Scale><Tag type="str">us-gaap:OtherComprehensiveIncomeLossNetOfTaxPortionAttributableToParent</Tag><Fact type="float">134.0</Fact><Period type="str">2021-01-01 to 2021-01-01</Period></Attributes><Labels type="dict"></Labels><References type="dict"></References><Calculation type="dict"></Calculation></Fact_20928146><Fact_20928162 type="dict"><Attributes type="dict"><Format type="str">numdotdecimal</Format><Sign type="str">Negative</Sign><Measure type="str">Unit_USD</Measure><Scale type="str">6</Scale><Tag type="str">us-gaap:OtherComprehensiveIncomeLossNetOfTaxPortionAttributableToParent</Tag><Fact type="float">570.0</Fact><Period type="str">2020-01-01 to 2020-01-01</Period></Attributes><Labels type="dict"></Labels><References type="dict"></References><Calculation type="dict"></Calculation></Fact_20928162><Fact_20928163 type="dict"><Attributes type="dict"><Format type="str">numdotdecimal</Format><Sign type="str">Positive</Sign><Measure type="str">Unit_USD</Measure><Scale type="str">6</Scale><Tag type="str">us-gaap:OtherComprehensiveIncomeLossNetOfTaxPortionAttributableToParent</Tag><Fact type="float">30.0</Fact><Period type="str">2020-01-01 to 2020-01-01</Period></Attributes><Labels type="dict"></Labels><References type="dict"></References><Calculation type="dict"></Calculation></Fact_20928163><Fact_20928165 type="dict"><Attributes type="dict"><Format type="str">numdotdecimal</Format><Sign type="str">Negative</Sign><Measure type="str">Unit_USD</Measure><Scale type="str">6</Scale><Tag type="str">us-gaap:OtherComprehensiveIncomeLossNetOfTaxPortionAttributableToParent</Tag><Fact type="float">540.0</Fact><Period type="str">2020-01-01 to 2020-01-01</Period></Attributes><Labels type="dict"></Labels><References type="dict"></References><Calculation type="dict"></Calculation></Fact_20928165><Fact_20928255 type="dict"><Attributes type="dict"><Format type="str">numdotdecimal</Format><Sign type="str">Positive</Sign><Measure type="str">Unit_USD</Measure><Scale type="str">6</Scale><Tag type="str">us-gaap:RevenueFromContractWithCustomerExcludingAssessedTax</Tag><Fact type="float">54.0</Fact><Period type="str">2021-01-01 to 2021-01-01</Period></Attributes><Labels type="dict"></Labels><References type="dict"></References><Calculation type="dict"></Calculation></Fact_20928255><Fact_20928256 type="dict"><Attributes type="dict"><Format type="str">numdotdecimal</Format><Sign type="str">Positive</Sign><Measure type="str">Unit_USD</Measure><Scale type="str">6</Scale><Tag type="str">us-gaap:RevenueFromContractWithCustomerExcludingAssessedTax</Tag><Fact type="float">59.0</Fact><Period type="str">2020-01-01 to 2020-01-01</Period></Attributes><Labels type="dict"></Labels><References type="dict"></References><Calculation type="dict"></Calculation></Fact_20928256><Fact_20928293 type="dict"><Attributes type="dict"><Format type="str">numdotdecimal</Format><Sign type="str">Positive</Sign><Measure type="str">Unit_USD</Measure><Scale type="str">6</Scale><Tag type="str">us-gaap:InvestmentsFairValueDisclosure</Tag><Fact type="float">182.0</Fact><Period type="str">As of 2021-03-31</Period></Attributes><Labels type="dict"></Labels><References type="dict"></References><Calculation type="dict"></Calculation></Fact_20928293><Fact_20928296 type="dict"><Attributes type="dict"><Format type="str">numdotdecimal</Format><Sign type="str">Positive</Sign><Measure type="str">Unit_USD</Measure><Scale type="str">6</Scale><Tag type="str">us-gaap:InvestmentsFairValueDisclosure</Tag><Fact type="float">182.0</Fact><Period type="str">As of 2021-03-31</Period></Attributes><Labels type="dict"></Labels><References type="dict"></References><Calculation type="dict"></Calculation></Fact_20928296><Fact_20928311 type="dict"><Attributes type="dict"><Format type="str">numdotdecimal</Format><Sign type="str">Positive</Sign><Measure type="str">Unit_USD</Measure><Scale type="str">6</Scale><Tag type="str">us-gaap:BusinessCombinationContingentConsiderationLiability</Tag><Fact type="float">246.0</Fact><Period type="str">As of 2021-03-31</Period></Attributes><Labels type="dict"></Labels><References type="dict"></References><Calculation type="dict"></Calculation></Fact_20928311><Fact_20928312 type="dict"><Attributes type="dict"><Format type="str">numdotdecimal</Format><Sign type="str">Positive</Sign><Measure type="str">Unit_USD</Measure><Scale type="str">6</Scale><Tag type="str">us-gaap:BusinessCombinationContingentConsiderationLiability</Tag><Fact type="float">246.0</Fact><Period type="str">As of 2021-03-31</Period></Attributes><Labels type="dict"></Labels><References type="dict"></References><Calculation type="dict"></Calculation></Fact_20928312><Fact_20928330 type="dict"><Attributes type="dict"><Format type="str">numdotdecimal</Format><Sign type="str">Positive</Sign><Measure type="str">Unit_USD</Measure><Scale type="str">6</Scale><Tag type="str">us-gaap:BusinessCombinationContingentConsiderationLiability</Tag><Fact type="float">268.0</Fact><Period type="str">As of 2020-12-31</Period></Attributes><Labels type="dict"></Labels><References type="dict"></References><Calculation type="dict"></Calculation></Fact_20928330><Fact_20928331 type="dict"><Attributes type="dict"><Format type="str">numdotdecimal</Format><Sign type="str">Positive</Sign><Measure type="str">Unit_USD</Measure><Scale type="str">6</Scale><Tag type="str">us-gaap:BusinessCombinationContingentConsiderationLiability</Tag><Fact type="float">268.0</Fact><Period type="str">As of 2020-12-31</Period></Attributes><Labels type="dict"></Labels><References type="dict"></References><Calculation type="dict"></Calculation></Fact_20928331></root>