<?xml version="1.0" encoding="UTF-8" ?><root><hidden17599366 type="dict"><Attributes type="dict"><Tag type="str">trex:AveragePeriodForPeMaterialPurchasesUnderShortTermSupplyContractsForWhichPricingIsNegotiatedAsNeeded</Tag><Fact type="list"><item type="str">P</item><item type="str">1</item><item type="str">Y</item></Fact><Period type="str">2020-01-01 to 2020-01-01</Period></Attributes><Labels type="dict"></Labels><References type="dict"></References><Calculation type="dict"></Calculation></hidden17599366><hidden17599384 type="dict"><Attributes type="dict"><Tag type="str">trex:WarrantyPeriod</Tag><Fact type="list"><item type="str">P</item><item type="str">1</item><item type="str">Y</item></Fact><Period type="str">2020-01-01 to 2020-01-01</Period></Attributes><Labels type="dict"></Labels><References type="dict"></References><Calculation type="dict"></Calculation></hidden17599384><hidden18303081 type="dict"><Attributes type="dict"><Tag type="str">us-gaap:OpenTaxYear</Tag><Fact type="list"><item type="str">2</item><item type="str">0</item><item type="str">1</item><item type="str">6</item><item type="str"> </item><item type="str">2</item><item type="str">0</item><item type="str">1</item><item type="str">7</item><item type="str"> </item><item type="str">2</item><item type="str">0</item><item type="str">1</item><item type="str">8</item></Fact><Period type="str">2020-01-01 to 2020-01-01</Period></Attributes><Labels type="dict"></Labels><References type="dict"></References><Calculation type="dict"></Calculation></hidden18303081><hidden17549110 type="dict"><Attributes type="dict"><Tag type="str">trex:WarrantyPeriod</Tag><Fact type="list"><item type="str">P</item><item type="str">1</item><item type="str">Y</item></Fact><Period type="str">2020-01-01 to 2020-01-01</Period></Attributes><Labels type="dict"></Labels><References type="dict"></References><Calculation type="dict"></Calculation></hidden17549110><hidden17470669 type="dict"><Attributes type="dict"><Tag type="str">dei:EntityRegistrantName</Tag><Fact type="list"><item type="str">T</item><item type="str">R</item><item type="str">E</item><item type="str">X</item><item type="str"> </item><item type="str">C</item><item type="str">O</item><item type="str"> </item><item type="str">I</item><item type="str">N</item><item type="str">C</item></Fact><Period type="str">2020-01-01 to 2020-01-01</Period></Attributes><Labels type="dict"></Labels><References type="dict"></References><Calculation type="dict"></Calculation></hidden17470669><hidden17470949 type="dict"><Attributes type="dict"><Tag type="str">dei:EntityAddressStateOrProvince</Tag><Fact type="list"><item type="str">V</item><item type="str">A</item></Fact><Period type="str">2020-01-01 to 2020-01-01</Period></Attributes><Labels type="dict"></Labels><References type="dict"></References><Calculation type="dict"></Calculation></hidden17470949></root>