{"hidden17599366": {"Attributes": {"Tag": "trex:AveragePeriodForPeMaterialPurchasesUnderShortTermSupplyContractsForWhichPricingIsNegotiatedAsNeeded", "Fact": "P1Y", "Period": "2020-01-01 to 2020-01-01"}, "Labels": {}, "References": {}, "Calculation": {}}, "hidden17599384": {"Attributes": {"Tag": "trex:WarrantyPeriod", "Fact": "P1Y", "Period": "2020-01-01 to 2020-01-01"}, "Labels": {}, "References": {}, "Calculation": {}}, "hidden18303081": {"Attributes": {"Tag": "us-gaap:OpenTaxYear", "Fact": "2016 2017 2018", "Period": "2020-01-01 to 2020-01-01"}, "Labels": {}, "References": {}, "Calculation": {}}, "hidden17549110": {"Attributes": {"Tag": "trex:WarrantyPeriod", "Fact": "P1Y", "Period": "2020-01-01 to 2020-01-01"}, "Labels": {}, "References": {}, "Calculation": {}}, "hidden17470669": {"Attributes": {"Tag": "dei:EntityRegistrantName", "Fact": "TREX CO INC", "Period": "2020-01-01 to 2020-01-01"}, "Labels": {}, "References": {}, "Calculation": {}}, "hidden17470949": {"Attributes": {"Tag": "dei:EntityAddressStateOrProvince", "Fact": "VA", "Period": "2020-01-01 to 2020-01-01"}, "Labels": {}, "References": {}, "Calculation": {}}}