<?xml version="1.0" encoding="UTF-8" ?><root><hidden16912484 type="dict"><Attributes type="dict"><Tag type="str">utl:EstimatedFlowBackPeriod</Tag><Fact type="list"><item type="str">P</item><item type="str">1</item><item type="str">5</item><item type="str">Y</item></Fact><Period type="str">2020-01-01 to 2020-01-01</Period></Attributes><Labels type="dict"></Labels><References type="dict"></References><Calculation type="dict"></Calculation></hidden16912484><hidden17129565 type="dict"><Attributes type="dict"><Tag type="str">us-gaap:DebtInstrumentCovenantDescription</Tag><Fact type="list"><item type="str">T</item><item type="str">h</item><item type="str">e</item><item type="str"> </item><item type="str">a</item><item type="str">f</item><item type="str">f</item><item type="str">i</item><item type="str">r</item><item type="str">m</item><item type="str">a</item><item type="str">t</item><item type="str">i</item><item type="str">v</item><item type="str">e</item><item type="str"> </item><item type="str">a</item><item type="str">n</item><item type="str">d</item><item type="str"> </item><item type="str">n</item><item type="str">e</item><item type="str">g</item><item type="str">a</item><item type="str">t</item><item type="str">i</item><item type="str">v</item><item type="str">e</item><item type="str"> </item><item type="str">c</item><item type="str">o</item><item type="str">v</item><item type="str">e</item><item type="str">n</item><item type="str">a</item><item type="str">n</item><item type="str">t</item><item type="str">s</item><item type="str"> </item><item type="str">u</item><item type="str">n</item><item type="str">d</item><item type="str">e</item><item type="str">r</item><item type="str"> </item><item type="str">t</item><item type="str">h</item><item type="str">e</item><item type="str"> </item><item type="str">C</item><item type="str">r</item><item type="str">e</item><item type="str">d</item><item type="str">i</item><item type="str">t</item><item type="str"> </item><item type="str">F</item><item type="str">a</item><item type="str">c</item><item type="str">i</item><item type="str">l</item><item type="str">i</item><item type="str">t</item><item type="str">y</item><item type="str"> </item><item type="str">s</item><item type="str">h</item><item type="str">a</item><item type="str">l</item><item type="str">l</item><item type="str"> </item><item type="str">a</item><item type="str">p</item><item type="str">p</item><item type="str">l</item><item type="str">y</item><item type="str"> </item><item type="str">t</item><item type="str">o</item><item type="str"> </item><item type="str">U</item><item type="str">n</item><item type="str">i</item><item type="str">t</item><item type="str">i</item><item type="str">l</item><item type="str"> </item><item type="str">u</item><item type="str">n</item><item type="str">t</item><item type="str">i</item><item type="str">l</item><item type="str"> </item><item type="str">t</item><item type="str">h</item><item type="str">e</item><item type="str"> </item><item type="str">C</item><item type="str">r</item><item type="str">e</item><item type="str">d</item><item type="str">i</item><item type="str">t</item><item type="str"> </item><item type="str">F</item><item type="str">a</item><item type="str">c</item><item type="str">i</item><item type="str">l</item><item type="str">i</item><item type="str">t</item><item type="str">y</item><item type="str"> </item><item type="str">t</item><item type="str">e</item><item type="str">r</item><item type="str">m</item><item type="str">i</item><item type="str">n</item><item type="str">a</item><item type="str">t</item><item type="str">e</item><item type="str">s</item><item type="str"> </item><item type="str">a</item><item type="str">n</item><item type="str">d</item><item type="str"> </item><item type="str">a</item><item type="str">l</item><item type="str">l</item><item type="str"> </item><item type="str">a</item><item type="str">m</item><item type="str">o</item><item type="str">u</item><item type="str">n</item><item type="str">t</item><item type="str">s</item><item type="str"> </item><item type="str">b</item><item type="str">o</item><item type="str">r</item><item type="str">r</item><item type="str">o</item><item type="str">w</item><item type="str">e</item><item type="str">d</item><item type="str"> </item><item type="str">u</item><item type="str">n</item><item type="str">d</item><item type="str">e</item><item type="str">r</item><item type="str"> </item><item type="str">t</item><item type="str">h</item><item type="str">e</item><item type="str"> </item><item type="str">C</item><item type="str">r</item><item type="str">e</item><item type="str">d</item><item type="str">i</item><item type="str">t</item><item type="str"> </item><item type="str">F</item><item type="str">a</item><item type="str">c</item><item type="str">i</item><item type="str">l</item><item type="str">i</item><item type="str">t</item><item type="str">y</item><item type="str"> </item><item type="str">a</item><item type="str">r</item><item type="str">e</item><item type="str"> </item><item type="str">p</item><item type="str">a</item><item type="str">i</item><item type="str">d</item><item type="str"> </item><item type="str">i</item><item type="str">n</item><item type="str"> </item><item type="str">f</item><item type="str">u</item><item type="str">l</item><item type="str">l</item><item type="str"> </item><item type="str">(</item><item type="str">o</item><item type="str">r</item><item type="str"> </item><item type="str">w</item><item type="str">i</item><item type="str">t</item><item type="str">h</item><item type="str"> </item><item type="str">r</item><item type="str">e</item><item type="str">s</item><item type="str">p</item><item type="str">e</item><item type="str">c</item><item type="str">t</item><item type="str"> </item><item type="str">t</item><item type="str">o</item><item type="str"> </item><item type="str">l</item><item type="str">e</item><item type="str">t</item><item type="str">t</item><item type="str">e</item><item type="str">r</item><item type="str">s</item><item type="str"> </item><item type="str">o</item><item type="str">f</item><item type="str"> </item><item type="str">c</item><item type="str">r</item><item type="str">e</item><item type="str">d</item><item type="str">i</item><item type="str">t</item><item type="str">,</item><item type="str"> </item><item type="str">t</item><item type="str">h</item><item type="str">e</item><item type="str">y</item><item type="str"> </item><item type="str">a</item><item type="str">r</item><item type="str">e</item><item type="str"> </item><item type="str">c</item><item type="str">a</item><item type="str">s</item><item type="str">h</item><item type="str"> </item><item type="str">c</item><item type="str">o</item><item type="str">l</item><item type="str">l</item><item type="str">a</item><item type="str">t</item><item type="str">e</item><item type="str">r</item><item type="str">a</item><item type="str">l</item><item type="str">i</item><item type="str">z</item><item type="str">e</item><item type="str">d</item><item type="str">)</item><item type="str">.</item><item type="str"> </item><item type="str">T</item><item type="str">h</item><item type="str">e</item><item type="str"> </item><item type="str">o</item><item type="str">n</item><item type="str">l</item><item type="str">y</item><item type="str"> </item><item type="str">f</item><item type="str">i</item><item type="str">n</item><item type="str">a</item><item type="str">n</item><item type="str">c</item><item type="str">i</item><item type="str">a</item><item type="str">l</item><item type="str"> </item><item type="str">c</item><item type="str">o</item><item type="str">v</item><item type="str">e</item><item type="str">n</item><item type="str">a</item><item type="str">n</item><item type="str">t</item><item type="str"> </item><item type="str">i</item><item type="str">n</item><item type="str"> </item><item type="str">t</item><item type="str">h</item><item type="str">e</item><item type="str"> </item><item type="str">C</item><item type="str">r</item><item type="str">e</item><item type="str">d</item><item type="str">i</item><item type="str">t</item><item type="str"> </item><item type="str">F</item><item type="str">a</item><item type="str">c</item><item type="str">i</item><item type="str">l</item><item type="str">i</item><item type="str">t</item><item type="str">y</item><item type="str"> </item><item type="str">p</item><item type="str">r</item><item type="str">o</item><item type="str">v</item><item type="str">i</item><item type="str">d</item><item type="str">e</item><item type="str">s</item><item type="str"> </item><item type="str">t</item><item type="str">h</item><item type="str">a</item><item type="str">t</item><item type="str"> </item><item type="str">U</item><item type="str">n</item><item type="str">i</item><item type="str">t</item><item type="str">i</item><item type="str">l</item><item type="str">’</item><item type="str">s</item><item type="str"> </item><item type="str">F</item><item type="str">u</item><item type="str">n</item><item type="str">d</item><item type="str">e</item><item type="str">d</item><item type="str"> </item><item type="str">D</item><item type="str">e</item><item type="str">b</item><item type="str">t</item><item type="str"> </item><item type="str">t</item><item type="str">o</item><item type="str"> </item><item type="str">C</item><item type="str">a</item><item type="str">p</item><item type="str">i</item><item type="str">t</item><item type="str">a</item><item type="str">l</item><item type="str">i</item><item type="str">z</item><item type="str">a</item><item type="str">t</item><item type="str">i</item><item type="str">o</item><item type="str">n</item><item type="str"> </item><item type="str">(</item><item type="str">a</item><item type="str">s</item><item type="str"> </item><item type="str">e</item><item type="str">a</item><item type="str">c</item><item type="str">h</item><item type="str"> </item><item type="str">t</item><item type="str">e</item><item type="str">r</item><item type="str">m</item><item type="str"> </item><item type="str">i</item><item type="str">s</item><item type="str"> </item><item type="str">d</item><item type="str">e</item><item type="str">f</item><item type="str">i</item><item type="str">n</item><item type="str">e</item><item type="str">d</item><item type="str"> </item><item type="str">i</item><item type="str">n</item><item type="str"> </item><item type="str">t</item><item type="str">h</item><item type="str">e</item><item type="str"> </item><item type="str">C</item><item type="str">r</item><item type="str">e</item><item type="str">d</item><item type="str">i</item><item type="str">t</item><item type="str"> </item><item type="str">F</item><item type="str">a</item><item type="str">c</item><item type="str">i</item><item type="str">l</item><item type="str">i</item><item type="str">t</item><item type="str">y</item><item type="str">)</item><item type="str"> </item><item type="str">c</item><item type="str">a</item><item type="str">n</item><item type="str">n</item><item type="str">o</item><item type="str">t</item><item type="str"> </item><item type="str">e</item><item type="str">x</item><item type="str">c</item><item type="str">e</item><item type="str">e</item><item type="str">d</item><item type="str"> </item><item type="str">6</item><item type="str">5</item><item type="str">%</item><item type="str">,</item><item type="str"> </item><item type="str">t</item><item type="str">e</item><item type="str">s</item><item type="str">t</item><item type="str">e</item><item type="str">d</item><item type="str"> </item><item type="str">o</item><item type="str">n</item><item type="str"> </item><item type="str">a</item><item type="str"> </item><item type="str">q</item><item type="str">u</item><item type="str">a</item><item type="str">r</item><item type="str">t</item><item type="str">e</item><item type="str">r</item><item type="str">l</item><item type="str">y</item><item type="str"> </item><item type="str">b</item><item type="str">a</item><item type="str">s</item><item type="str">i</item><item type="str">s</item><item type="str">.</item><item type="str"> </item><item type="str">A</item><item type="str">t</item><item type="str"> </item><item type="str">D</item><item type="str">e</item><item type="str">c</item><item type="str">e</item><item type="str">m</item><item type="str">b</item><item type="str">e</item><item type="str">r</item><item type="str"> </item><item type="str">3</item><item type="str">1</item><item type="str">,</item><item type="str"> </item><item type="str">2</item><item type="str">0</item><item type="str">2</item><item type="str">0</item><item type="str"> </item><item type="str">a</item><item type="str">n</item><item type="str">d</item><item type="str"> </item><item type="str">D</item><item type="str">e</item><item type="str">c</item><item type="str">e</item><item type="str">m</item><item type="str">b</item><item type="str">e</item><item type="str">r</item><item type="str"> </item><item type="str">3</item><item type="str">1</item><item type="str">,</item><item type="str"> </item><item type="str">2</item><item type="str">0</item><item type="str">1</item><item type="str">9</item><item type="str">,</item><item type="str"> </item><item type="str">t</item><item type="str">h</item><item type="str">e</item><item type="str"> </item><item type="str">C</item><item type="str">o</item><item type="str">m</item><item type="str">p</item><item type="str">a</item><item type="str">n</item><item type="str">y</item><item type="str"> </item><item type="str">w</item><item type="str">a</item><item type="str">s</item><item type="str"> </item><item type="str">i</item><item type="str">n</item><item type="str"> </item><item type="str">c</item><item type="str">o</item><item type="str">m</item><item type="str">p</item><item type="str">l</item><item type="str">i</item><item type="str">a</item><item type="str">n</item><item type="str">c</item><item type="str">e</item><item type="str"> </item><item type="str">w</item><item type="str">i</item><item type="str">t</item><item type="str">h</item><item type="str"> </item><item type="str">t</item><item type="str">h</item><item type="str">e</item><item type="str"> </item><item type="str">c</item><item type="str">o</item><item type="str">v</item><item type="str">e</item><item type="str">n</item><item type="str">a</item><item type="str">n</item><item type="str">t</item><item type="str">s</item><item type="str"> </item><item type="str">c</item><item type="str">o</item><item type="str">n</item><item type="str">t</item><item type="str">a</item><item type="str">i</item><item type="str">n</item><item type="str">e</item><item type="str">d</item><item type="str"> </item><item type="str">i</item><item type="str">n</item><item type="str"> </item><item type="str">t</item><item type="str">h</item><item type="str">e</item><item type="str"> </item><item type="str">C</item><item type="str">r</item><item type="str">e</item><item type="str">d</item><item type="str">i</item><item type="str">t</item><item type="str"> </item><item type="str">F</item><item type="str">a</item><item type="str">c</item><item type="str">i</item><item type="str">l</item><item type="str">i</item><item type="str">t</item><item type="str">y</item><item type="str"> </item><item type="str">i</item><item type="str">n</item><item type="str"> </item><item type="str">e</item><item type="str">f</item><item type="str">f</item><item type="str">e</item><item type="str">c</item><item type="str">t</item><item type="str"> </item><item type="str">o</item><item type="str">n</item><item type="str"> </item><item type="str">t</item><item type="str">h</item><item type="str">a</item><item type="str">t</item><item type="str"> </item><item type="str">d</item><item type="str">a</item><item type="str">t</item><item type="str">e</item><item type="str">.</item></Fact><Period type="str">2020-01-01 to 2020-01-01</Period></Attributes><Labels type="dict"></Labels><References type="dict"></References><Calculation type="dict"></Calculation></hidden17129565><hidden17129566 type="dict"><Attributes type="dict"><Tag type="str">us-gaap:DebtInstrumentCovenantDescription</Tag><Fact type="list"><item type="str">T</item><item type="str">h</item><item type="str">e</item><item type="str"> </item><item type="str">a</item><item type="str">f</item><item type="str">f</item><item type="str">i</item><item type="str">r</item><item type="str">m</item><item type="str">a</item><item type="str">t</item><item type="str">i</item><item type="str">v</item><item type="str">e</item><item type="str"> </item><item type="str">a</item><item type="str">n</item><item type="str">d</item><item type="str"> </item><item type="str">n</item><item type="str">e</item><item type="str">g</item><item type="str">a</item><item type="str">t</item><item type="str">i</item><item type="str">v</item><item type="str">e</item><item type="str"> </item><item type="str">c</item><item type="str">o</item><item type="str">v</item><item type="str">e</item><item type="str">n</item><item type="str">a</item><item type="str">n</item><item type="str">t</item><item type="str">s</item><item type="str"> </item><item type="str">u</item><item type="str">n</item><item type="str">d</item><item type="str">e</item><item type="str">r</item><item type="str"> </item><item type="str">t</item><item type="str">h</item><item type="str">e</item><item type="str"> </item><item type="str">C</item><item type="str">r</item><item type="str">e</item><item type="str">d</item><item type="str">i</item><item type="str">t</item><item type="str"> </item><item type="str">F</item><item type="str">a</item><item type="str">c</item><item type="str">i</item><item type="str">l</item><item type="str">i</item><item type="str">t</item><item type="str">y</item><item type="str"> </item><item type="str">s</item><item type="str">h</item><item type="str">a</item><item type="str">l</item><item type="str">l</item><item type="str"> </item><item type="str">a</item><item type="str">p</item><item type="str">p</item><item type="str">l</item><item type="str">y</item><item type="str"> </item><item type="str">t</item><item type="str">o</item><item type="str"> </item><item type="str">U</item><item type="str">n</item><item type="str">i</item><item type="str">t</item><item type="str">i</item><item type="str">l</item><item type="str"> </item><item type="str">u</item><item type="str">n</item><item type="str">t</item><item type="str">i</item><item type="str">l</item><item type="str"> </item><item type="str">t</item><item type="str">h</item><item type="str">e</item><item type="str"> </item><item type="str">C</item><item type="str">r</item><item type="str">e</item><item type="str">d</item><item type="str">i</item><item type="str">t</item><item type="str"> </item><item type="str">F</item><item type="str">a</item><item type="str">c</item><item type="str">i</item><item type="str">l</item><item type="str">i</item><item type="str">t</item><item type="str">y</item><item type="str"> </item><item type="str">t</item><item type="str">e</item><item type="str">r</item><item type="str">m</item><item type="str">i</item><item type="str">n</item><item type="str">a</item><item type="str">t</item><item type="str">e</item><item type="str">s</item><item type="str"> </item><item type="str">a</item><item type="str">n</item><item type="str">d</item><item type="str"> </item><item type="str">a</item><item type="str">l</item><item type="str">l</item><item type="str"> </item><item type="str">a</item><item type="str">m</item><item type="str">o</item><item type="str">u</item><item type="str">n</item><item type="str">t</item><item type="str">s</item><item type="str"> </item><item type="str">b</item><item type="str">o</item><item type="str">r</item><item type="str">r</item><item type="str">o</item><item type="str">w</item><item type="str">e</item><item type="str">d</item><item type="str"> </item><item type="str">u</item><item type="str">n</item><item type="str">d</item><item type="str">e</item><item type="str">r</item><item type="str"> </item><item type="str">t</item><item type="str">h</item><item type="str">e</item><item type="str"> </item><item type="str">C</item><item type="str">r</item><item type="str">e</item><item type="str">d</item><item type="str">i</item><item type="str">t</item><item type="str"> </item><item type="str">F</item><item type="str">a</item><item type="str">c</item><item type="str">i</item><item type="str">l</item><item type="str">i</item><item type="str">t</item><item type="str">y</item><item type="str"> </item><item type="str">a</item><item type="str">r</item><item type="str">e</item><item type="str"> </item><item type="str">p</item><item type="str">a</item><item type="str">i</item><item type="str">d</item><item type="str"> </item><item type="str">i</item><item type="str">n</item><item type="str"> </item><item type="str">f</item><item type="str">u</item><item type="str">l</item><item type="str">l</item><item type="str"> </item><item type="str">(</item><item type="str">o</item><item type="str">r</item><item type="str"> </item><item type="str">w</item><item type="str">i</item><item type="str">t</item><item type="str">h</item><item type="str"> </item><item type="str">r</item><item type="str">e</item><item type="str">s</item><item type="str">p</item><item type="str">e</item><item type="str">c</item><item type="str">t</item><item type="str"> </item><item type="str">t</item><item type="str">o</item><item type="str"> </item><item type="str">l</item><item type="str">e</item><item type="str">t</item><item type="str">t</item><item type="str">e</item><item type="str">r</item><item type="str">s</item><item type="str"> </item><item type="str">o</item><item type="str">f</item><item type="str"> </item><item type="str">c</item><item type="str">r</item><item type="str">e</item><item type="str">d</item><item type="str">i</item><item type="str">t</item><item type="str">,</item><item type="str"> </item><item type="str">t</item><item type="str">h</item><item type="str">e</item><item type="str">y</item><item type="str"> </item><item type="str">a</item><item type="str">r</item><item type="str">e</item><item type="str"> </item><item type="str">c</item><item type="str">a</item><item type="str">s</item><item type="str">h</item><item type="str"> </item><item type="str">c</item><item type="str">o</item><item type="str">l</item><item type="str">l</item><item type="str">a</item><item type="str">t</item><item type="str">e</item><item type="str">r</item><item type="str">a</item><item type="str">l</item><item type="str">i</item><item type="str">z</item><item type="str">e</item><item type="str">d</item><item type="str">)</item><item type="str">.</item><item type="str"> </item><item type="str">T</item><item type="str">h</item><item type="str">e</item><item type="str"> </item><item type="str">o</item><item type="str">n</item><item type="str">l</item><item type="str">y</item><item type="str"> </item><item type="str">f</item><item type="str">i</item><item type="str">n</item><item type="str">a</item><item type="str">n</item><item type="str">c</item><item type="str">i</item><item type="str">a</item><item type="str">l</item><item type="str"> </item><item type="str">c</item><item type="str">o</item><item type="str">v</item><item type="str">e</item><item type="str">n</item><item type="str">a</item><item type="str">n</item><item type="str">t</item><item type="str"> </item><item type="str">i</item><item type="str">n</item><item type="str"> </item><item type="str">t</item><item type="str">h</item><item type="str">e</item><item type="str"> </item><item type="str">C</item><item type="str">r</item><item type="str">e</item><item type="str">d</item><item type="str">i</item><item type="str">t</item><item type="str"> </item><item type="str">F</item><item type="str">a</item><item type="str">c</item><item type="str">i</item><item type="str">l</item><item type="str">i</item><item type="str">t</item><item type="str">y</item><item type="str"> </item><item type="str">p</item><item type="str">r</item><item type="str">o</item><item type="str">v</item><item type="str">i</item><item type="str">d</item><item type="str">e</item><item type="str">s</item><item type="str"> </item><item type="str">t</item><item type="str">h</item><item type="str">a</item><item type="str">t</item><item type="str"> </item><item type="str">U</item><item type="str">n</item><item type="str">i</item><item type="str">t</item><item type="str">i</item><item type="str">l</item><item type="str">’</item><item type="str">s</item><item type="str"> </item><item type="str">F</item><item type="str">u</item><item type="str">n</item><item type="str">d</item><item type="str">e</item><item type="str">d</item><item type="str"> </item><item type="str">D</item><item type="str">e</item><item type="str">b</item><item type="str">t</item><item type="str"> </item><item type="str">t</item><item type="str">o</item><item type="str"> </item><item type="str">C</item><item type="str">a</item><item type="str">p</item><item type="str">i</item><item type="str">t</item><item type="str">a</item><item type="str">l</item><item type="str">i</item><item type="str">z</item><item type="str">a</item><item type="str">t</item><item type="str">i</item><item type="str">o</item><item type="str">n</item><item type="str"> </item><item type="str">(</item><item type="str">a</item><item type="str">s</item><item type="str"> </item><item type="str">e</item><item type="str">a</item><item type="str">c</item><item type="str">h</item><item type="str"> </item><item type="str">t</item><item type="str">e</item><item type="str">r</item><item type="str">m</item><item type="str"> </item><item type="str">i</item><item type="str">s</item><item type="str"> </item><item type="str">d</item><item type="str">e</item><item type="str">f</item><item type="str">i</item><item type="str">n</item><item type="str">e</item><item type="str">d</item><item type="str"> </item><item type="str">i</item><item type="str">n</item><item type="str"> </item><item type="str">t</item><item type="str">h</item><item type="str">e</item><item type="str"> </item><item type="str">C</item><item type="str">r</item><item type="str">e</item><item type="str">d</item><item type="str">i</item><item type="str">t</item><item type="str"> </item><item type="str">F</item><item type="str">a</item><item type="str">c</item><item type="str">i</item><item type="str">l</item><item type="str">i</item><item type="str">t</item><item type="str">y</item><item type="str">)</item><item type="str"> </item><item type="str">c</item><item type="str">a</item><item type="str">n</item><item type="str">n</item><item type="str">o</item><item type="str">t</item><item type="str"> </item><item type="str">e</item><item type="str">x</item><item type="str">c</item><item type="str">e</item><item type="str">e</item><item type="str">d</item><item type="str"> </item><item type="str">6</item><item type="str">5</item><item type="str">%</item><item type="str">,</item><item type="str"> </item><item type="str">t</item><item type="str">e</item><item type="str">s</item><item type="str">t</item><item type="str">e</item><item type="str">d</item><item type="str"> </item><item type="str">o</item><item type="str">n</item><item type="str"> </item><item type="str">a</item><item type="str"> </item><item type="str">q</item><item type="str">u</item><item type="str">a</item><item type="str">r</item><item type="str">t</item><item type="str">e</item><item type="str">r</item><item type="str">l</item><item type="str">y</item><item type="str"> </item><item type="str">b</item><item type="str">a</item><item type="str">s</item><item type="str">i</item><item type="str">s</item><item type="str">.</item><item type="str"> </item><item type="str">A</item><item type="str">t</item><item type="str"> </item><item type="str">D</item><item type="str">e</item><item type="str">c</item><item type="str">e</item><item type="str">m</item><item type="str">b</item><item type="str">e</item><item type="str">r</item><item type="str"> </item><item type="str">3</item><item type="str">1</item><item type="str">,</item><item type="str"> </item><item type="str">2</item><item type="str">0</item><item type="str">2</item><item type="str">0</item><item type="str"> </item><item type="str">a</item><item type="str">n</item><item type="str">d</item><item type="str"> </item><item type="str">D</item><item type="str">e</item><item type="str">c</item><item type="str">e</item><item type="str">m</item><item type="str">b</item><item type="str">e</item><item type="str">r</item><item type="str"> </item><item type="str">3</item><item type="str">1</item><item type="str">,</item><item type="str"> </item><item type="str">2</item><item type="str">0</item><item type="str">1</item><item type="str">9</item><item type="str">,</item><item type="str"> </item><item type="str">t</item><item type="str">h</item><item type="str">e</item><item type="str"> </item><item type="str">C</item><item type="str">o</item><item type="str">m</item><item type="str">p</item><item type="str">a</item><item type="str">n</item><item type="str">y</item><item type="str"> </item><item type="str">w</item><item type="str">a</item><item type="str">s</item><item type="str"> </item><item type="str">i</item><item type="str">n</item><item type="str"> </item><item type="str">c</item><item type="str">o</item><item type="str">m</item><item type="str">p</item><item type="str">l</item><item type="str">i</item><item type="str">a</item><item type="str">n</item><item type="str">c</item><item type="str">e</item><item type="str"> </item><item type="str">w</item><item type="str">i</item><item type="str">t</item><item type="str">h</item><item type="str"> </item><item type="str">t</item><item type="str">h</item><item type="str">e</item><item type="str"> </item><item type="str">c</item><item type="str">o</item><item type="str">v</item><item type="str">e</item><item type="str">n</item><item type="str">a</item><item type="str">n</item><item type="str">t</item><item type="str">s</item><item type="str"> </item><item type="str">c</item><item type="str">o</item><item type="str">n</item><item type="str">t</item><item type="str">a</item><item type="str">i</item><item type="str">n</item><item type="str">e</item><item type="str">d</item><item type="str"> </item><item type="str">i</item><item type="str">n</item><item type="str"> </item><item type="str">t</item><item type="str">h</item><item type="str">e</item><item type="str"> </item><item type="str">C</item><item type="str">r</item><item type="str">e</item><item type="str">d</item><item type="str">i</item><item type="str">t</item><item type="str"> </item><item type="str">F</item><item type="str">a</item><item type="str">c</item><item type="str">i</item><item type="str">l</item><item type="str">i</item><item type="str">t</item><item type="str">y</item><item type="str"> </item><item type="str">i</item><item type="str">n</item><item type="str"> </item><item type="str">e</item><item type="str">f</item><item type="str">f</item><item type="str">e</item><item type="str">c</item><item type="str">t</item><item type="str"> </item><item type="str">o</item><item type="str">n</item><item type="str"> </item><item type="str">t</item><item type="str">h</item><item type="str">a</item><item type="str">t</item><item type="str"> </item><item type="str">d</item><item type="str">a</item><item type="str">t</item><item type="str">e</item><item type="str">.</item></Fact><Period type="str">2020-01-01 to 2020-01-01</Period></Attributes><Labels type="dict"></Labels><References type="dict"></References><Calculation type="dict"></Calculation></hidden17129566><hidden16913976 type="dict"><Attributes type="dict"><Tag type="str">us-gaap:DebtInstrumentMaturityDate</Tag><Fact type="list"><item type="str">2</item><item type="str">0</item><item type="str">4</item><item type="str">0</item><item type="str">-</item><item type="str">0</item><item type="str">9</item><item type="str">-</item><item type="str">1</item><item type="str">5</item></Fact><Period type="str">2020-09-15 to 2020-09-15</Period></Attributes><Labels type="dict"></Labels><References type="dict"></References><Calculation type="dict"></Calculation></hidden16913976><hidden16913977 type="dict"><Attributes type="dict"><Tag type="str">us-gaap:DebtInstrumentMaturityDate</Tag><Fact type="list"><item type="str">2</item><item type="str">0</item><item type="str">2</item><item type="str">9</item><item type="str">-</item><item type="str">1</item><item type="str">2</item><item type="str">-</item><item type="str">1</item><item type="str">8</item></Fact><Period type="str">2020-12-18 to 2020-12-18</Period></Attributes><Labels type="dict"></Labels><References type="dict"></References><Calculation type="dict"></Calculation></hidden16913977><hidden16913978 type="dict"><Attributes type="dict"><Tag type="str">us-gaap:DebtInstrumentMaturityDate</Tag><Fact type="list"><item type="str">2</item><item type="str">0</item><item type="str">4</item><item type="str">9</item><item type="str">-</item><item type="str">0</item><item type="str">9</item><item type="str">-</item><item type="str">1</item><item type="str">2</item></Fact><Period type="str">2019-09-12 to 2019-09-12</Period></Attributes><Labels type="dict"></Labels><References type="dict"></References><Calculation type="dict"></Calculation></hidden16913978><Fact_16910770 type="dict"><Attributes type="dict"><Format type="str">numdotdecimal</Format><Sign type="str">Positive</Sign><Measure type="str">Unit_USD</Measure><Scale type="str">6</Scale><Tag type="str">us-gaap:RegulatoryAssetsCurrent</Tag><Fact type="float">37.3</Fact><Period type="str">As of 2020-12-31</Period></Attributes><Labels type="dict"></Labels><References type="dict"></References><Calculation type="dict"></Calculation></Fact_16910770><Fact_16910771 type="dict"><Attributes type="dict"><Format type="str">numdotdecimal</Format><Sign type="str">Positive</Sign><Measure type="str">Unit_USD</Measure><Scale type="str">6</Scale><Tag type="str">us-gaap:RegulatoryAssetsCurrent</Tag><Fact type="float">35.8</Fact><Period type="str">As of 2019-12-31</Period></Attributes><Labels type="dict"></Labels><References type="dict"></References><Calculation type="dict"></Calculation></Fact_16910771><Fact_16912472 type="dict"><Attributes type="dict"><Format type="str">numdotdecimal</Format><Sign type="str">Positive</Sign><Measure type="str">Unit_USD</Measure><Scale type="str">6</Scale><Tag type="str">utl:AccountsReceivableAllowanceForCreditLossesProvisionsForBadDebtsDeferredDueToRegulatoryNeed</Tag><Fact type="float">0.4</Fact><Period type="str">2020-01-01 to 2020-01-01</Period></Attributes><Labels type="dict"></Labels><References type="dict"></References><Calculation type="dict"></Calculation></Fact_16912472><Fact_16912473 type="dict"><Attributes type="dict"><Format type="str">numdotdecimal</Format><Sign type="str">Positive</Sign><Measure type="str">Unit_USD</Measure><Scale type="str">6</Scale><Tag type="str">utl:AccountsReceivableAllowanceForCreditLossesProvisionsForBadDebtsDeferredDueToRegulatoryNeed</Tag><Fact type="float">0.2</Fact><Period type="str">2020-01-01 to 2020-01-01</Period></Attributes><Labels type="dict"></Labels><References type="dict"></References><Calculation type="dict"></Calculation></Fact_16912473><Fact_16912475 type="dict"><Attributes type="dict"><Format type="str">numdotdecimal</Format><Sign type="str">Positive</Sign><Measure type="str">Unit_USD</Measure><Scale type="str">6</Scale><Tag type="str">utl:AccountsReceivableAllowanceForCreditLossesProvisionsForBadDebtsDeferredDueToRegulatoryNeed</Tag><Fact type="float">0.6</Fact><Period type="str">2020-01-01 to 2020-01-01</Period></Attributes><Labels type="dict"></Labels><References type="dict"></References><Calculation type="dict"></Calculation></Fact_16912475><Fact_16910995 type="dict"><Attributes type="dict"><Format type="str">numdotdecimal</Format><Sign type="str">Positive</Sign><Measure type="str">Unit_USD</Measure><Scale type="str">6</Scale><Tag type="str">us-gaap:LongTermDebtCurrent</Tag><Fact type="float">8.5</Fact><Period type="str">As of 2020-12-31</Period></Attributes><Labels type="dict"></Labels><References type="dict"></References><Calculation type="dict"></Calculation></Fact_16910995><Fact_16910996 type="dict"><Attributes type="dict"><Format type="str">numdotdecimal</Format><Sign type="str">Positive</Sign><Measure type="str">Unit_USD</Measure><Scale type="str">6</Scale><Tag type="str">us-gaap:LongTermDebtCurrent</Tag><Fact type="float">19.5</Fact><Period type="str">As of 2019-12-31</Period></Attributes><Labels type="dict"></Labels><References type="dict"></References><Calculation type="dict"></Calculation></Fact_16910996><Fact_16911860 type="dict"><Attributes type="dict"><Format type="str">numdotdecimal</Format><Sign type="str">Positive</Sign><Measure type="str">Unit_USD</Measure><Scale type="str">6</Scale><Tag type="str">us-gaap:InterestAndOtherIncome</Tag><Fact type="float">1.8</Fact><Period type="str">2020-01-01 to 2020-01-01</Period></Attributes><Labels type="dict"></Labels><References type="dict"></References><Calculation type="dict"></Calculation></Fact_16911860><Fact_16911861 type="dict"><Attributes type="dict"><Format type="str">numdotdecimal</Format><Sign type="str">Positive</Sign><Measure type="str">Unit_USD</Measure><Scale type="str">6</Scale><Tag type="str">us-gaap:InterestAndOtherIncome</Tag><Fact type="float">2.1</Fact><Period type="str">2019-01-01 to 2019-01-01</Period></Attributes><Labels type="dict"></Labels><References type="dict"></References><Calculation type="dict"></Calculation></Fact_16911861><Fact_16911862 type="dict"><Attributes type="dict"><Format type="str">numdotdecimal</Format><Sign type="str">Positive</Sign><Measure type="str">Unit_USD</Measure><Scale type="str">6</Scale><Tag type="str">us-gaap:InterestAndOtherIncome</Tag><Fact type="float">1.6</Fact><Period type="str">2018-01-01 to 2018-01-01</Period></Attributes><Labels type="dict"></Labels><References type="dict"></References><Calculation type="dict"></Calculation></Fact_16911862><Fact_16912041 type="dict"><Attributes type="dict"><Format type="str">numdotdecimal</Format><Sign type="str">Positive</Sign><Measure type="str">Unit_pure</Measure><Scale type="str">-2</Scale><Tag type="str">us-gaap:DefinedBenefitPlanWeightedAverageAssetAllocations</Tag><Fact type="float">1.0</Fact><Period type="str">As of 2020-12-31</Period></Attributes><Labels type="dict"></Labels><References type="dict"></References><Calculation type="dict"></Calculation></Fact_16912041><Fact_16912042 type="dict"><Attributes type="dict"><Format type="str">numdotdecimal</Format><Sign type="str">Positive</Sign><Measure type="str">Unit_pure</Measure><Scale type="str">-2</Scale><Tag type="str">us-gaap:DefinedBenefitPlanWeightedAverageAssetAllocations</Tag><Fact type="float">1.0</Fact><Period type="str">As of 2019-12-31</Period></Attributes><Labels type="dict"></Labels><References type="dict"></References><Calculation type="dict"></Calculation></Fact_16912042><Fact_16912043 type="dict"><Attributes type="dict"><Format type="str">numdotdecimal</Format><Sign type="str">Positive</Sign><Measure type="str">Unit_pure</Measure><Scale type="str">-2</Scale><Tag type="str">us-gaap:DefinedBenefitPlanWeightedAverageAssetAllocations</Tag><Fact type="float">1.0</Fact><Period type="str">As of 2018-12-31</Period></Attributes><Labels type="dict"></Labels><References type="dict"></References><Calculation type="dict"></Calculation></Fact_16912043></root>