{"hidden16912484": {"Attributes": {"Tag": "utl:EstimatedFlowBackPeriod", "Fact": "P15Y", "Period": "2020-01-01 to 2020-01-01"}, "Labels": {}, "References": {}, "Calculation": {}}, "hidden17129565": {"Attributes": {"Tag": "us-gaap:DebtInstrumentCovenantDescription", "Fact": "The affirmative and negative covenants under the Credit Facility shall apply to Unitil until the Credit Facility terminates and all amounts borrowed under the Credit Facility are paid in full (or with respect to letters of credit, they are cash collateralized). The only financial covenant in the Credit Facility provides that Unitil\u2019s Funded Debt to Capitalization (as each term is defined in the Credit Facility) cannot exceed 65%, tested on a quarterly basis. At December 31, 2020 and December 31, 2019, the Company was in compliance with the covenants contained in the Credit Facility in effect on that date.", "Period": "2020-01-01 to 2020-01-01"}, "Labels": {}, "References": {}, "Calculation": {}}, "hidden17129566": {"Attributes": {"Tag": "us-gaap:DebtInstrumentCovenantDescription", "Fact": "The affirmative and negative covenants under the Credit Facility shall apply to Unitil until the Credit Facility terminates and all amounts borrowed under the Credit Facility are paid in full (or with respect to letters of credit, they are cash collateralized). The only financial covenant in the Credit Facility provides that Unitil\u2019s Funded Debt to Capitalization (as each term is defined in the Credit Facility) cannot exceed 65%, tested on a quarterly basis. At December 31, 2020 and December 31, 2019, the Company was in compliance with the covenants contained in the Credit Facility in effect on that date.", "Period": "2020-01-01 to 2020-01-01"}, "Labels": {}, "References": {}, "Calculation": {}}, "hidden16913976": {"Attributes": {"Tag": "us-gaap:DebtInstrumentMaturityDate", "Fact": "2040-09-15", "Period": "2020-09-15 to 2020-09-15"}, "Labels": {}, "References": {}, "Calculation": {}}, "hidden16913977": {"Attributes": {"Tag": "us-gaap:DebtInstrumentMaturityDate", "Fact": "2029-12-18", "Period": "2020-12-18 to 2020-12-18"}, "Labels": {}, "References": {}, "Calculation": {}}, "hidden16913978": {"Attributes": {"Tag": "us-gaap:DebtInstrumentMaturityDate", "Fact": "2049-09-12", "Period": "2019-09-12 to 2019-09-12"}, "Labels": {}, "References": {}, "Calculation": {}}, "Fact_16910770": {"Attributes": {"Format": "numdotdecimal", "Sign": "Positive", "Measure": "Unit_USD", "Scale": "6", "Tag": "us-gaap:RegulatoryAssetsCurrent", "Fact": 37.3, "Period": "As of 2020-12-31"}, "Labels": {}, "References": {}, "Calculation": {}}, "Fact_16910771": {"Attributes": {"Format": "numdotdecimal", "Sign": "Positive", "Measure": "Unit_USD", "Scale": "6", "Tag": "us-gaap:RegulatoryAssetsCurrent", "Fact": 35.8, "Period": "As of 2019-12-31"}, "Labels": {}, "References": {}, "Calculation": {}}, "Fact_16912472": {"Attributes": {"Format": "numdotdecimal", "Sign": "Positive", "Measure": "Unit_USD", "Scale": "6", "Tag": "utl:AccountsReceivableAllowanceForCreditLossesProvisionsForBadDebtsDeferredDueToRegulatoryNeed", "Fact": 0.4, "Period": "2020-01-01 to 2020-01-01"}, "Labels": {}, "References": {}, "Calculation": {}}, "Fact_16912473": {"Attributes": {"Format": "numdotdecimal", "Sign": "Positive", "Measure": "Unit_USD", "Scale": "6", "Tag": "utl:AccountsReceivableAllowanceForCreditLossesProvisionsForBadDebtsDeferredDueToRegulatoryNeed", "Fact": 0.2, "Period": "2020-01-01 to 2020-01-01"}, "Labels": {}, "References": {}, "Calculation": {}}, "Fact_16912475": {"Attributes": {"Format": "numdotdecimal", "Sign": "Positive", "Measure": "Unit_USD", "Scale": "6", "Tag": "utl:AccountsReceivableAllowanceForCreditLossesProvisionsForBadDebtsDeferredDueToRegulatoryNeed", "Fact": 0.6, "Period": "2020-01-01 to 2020-01-01"}, "Labels": {}, "References": {}, "Calculation": {}}, "Fact_16910995": {"Attributes": {"Format": "numdotdecimal", "Sign": "Positive", "Measure": "Unit_USD", "Scale": "6", "Tag": "us-gaap:LongTermDebtCurrent", "Fact": 8.5, "Period": "As of 2020-12-31"}, "Labels": {}, "References": {}, "Calculation": {}}, "Fact_16910996": {"Attributes": {"Format": "numdotdecimal", "Sign": "Positive", "Measure": "Unit_USD", "Scale": "6", "Tag": "us-gaap:LongTermDebtCurrent", "Fact": 19.5, "Period": "As of 2019-12-31"}, "Labels": {}, "References": {}, "Calculation": {}}, "Fact_16911860": {"Attributes": {"Format": "numdotdecimal", "Sign": "Positive", "Measure": "Unit_USD", "Scale": "6", "Tag": "us-gaap:InterestAndOtherIncome", "Fact": 1.8, "Period": "2020-01-01 to 2020-01-01"}, "Labels": {}, "References": {}, "Calculation": {}}, "Fact_16911861": {"Attributes": {"Format": "numdotdecimal", "Sign": "Positive", "Measure": "Unit_USD", "Scale": "6", "Tag": "us-gaap:InterestAndOtherIncome", "Fact": 2.1, "Period": "2019-01-01 to 2019-01-01"}, "Labels": {}, "References": {}, "Calculation": {}}, "Fact_16911862": {"Attributes": {"Format": "numdotdecimal", "Sign": "Positive", "Measure": "Unit_USD", "Scale": "6", "Tag": "us-gaap:InterestAndOtherIncome", "Fact": 1.6, "Period": "2018-01-01 to 2018-01-01"}, "Labels": {}, "References": {}, "Calculation": {}}, "Fact_16912041": {"Attributes": {"Format": "numdotdecimal", "Sign": "Positive", "Measure": "Unit_pure", "Scale": "-2", "Tag": "us-gaap:DefinedBenefitPlanWeightedAverageAssetAllocations", "Fact": 1.0, "Period": "As of 2020-12-31"}, "Labels": {}, "References": {}, "Calculation": {}}, "Fact_16912042": {"Attributes": {"Format": "numdotdecimal", "Sign": "Positive", "Measure": "Unit_pure", "Scale": "-2", "Tag": "us-gaap:DefinedBenefitPlanWeightedAverageAssetAllocations", "Fact": 1.0, "Period": "As of 2019-12-31"}, "Labels": {}, "References": {}, "Calculation": {}}, "Fact_16912043": {"Attributes": {"Format": "numdotdecimal", "Sign": "Positive", "Measure": "Unit_pure", "Scale": "-2", "Tag": "us-gaap:DefinedBenefitPlanWeightedAverageAssetAllocations", "Fact": 1.0, "Period": "As of 2018-12-31"}, "Labels": {}, "References": {}, "Calculation": {}}}