<?xml version="1.0" encoding="UTF-8" ?><root><hidden18704622 type="dict"><Attributes type="dict"><Tag type="str">us-gaap:AccountingStandardsUpdateExtensibleList</Tag><Fact type="list"><item type="str">u</item><item type="str">s</item><item type="str">-</item><item type="str">g</item><item type="str">a</item><item type="str">a</item><item type="str">p</item><item type="str">:</item><item type="str">A</item><item type="str">c</item><item type="str">c</item><item type="str">o</item><item type="str">u</item><item type="str">n</item><item type="str">t</item><item type="str">i</item><item type="str">n</item><item type="str">g</item><item type="str">S</item><item type="str">t</item><item type="str">a</item><item type="str">n</item><item type="str">d</item><item type="str">a</item><item type="str">r</item><item type="str">d</item><item type="str">s</item><item type="str">U</item><item type="str">p</item><item type="str">d</item><item type="str">a</item><item type="str">t</item><item type="str">e</item><item type="str">2</item><item type="str">0</item><item type="str">1</item><item type="str">6</item><item type="str">1</item><item type="str">3</item><item type="str">M</item><item type="str">e</item><item type="str">m</item><item type="str">b</item><item type="str">e</item><item type="str">r</item></Fact><Period type="str">2020-01-01 to 2020-01-01</Period></Attributes><Labels type="dict"></Labels><References type="dict"></References><Calculation type="dict"></Calculation></hidden18704622><hidden18705947 type="dict"><Attributes type="dict"><Tag type="str">us-gaap:PropertyPlantAndEquipmentUsefulLife</Tag><Fact type="list"><item type="str">P</item><item type="str">3</item><item type="str">Y</item></Fact><Period type="str">2020-01-01 to 2020-01-01</Period></Attributes><Labels type="dict"></Labels><References type="dict"></References><Calculation type="dict"></Calculation></hidden18705947><hidden18705948 type="dict"><Attributes type="dict"><Tag type="str">us-gaap:PropertyPlantAndEquipmentUsefulLife</Tag><Fact type="list"><item type="str">P</item><item type="str">5</item><item type="str">Y</item></Fact><Period type="str">2020-01-01 to 2020-01-01</Period></Attributes><Labels type="dict"></Labels><References type="dict"></References><Calculation type="dict"></Calculation></hidden18705948><hidden18702349 type="dict"><Attributes type="dict"><Tag type="str">dei:EntityRegistrantName</Tag><Fact type="list"><item type="str">U</item><item type="str">N</item><item type="str">I</item><item type="str">T</item><item type="str">E</item><item type="str">D</item><item type="str"> </item><item type="str">B</item><item type="str">A</item><item type="str">N</item><item type="str">K</item><item type="str">S</item><item type="str">H</item><item type="str">A</item><item type="str">R</item><item type="str">E</item><item type="str">S</item><item type="str"> </item><item type="str">I</item><item type="str">N</item><item type="str">C</item><item type="str">/</item><item type="str">W</item><item type="str">V</item><item type="str"> </item></Fact><Period type="str">2020-01-01 to 2020-01-01</Period></Attributes><Labels type="dict"></Labels><References type="dict"></References><Calculation type="dict"></Calculation></hidden18702349><hidden18705881 type="dict"><Attributes type="dict"><Sign type="str">Positive</Sign><Measure type="str">Unit_USD</Measure><Tag type="str">us-gaap:DepreciationNonproduction</Tag><Fact type="float">9329000.0</Fact><Period type="str">2019-01-01 to 2019-01-01</Period></Attributes><Labels type="dict"></Labels><References type="dict"></References><Calculation type="dict"></Calculation></hidden18705881><hidden18705949 type="dict"><Attributes type="dict"><Tag type="str">ubsi:FiniteLivedIntangibleAssetsAmortizationPeriods</Tag><Fact type="list"><item type="str">P</item><item type="str">1</item><item type="str">Y</item></Fact><Period type="str">2020-01-01 to 2020-01-01</Period></Attributes><Labels type="dict"></Labels><References type="dict"></References><Calculation type="dict"></Calculation></hidden18705949><hidden18705950 type="dict"><Attributes type="dict"><Tag type="str">ubsi:FiniteLivedIntangibleAssetsAmortizationPeriods</Tag><Fact type="list"><item type="str">P</item><item type="str">1</item><item type="str">0</item><item type="str">Y</item></Fact><Period type="str">2020-01-01 to 2020-01-01</Period></Attributes><Labels type="dict"></Labels><References type="dict"></References><Calculation type="dict"></Calculation></hidden18705950><hidden18705880 type="dict"><Attributes type="dict"><Sign type="str">Positive</Sign><Measure type="str">Unit_USD</Measure><Tag type="str">us-gaap:AvailableForSaleSecuritiesEquitySecurities</Tag><Fact type="float">5982000.0</Fact><Period type="str">As of 2020-12-31</Period></Attributes><Labels type="dict"></Labels><References type="dict"></References><Calculation type="dict"></Calculation></hidden18705880><hidden18702833 type="dict"><Attributes type="dict"><Tag type="str">us-gaap:ShareBasedCompensationArrangementByShareBasedPaymentAwardAwardVestingPeriod1</Tag><Fact type="list"><item type="str">P</item><item type="str">4</item><item type="str">D</item></Fact><Period type="str">2020-01-01 to 2020-01-01</Period></Attributes><Labels type="dict"></Labels><References type="dict"></References><Calculation type="dict"></Calculation></hidden18702833><hidden18705978 type="dict"><Attributes type="dict"><Sign type="str">Positive</Sign><Measure type="str">Unit_USD</Measure><Tag type="str">ubsi:TermLoansOriginationYearTwo</Tag><Fact type="float">152851000.0</Fact><Period type="str">As of 2020-12-31</Period></Attributes><Labels type="dict"></Labels><References type="dict"></References><Calculation type="dict"></Calculation></hidden18705978><hidden18705910 type="dict"><Attributes type="dict"><Tag type="str">ubsi:TransitionPeriodForPhasingToRetainedEarnings</Tag><Fact type="list"><item type="str">P</item><item type="str">5</item><item type="str">Y</item></Fact><Period type="str">2020-01-01 to 2020-01-01</Period></Attributes><Labels type="dict"></Labels><References type="dict"></References><Calculation type="dict"></Calculation></hidden18705910><hidden18705911 type="dict"><Attributes type="dict"><Tag type="str">ubsi:TransitionPeriodForPhasingToRetainedEarnings</Tag><Fact type="list"><item type="str">P</item><item type="str">3</item><item type="str">Y</item></Fact><Period type="str">2020-01-01 to 2020-01-01</Period></Attributes><Labels type="dict"></Labels><References type="dict"></References><Calculation type="dict"></Calculation></hidden18705911><Fact_18701463 type="dict"><Attributes type="dict"><Format type="str">numdotdecimal</Format><Sign type="str">Positive</Sign><Measure type="str">Unit_USD</Measure><Scale type="str">3</Scale><Tag type="str">us-gaap:FinancingReceivableRecordedInvestmentCurrent</Tag><Fact type="float">1181565.0</Fact><Period type="str">As of 2019-12-31</Period></Attributes><Labels type="dict"></Labels><References type="dict"></References><Calculation type="dict"></Calculation></Fact_18701463><Fact_18701464 type="dict"><Attributes type="dict"><Format type="str">numdotdecimal</Format><Sign type="str">Positive</Sign><Measure type="str">Unit_USD</Measure><Scale type="str">3</Scale><Tag type="str">us-gaap:FinancingReceivableRecordedInvestmentCurrent</Tag><Fact type="float">3943513.0</Fact><Period type="str">As of 2019-12-31</Period></Attributes><Labels type="dict"></Labels><References type="dict"></References><Calculation type="dict"></Calculation></Fact_18701464><Fact_18701465 type="dict"><Attributes type="dict"><Format type="str">numdotdecimal</Format><Sign type="str">Positive</Sign><Measure type="str">Unit_USD</Measure><Scale type="str">3</Scale><Tag type="str">us-gaap:FinancingReceivableRecordedInvestmentCurrent</Tag><Fact type="float">2228258.0</Fact><Period type="str">As of 2019-12-31</Period></Attributes><Labels type="dict"></Labels><References type="dict"></References><Calculation type="dict"></Calculation></Fact_18701465><Fact_18701466 type="dict"><Attributes type="dict"><Format type="str">numdotdecimal</Format><Sign type="str">Positive</Sign><Measure type="str">Unit_USD</Measure><Scale type="str">3</Scale><Tag type="str">us-gaap:FinancingReceivableRecordedInvestmentCurrent</Tag><Fact type="float">3630331.0</Fact><Period type="str">As of 2019-12-31</Period></Attributes><Labels type="dict"></Labels><References type="dict"></References><Calculation type="dict"></Calculation></Fact_18701466><Fact_18701467 type="dict"><Attributes type="dict"><Format type="str">numdotdecimal</Format><Sign type="str">Positive</Sign><Measure type="str">Unit_USD</Measure><Scale type="str">3</Scale><Tag type="str">us-gaap:FinancingReceivableRecordedInvestmentCurrent</Tag><Fact type="float">1389943.0</Fact><Period type="str">As of 2019-12-31</Period></Attributes><Labels type="dict"></Labels><References type="dict"></References><Calculation type="dict"></Calculation></Fact_18701467><Fact_18701468 type="dict"><Attributes type="dict"><Format type="str">numdotdecimal</Format><Sign type="str">Positive</Sign><Measure type="str">Unit_USD</Measure><Scale type="str">3</Scale><Tag type="str">us-gaap:FinancingReceivableRecordedInvestmentCurrent</Tag><Fact type="float">9411.0</Fact><Period type="str">As of 2019-12-31</Period></Attributes><Labels type="dict"></Labels><References type="dict"></References><Calculation type="dict"></Calculation></Fact_18701468><Fact_18701469 type="dict"><Attributes type="dict"><Format type="str">numdotdecimal</Format><Sign type="str">Positive</Sign><Measure type="str">Unit_USD</Measure><Scale type="str">3</Scale><Tag type="str">us-gaap:FinancingReceivableRecordedInvestmentCurrent</Tag><Fact type="float">1143621.0</Fact><Period type="str">As of 2019-12-31</Period></Attributes><Labels type="dict"></Labels><References type="dict"></References><Calculation type="dict"></Calculation></Fact_18701469><Fact_18701470 type="dict"><Attributes type="dict"><Format type="str">numdotdecimal</Format><Sign type="str">Positive</Sign><Measure type="str">Unit_USD</Measure><Scale type="str">3</Scale><Tag type="str">us-gaap:FinancingReceivableRecordedInvestmentCurrent</Tag><Fact type="float">13526642.0</Fact><Period type="str">As of 2019-12-31</Period></Attributes><Labels type="dict"></Labels><References type="dict"></References><Calculation type="dict"></Calculation></Fact_18701470><Fact_18701987 type="dict"><Attributes type="dict"><Format type="str">numdotdecimal</Format><Sign type="str">Negative</Sign><Measure type="str">Unit_USD</Measure><Scale type="str">3</Scale><Tag type="str">us-gaap:OtherComprehensiveIncomeLossPensionAndOtherPostretirementBenefitPlansNetUnamortizedGainLossArisingDuringPeriodBeforeTax</Tag><Fact type="float">10583.0</Fact><Period type="str">2020-01-01 to 2020-01-01</Period></Attributes><Labels type="dict"></Labels><References type="dict"></References><Calculation type="dict"></Calculation></Fact_18701987><Fact_18703877 type="dict"><Attributes type="dict"><Format type="str">numdotdecimal</Format><Sign type="str">Negative</Sign><Measure type="str">Unit_USD</Measure><Scale type="str">3</Scale><Tag type="str">us-gaap:OtherComprehensiveIncomeLossReclassificationAdjustmentFromAOCIPensionAndOtherPostretirementBenefitPlansForNetGainLossBeforeTax</Tag><Fact type="float">6050.0</Fact><Period type="str">2020-01-01 to 2020-01-01</Period></Attributes><Labels type="dict"></Labels><References type="dict"></References><Calculation type="dict"></Calculation></Fact_18703877><Fact_18704208 type="dict"><Attributes type="dict"><Format type="str">numdotdecimal</Format><Sign type="str">Positive</Sign><Measure type="str">Unit_USD</Measure><Scale type="str">3</Scale><Tag type="str">us-gaap:AvailableForSaleSecuritiesEquitySecurities</Tag><Fact type="float">3971.0</Fact><Period type="str">As of 2019-12-31</Period></Attributes><Labels type="dict"></Labels><References type="dict"></References><Calculation type="dict"></Calculation></Fact_18704208><Fact_18704209 type="dict"><Attributes type="dict"><Format type="str">numdotdecimal</Format><Sign type="str">Positive</Sign><Measure type="str">Unit_USD</Measure><Scale type="str">3</Scale><Tag type="str">us-gaap:AvailableForSaleSecuritiesEquitySecurities</Tag><Fact type="float">3971.0</Fact><Period type="str">As of 2019-12-31</Period></Attributes><Labels type="dict"></Labels><References type="dict"></References><Calculation type="dict"></Calculation></Fact_18704209><Fact_18704210 type="dict"><Attributes type="dict"><Format type="str">numdotdecimal</Format><Sign type="str">Positive</Sign><Measure type="str">Unit_USD</Measure><Scale type="str">3</Scale><Tag type="str">us-gaap:AvailableForSaleSecuritiesEquitySecurities</Tag><Fact type="float">0.0</Fact><Period type="str">As of 2019-12-31</Period></Attributes><Labels type="dict"></Labels><References type="dict"></References><Calculation type="dict"></Calculation></Fact_18704210><Fact_18704211 type="dict"><Attributes type="dict"><Format type="str">numdotdecimal</Format><Sign type="str">Positive</Sign><Measure type="str">Unit_USD</Measure><Scale type="str">3</Scale><Tag type="str">us-gaap:AvailableForSaleSecuritiesEquitySecurities</Tag><Fact type="float">0.0</Fact><Period type="str">As of 2019-12-31</Period></Attributes><Labels type="dict"></Labels><References type="dict"></References><Calculation type="dict"></Calculation></Fact_18704211></root>