{"hidden18704622": {"Attributes": {"Tag": "us-gaap:AccountingStandardsUpdateExtensibleList", "Fact": "us-gaap:AccountingStandardsUpdate201613Member", "Period": "2020-01-01 to 2020-01-01"}, "Labels": {}, "References": {}, "Calculation": {}}, "hidden18705947": {"Attributes": {"Tag": "us-gaap:PropertyPlantAndEquipmentUsefulLife", "Fact": "P3Y", "Period": "2020-01-01 to 2020-01-01"}, "Labels": {}, "References": {}, "Calculation": {}}, "hidden18705948": {"Attributes": {"Tag": "us-gaap:PropertyPlantAndEquipmentUsefulLife", "Fact": "P5Y", "Period": "2020-01-01 to 2020-01-01"}, "Labels": {}, "References": {}, "Calculation": {}}, "hidden18702349": {"Attributes": {"Tag": "dei:EntityRegistrantName", "Fact": "UNITED BANKSHARES INC/WV ", "Period": "2020-01-01 to 2020-01-01"}, "Labels": {}, "References": {}, "Calculation": {}}, "hidden18705881": {"Attributes": {"Sign": "Positive", "Measure": "Unit_USD", "Tag": "us-gaap:DepreciationNonproduction", "Fact": 9329000.0, "Period": "2019-01-01 to 2019-01-01"}, "Labels": {}, "References": {}, "Calculation": {}}, "hidden18705949": {"Attributes": {"Tag": "ubsi:FiniteLivedIntangibleAssetsAmortizationPeriods", "Fact": "P1Y", "Period": "2020-01-01 to 2020-01-01"}, "Labels": {}, "References": {}, "Calculation": {}}, "hidden18705950": {"Attributes": {"Tag": "ubsi:FiniteLivedIntangibleAssetsAmortizationPeriods", "Fact": "P10Y", "Period": "2020-01-01 to 2020-01-01"}, "Labels": {}, "References": {}, "Calculation": {}}, "hidden18705880": {"Attributes": {"Sign": "Positive", "Measure": "Unit_USD", "Tag": "us-gaap:AvailableForSaleSecuritiesEquitySecurities", "Fact": 5982000.0, "Period": "As of 2020-12-31"}, "Labels": {}, "References": {}, "Calculation": {}}, "hidden18702833": {"Attributes": {"Tag": "us-gaap:ShareBasedCompensationArrangementByShareBasedPaymentAwardAwardVestingPeriod1", "Fact": "P4D", "Period": "2020-01-01 to 2020-01-01"}, "Labels": {}, "References": {}, "Calculation": {}}, "hidden18705978": {"Attributes": {"Sign": "Positive", "Measure": "Unit_USD", "Tag": "ubsi:TermLoansOriginationYearTwo", "Fact": 152851000.0, "Period": "As of 2020-12-31"}, "Labels": {}, "References": {}, "Calculation": {}}, "hidden18705910": {"Attributes": {"Tag": "ubsi:TransitionPeriodForPhasingToRetainedEarnings", "Fact": "P5Y", "Period": "2020-01-01 to 2020-01-01"}, "Labels": {}, "References": {}, "Calculation": {}}, "hidden18705911": {"Attributes": {"Tag": "ubsi:TransitionPeriodForPhasingToRetainedEarnings", "Fact": "P3Y", "Period": "2020-01-01 to 2020-01-01"}, "Labels": {}, "References": {}, "Calculation": {}}, "Fact_18701463": {"Attributes": {"Format": "numdotdecimal", "Sign": "Positive", "Measure": "Unit_USD", "Scale": "3", "Tag": "us-gaap:FinancingReceivableRecordedInvestmentCurrent", "Fact": 1181565.0, "Period": "As of 2019-12-31"}, "Labels": {}, "References": {}, "Calculation": {}}, "Fact_18701464": {"Attributes": {"Format": "numdotdecimal", "Sign": "Positive", "Measure": "Unit_USD", "Scale": "3", "Tag": "us-gaap:FinancingReceivableRecordedInvestmentCurrent", "Fact": 3943513.0, "Period": "As of 2019-12-31"}, "Labels": {}, "References": {}, "Calculation": {}}, "Fact_18701465": {"Attributes": {"Format": "numdotdecimal", "Sign": "Positive", "Measure": "Unit_USD", "Scale": "3", "Tag": "us-gaap:FinancingReceivableRecordedInvestmentCurrent", "Fact": 2228258.0, "Period": "As of 2019-12-31"}, "Labels": {}, "References": {}, "Calculation": {}}, "Fact_18701466": {"Attributes": {"Format": "numdotdecimal", "Sign": "Positive", "Measure": "Unit_USD", "Scale": "3", "Tag": "us-gaap:FinancingReceivableRecordedInvestmentCurrent", "Fact": 3630331.0, "Period": "As of 2019-12-31"}, "Labels": {}, "References": {}, "Calculation": {}}, "Fact_18701467": {"Attributes": {"Format": "numdotdecimal", "Sign": "Positive", "Measure": "Unit_USD", "Scale": "3", "Tag": "us-gaap:FinancingReceivableRecordedInvestmentCurrent", "Fact": 1389943.0, "Period": "As of 2019-12-31"}, "Labels": {}, "References": {}, "Calculation": {}}, "Fact_18701468": {"Attributes": {"Format": "numdotdecimal", "Sign": "Positive", "Measure": "Unit_USD", "Scale": "3", "Tag": "us-gaap:FinancingReceivableRecordedInvestmentCurrent", "Fact": 9411.0, "Period": "As of 2019-12-31"}, "Labels": {}, "References": {}, "Calculation": {}}, "Fact_18701469": {"Attributes": {"Format": "numdotdecimal", "Sign": "Positive", "Measure": "Unit_USD", "Scale": "3", "Tag": "us-gaap:FinancingReceivableRecordedInvestmentCurrent", "Fact": 1143621.0, "Period": "As of 2019-12-31"}, "Labels": {}, "References": {}, "Calculation": {}}, "Fact_18701470": {"Attributes": {"Format": "numdotdecimal", "Sign": "Positive", "Measure": "Unit_USD", "Scale": "3", "Tag": "us-gaap:FinancingReceivableRecordedInvestmentCurrent", "Fact": 13526642.0, "Period": "As of 2019-12-31"}, "Labels": {}, "References": {}, "Calculation": {}}, "Fact_18701987": {"Attributes": {"Format": "numdotdecimal", "Sign": "Negative", "Measure": "Unit_USD", "Scale": "3", "Tag": "us-gaap:OtherComprehensiveIncomeLossPensionAndOtherPostretirementBenefitPlansNetUnamortizedGainLossArisingDuringPeriodBeforeTax", "Fact": 10583.0, "Period": "2020-01-01 to 2020-01-01"}, "Labels": {}, "References": {}, "Calculation": {}}, "Fact_18703877": {"Attributes": {"Format": "numdotdecimal", "Sign": "Negative", "Measure": "Unit_USD", "Scale": "3", "Tag": "us-gaap:OtherComprehensiveIncomeLossReclassificationAdjustmentFromAOCIPensionAndOtherPostretirementBenefitPlansForNetGainLossBeforeTax", "Fact": 6050.0, "Period": "2020-01-01 to 2020-01-01"}, "Labels": {}, "References": {}, "Calculation": {}}, "Fact_18704208": {"Attributes": {"Format": "numdotdecimal", "Sign": "Positive", "Measure": "Unit_USD", "Scale": "3", "Tag": "us-gaap:AvailableForSaleSecuritiesEquitySecurities", "Fact": 3971.0, "Period": "As of 2019-12-31"}, "Labels": {}, "References": {}, "Calculation": {}}, "Fact_18704209": {"Attributes": {"Format": "numdotdecimal", "Sign": "Positive", "Measure": "Unit_USD", "Scale": "3", "Tag": "us-gaap:AvailableForSaleSecuritiesEquitySecurities", "Fact": 3971.0, "Period": "As of 2019-12-31"}, "Labels": {}, "References": {}, "Calculation": {}}, "Fact_18704210": {"Attributes": {"Format": "numdotdecimal", "Sign": "Positive", "Measure": "Unit_USD", "Scale": "3", "Tag": "us-gaap:AvailableForSaleSecuritiesEquitySecurities", "Fact": 0.0, "Period": "As of 2019-12-31"}, "Labels": {}, "References": {}, "Calculation": {}}, "Fact_18704211": {"Attributes": {"Format": "numdotdecimal", "Sign": "Positive", "Measure": "Unit_USD", "Scale": "3", "Tag": "us-gaap:AvailableForSaleSecuritiesEquitySecurities", "Fact": 0.0, "Period": "As of 2019-12-31"}, "Labels": {}, "References": {}, "Calculation": {}}}