{"hidden21137592": {"Attributes": {"Tag": "dei:EntityRegistrantName", "Fact": "US BANCORP \\DE\\", "Period": "2021-01-01 to 2021-01-01"}, "Labels": {}, "References": {}, "Calculation": {}}, "hidden20830567": {"Attributes": {"Tag": "dei:EntityCurrentReportingStatus", "Fact": "Yes", "Period": "2021-01-01 to 2021-01-01"}, "Labels": {}, "References": {}, "Calculation": {}}, "hidden21117428": {"Attributes": {"Sign": "Positive", "Measure": "Unit_USD_per_Share", "Tag": "us-gaap:EarningsPerShareBasic", "Fact": 0.72, "Period": "2020-01-01 to 2020-01-01"}, "Labels": {}, "References": {}, "Calculation": {}}, "hidden20830663": {"Attributes": {"Sign": "Positive", "Measure": "Unit_pure", "Tag": "usb:LoansAndLeasesReceivableNetOfDeferredIncomePercentage", "Fact": 0.001, "Period": "2020-01-01 to 2020-01-01"}, "Labels": {}, "References": {}, "Calculation": {}}, "hidden20830664": {"Attributes": {"Sign": "Positive", "Measure": "Unit_pure", "Tag": "usb:LoansAndLeasesReceivableNetOfDeferredIncomePercentage", "Fact": 0.009, "Period": "2020-01-01 to 2020-01-01"}, "Labels": {}, "References": {}, "Calculation": {}}, "hidden20830665": {"Attributes": {"Sign": "Positive", "Measure": "Unit_pure", "Tag": "usb:LoansAndLeasesReceivableNetOfDeferredIncomePercentage", "Fact": 0.009, "Period": "2021-01-01 to 2021-01-01"}, "Labels": {}, "References": {}, "Calculation": {}}, "hidden20680615": {"Attributes": {"Sign": "Positive", "Measure": "Unit_USD_per_Share", "Tag": "us-gaap:EarningsPerShareBasic", "Fact": 0.72, "Period": "2020-01-01 to 2020-01-01"}, "Labels": {}, "References": {}, "Calculation": {}}, "hidden20680616": {"Attributes": {"Sign": "Positive", "Measure": "Unit_USD_per_Share", "Tag": "us-gaap:EarningsPerShareDiluted", "Fact": 0.72, "Period": "2020-01-01 to 2020-01-01"}, "Labels": {}, "References": {}, "Calculation": {}}, "hidden20680693": {"Attributes": {"Sign": "Positive", "Measure": "Unit_USD_per_Share", "Tag": "us-gaap:CommonStockDividendsPerShareDeclared", "Fact": 0.42, "Period": "2020-01-01 to 2020-01-01"}, "Labels": {}, "References": {}, "Calculation": {}}, "hidden20680694": {"Attributes": {"Sign": "Positive", "Measure": "Unit_USD_per_Share", "Tag": "us-gaap:CommonStockDividendsPerShareDeclared", "Fact": 0.42, "Period": "2021-01-01 to 2021-01-01"}, "Labels": {}, "References": {}, "Calculation": {}}, "hidden20830555": {"Attributes": {"Tag": "dei:EntityInteractiveDataCurrent", "Fact": "Yes", "Period": "2021-01-01 to 2021-01-01"}, "Labels": {}, "References": {}, "Calculation": {}}, "hidden21117430": {"Attributes": {"Sign": "Positive", "Measure": "Unit_USD_per_Share", "Tag": "us-gaap:EarningsPerShareDiluted", "Fact": 0.72, "Period": "2020-01-01 to 2020-01-01"}, "Labels": {}, "References": {}, "Calculation": {}}, "Fact_20673315": {"Attributes": {"Format": "numdotdecimal", "Sign": "Positive", "Measure": "Unit_USD", "Scale": "6", "Tag": "us-gaap:AvailableForSaleSecuritiesDebtSecurities", "Fact": 156003.0, "Period": "As of 2021-03-31"}, "Labels": {}, "References": {}, "Calculation": {}}, "Fact_20673408": {"Attributes": {"Format": "numdotdecimal", "Sign": "Positive", "Measure": "Unit_USD", "Scale": "6", "Tag": "us-gaap:AvailableForSaleSecuritiesDebtSecurities", "Fact": 136840.0, "Period": "As of 2020-12-31"}, "Labels": {}, "References": {}, "Calculation": {}}, "Fact_20673351": {"Attributes": {"Format": "numdotdecimal", "Sign": "Positive", "Measure": "Unit_USD", "Scale": "6", "Tag": "us-gaap:OtherAssets", "Fact": 40041.0, "Period": "As of 2021-03-31"}, "Labels": {}, "References": {}, "Calculation": {}}, "Fact_20673350": {"Attributes": {"Format": "numdotdecimal", "Sign": "Positive", "Measure": "Unit_USD", "Scale": "6", "Tag": "us-gaap:OtherAssets", "Fact": 39081.0, "Period": "As of 2020-12-31"}, "Labels": {}, "References": {}, "Calculation": {}}, "Fact_20673345": {"Attributes": {"Format": "numdotdecimal", "Sign": "Positive", "Measure": "Unit_USD", "Scale": "6", "Tag": "us-gaap:InterestBearingDepositLiabilities", "Fact": 307007.0, "Period": "As of 2021-03-31"}, "Labels": {}, "References": {}, "Calculation": {}}, "Fact_20673344": {"Attributes": {"Format": "numdotdecimal", "Sign": "Positive", "Measure": "Unit_USD", "Scale": "6", "Tag": "us-gaap:InterestBearingDepositLiabilities", "Fact": 311681.0, "Period": "As of 2020-12-31"}, "Labels": {}, "References": {}, "Calculation": {}}, "Fact_20673535": {"Attributes": {"Format": "numdotdecimal", "Sign": "Negative", "Measure": "Unit_USD", "Scale": "6", "Tag": "us-gaap:StockholdersEquityIncludingPortionAttributableToNoncontrollingInterest", "Fact": 1099.0, "Period": "As of 2019-12-31"}, "Labels": {}, "References": {}, "Calculation": {}}, "Fact_20673534": {"Attributes": {"Format": "numdotdecimal", "Sign": "Negative", "Measure": "Unit_USD", "Scale": "6", "Tag": "us-gaap:StockholdersEquityIncludingPortionAttributableToNoncontrollingInterest", "Fact": 1099.0, "Period": "As of 2019-12-31"}, "Labels": {}, "References": {}, "Calculation": {}}, "Fact_20673533": {"Attributes": {"Format": "numdotdecimal", "Sign": "Negative", "Measure": "Unit_USD", "Scale": "6", "Tag": "us-gaap:StockholdersEquityIncludingPortionAttributableToNoncontrollingInterest", "Fact": 1099.0, "Period": "As of 2019-12-31"}, "Labels": {}, "References": {}, "Calculation": {}}, "Fact_20673432": {"Attributes": {"Format": "numdotdecimal", "Sign": "Positive", "Measure": "Unit_USD", "Scale": "6", "Tag": "us-gaap:DividendsPreferredStock", "Fact": 78.0, "Period": "2020-01-01 to 2020-01-01"}, "Labels": {}, "References": {}, "Calculation": {}}, "Fact_20673431": {"Attributes": {"Format": "numdotdecimal", "Sign": "Positive", "Measure": "Unit_USD", "Scale": "6", "Tag": "us-gaap:DividendsPreferredStock", "Fact": 78.0, "Period": "2020-01-01 to 2020-01-01"}, "Labels": {}, "References": {}, "Calculation": {}}, "Fact_20673430": {"Attributes": {"Format": "numdotdecimal", "Sign": "Positive", "Measure": "Unit_USD", "Scale": "6", "Tag": "us-gaap:DividendsPreferredStock", "Fact": 78.0, "Period": "2020-01-01 to 2020-01-01"}, "Labels": {}, "References": {}, "Calculation": {}}, "Fact_20673525": {"Attributes": {"Format": "numdotdecimal", "Sign": "Positive", "Measure": "Unit_USD", "Scale": "6", "Tag": "us-gaap:DividendsPreferredStock", "Fact": 90.0, "Period": "2021-01-01 to 2021-01-01"}, "Labels": {}, "References": {}, "Calculation": {}}, "Fact_20673526": {"Attributes": {"Format": "numdotdecimal", "Sign": "Positive", "Measure": "Unit_USD", "Scale": "6", "Tag": "us-gaap:DividendsPreferredStock", "Fact": 90.0, "Period": "2021-01-01 to 2021-01-01"}, "Labels": {}, "References": {}, "Calculation": {}}, "Fact_20673527": {"Attributes": {"Format": "numdotdecimal", "Sign": "Positive", "Measure": "Unit_USD", "Scale": "6", "Tag": "us-gaap:DividendsPreferredStock", "Fact": 90.0, "Period": "2021-01-01 to 2021-01-01"}, "Labels": {}, "References": {}, "Calculation": {}}, "Fact_20673699": {"Attributes": {"Format": "numdotdecimal", "Sign": "Positive", "Measure": "Unit_pure", "Scale": "-2", "Tag": "us-gaap:DebtSecuritiesAvailableForSaleMaturityRollingWithinOneYearWeightedAverageYield", "Fact": 1.54, "Period": "As of 2021-03-31"}, "Labels": {}, "References": {}, "Calculation": {}}, "Fact_20673703": {"Attributes": {"Format": "numdotdecimal", "Sign": "Positive", "Measure": "Unit_pure", "Scale": "-2", "Tag": "us-gaap:DebtSecuritiesAvailableForSaleMaturityRollingAfterOneThroughFiveYearsWeightedAverageYield", "Fact": 1.15, "Period": "As of 2021-03-31"}, "Labels": {}, "References": {}, "Calculation": {}}, "Fact_20673707": {"Attributes": {"Format": "numdotdecimal", "Sign": "Positive", "Measure": "Unit_pure", "Scale": "-2", "Tag": "us-gaap:DebtSecuritiesAvailableForSaleMaturityRollingAfterFiveThroughTenYearsWeightedAverageYield", "Fact": 1.33, "Period": "As of 2021-03-31"}, "Labels": {}, "References": {}, "Calculation": {}}, "Fact_20673711": {"Attributes": {"Format": "numdotdecimal", "Sign": "Positive", "Measure": "Unit_pure", "Scale": "-2", "Tag": "us-gaap:DebtSecuritiesAvailableForSaleMaturityRollingAfter10YearsWeightedAverageYield", "Fact": 1.78, "Period": "As of 2021-03-31"}, "Labels": {}, "References": {}, "Calculation": {}}, "Fact_20673715": {"Attributes": {"Format": "numdotdecimal", "Sign": "Positive", "Measure": "Unit_pure", "Scale": "-2", "Tag": "usb:DebtSecuritiesAvailableForSaleWeightedAverageYield", "Fact": 1.31, "Period": "As of 2021-03-31"}, "Labels": {}, "References": {}, "Calculation": {}}, "Fact_20673716": {"Attributes": {"Format": "numdotdecimal", "Sign": "Positive", "Measure": "Unit_USD", "Scale": "6", "Tag": "us-gaap:AvailableForSaleSecuritiesDebtMaturitiesNextRollingTwelveMonthsAmortizedCostBasis", "Fact": 110.0, "Period": "As of 2021-03-31"}, "Labels": {}, "References": {}, "Calculation": {}}, "Fact_20673717": {"Attributes": {"Format": "numdotdecimal", "Sign": "Positive", "Measure": "Unit_USD", "Scale": "6", "Tag": "us-gaap:AvailableForSaleSecuritiesDebtMaturitiesNextRollingTwelveMonthsFairValue", "Fact": 112.0, "Period": "As of 2021-03-31"}, "Labels": {}, "References": {}, "Calculation": {}}, "Fact_20673718": {"Attributes": {"Tag": "usb:AvailableForSaleSecuritiesMaturingInOneYearOrLessWeightedAverageMaturities", "Fact": ".6", "Period": "2021-01-01 to 2021-01-01"}, "Labels": {}, "References": {}, "Calculation": {}}, "Fact_20673719": {"Attributes": {"Format": "numdotdecimal", "Sign": "Positive", "Measure": "Unit_pure", "Scale": "-2", "Tag": "us-gaap:DebtSecuritiesAvailableForSaleMaturityRollingWithinOneYearWeightedAverageYield", "Fact": 2.07, "Period": "As of 2021-03-31"}, "Labels": {}, "References": {}, "Calculation": {}}, "Fact_20673720": {"Attributes": {"Format": "numdotdecimal", "Sign": "Positive", "Measure": "Unit_USD", "Scale": "6", "Tag": "us-gaap:AvailableForSaleSecuritiesDebtMaturitiesRollingYearTwoThroughFiveAmortizedCostBasis", "Fact": 47936.0, "Period": "As of 2021-03-31"}, "Labels": {}, "References": {}, "Calculation": {}}, "Fact_20673721": {"Attributes": {"Format": "numdotdecimal", "Sign": "Positive", "Measure": "Unit_USD", "Scale": "6", "Tag": "us-gaap:AvailableForSaleSecuritiesDebtMaturitiesRollingYearTwoThroughFiveFairValue", "Fact": 49021.0, "Period": "As of 2021-03-31"}, "Labels": {}, "References": {}, "Calculation": {}}, "Fact_20673722": {"Attributes": {"Tag": "usb:AvailableForSaleSecuritiesMaturingAfterOneYearThroughFiveYearsWeightedAverageMaturities", "Fact": "3.6", "Period": "2021-01-01 to 2021-01-01"}, "Labels": {}, "References": {}, "Calculation": {}}, "Fact_20673723": {"Attributes": {"Format": "numdotdecimal", "Sign": "Positive", "Measure": "Unit_pure", "Scale": "-2", "Tag": "us-gaap:DebtSecuritiesAvailableForSaleMaturityRollingAfterOneThroughFiveYearsWeightedAverageYield", "Fact": 1.4, "Period": "As of 2021-03-31"}, "Labels": {}, "References": {}, "Calculation": {}}, "Fact_20673724": {"Attributes": {"Format": "numdotdecimal", "Sign": "Positive", "Measure": "Unit_USD", "Scale": "6", "Tag": "us-gaap:AvailableForSaleSecuritiesDebtMaturitiesRollingYearSixThroughTenAmortizedCostBasis", "Fact": 74785.0, "Period": "As of 2021-03-31"}, "Labels": {}, "References": {}, "Calculation": {}}, "Fact_20673725": {"Attributes": {"Format": "numdotdecimal", "Sign": "Positive", "Measure": "Unit_USD", "Scale": "6", "Tag": "us-gaap:AvailableForSaleSecuritiesDebtMaturitiesRollingYearSixThroughTenFairValue", "Fact": 73077.0, "Period": "As of 2021-03-31"}, "Labels": {}, "References": {}, "Calculation": {}}, "Fact_20673726": {"Attributes": {"Tag": "usb:AvailableForSaleSecuritiesMaturingAfterFiveYearsThroughTenYearsWeightedAverageMaturities", "Fact": "7.8", "Period": "2021-01-01 to 2021-01-01"}, "Labels": {}, "References": {}, "Calculation": {}}, "Fact_20673727": {"Attributes": {"Format": "numdotdecimal", "Sign": "Positive", "Measure": "Unit_pure", "Scale": "-2", "Tag": "us-gaap:DebtSecuritiesAvailableForSaleMaturityRollingAfterFiveThroughTenYearsWeightedAverageYield", "Fact": 1.46, "Period": "As of 2021-03-31"}, "Labels": {}, "References": {}, "Calculation": {}}, "Fact_20673728": {"Attributes": {"Format": "numdotdecimal", "Sign": "Positive", "Measure": "Unit_USD", "Scale": "6", "Tag": "us-gaap:AvailableForSaleSecuritiesDebtMaturitiesRollingAfterYearTenAmortizedCostBasis", "Fact": 52.0, "Period": "As of 2021-03-31"}, "Labels": {}, "References": {}, "Calculation": {}}, "Fact_20673729": {"Attributes": {"Format": "numdotdecimal", "Sign": "Positive", "Measure": "Unit_USD", "Scale": "6", "Tag": "us-gaap:AvailableForSaleSecuritiesDebtMaturitiesRollingAfterYearTenFairValue", "Fact": 52.0, "Period": "As of 2021-03-31"}, "Labels": {}, "References": {}, "Calculation": {}}, "Fact_20673730": {"Attributes": {"Tag": "usb:AvailableForSaleSecuritiesMaturingAfterTenYearsWeightedAverageMaturities", "Fact": "11.9", "Period": "2021-01-01 to 2021-01-01"}, "Labels": {}, "References": {}, "Calculation": {}}, "Fact_20673731": {"Attributes": {"Format": "numdotdecimal", "Sign": "Positive", "Measure": "Unit_pure", "Scale": "-2", "Tag": "us-gaap:DebtSecuritiesAvailableForSaleMaturityRollingAfter10YearsWeightedAverageYield", "Fact": 1.13, "Period": "As of 2021-03-31"}, "Labels": {}, "References": {}, "Calculation": {}}, "Fact_20673732": {"Attributes": {"Format": "numdotdecimal", "Sign": "Positive", "Measure": "Unit_USD", "Scale": "6", "Tag": "us-gaap:AvailableForSaleDebtSecuritiesAmortizedCostBasis", "Fact": 122883.0, "Period": "As of 2021-03-31"}, "Labels": {}, "References": {}, "Calculation": {}}, "Fact_20673733": {"Attributes": {"Format": "numdotdecimal", "Sign": "Positive", "Measure": "Unit_USD", "Scale": "6", "Tag": "us-gaap:AvailableForSaleSecuritiesDebtSecurities", "Fact": 122262.0, "Period": "As of 2021-03-31"}, "Labels": {}, "References": {}, "Calculation": {}}, "Fact_20673734": {"Attributes": {"Tag": "usb:AvailableForSaleSecuritiesWeightedAverageMaturities", "Fact": "6.1", "Period": "2021-01-01 to 2021-01-01"}, "Labels": {}, "References": {}, "Calculation": {}}, "Fact_20673735": {"Attributes": {"Format": "numdotdecimal", "Sign": "Positive", "Measure": "Unit_pure", "Scale": "-2", "Tag": "usb:DebtSecuritiesAvailableForSaleWeightedAverageYield", "Fact": 1.44, "Period": "As of 2021-03-31"}, "Labels": {}, "References": {}, "Calculation": {}}, "Fact_20673738": {"Attributes": {"Tag": "usb:AvailableForSaleSecuritiesMaturingInOneYearOrLessWeightedAverageMaturities", "Fact": ".9", "Period": "2021-01-01 to 2021-01-01"}, "Labels": {}, "References": {}, "Calculation": {}}, "Fact_20673739": {"Attributes": {"Format": "numdotdecimal", "Sign": "Positive", "Measure": "Unit_pure", "Scale": "-2", "Tag": "us-gaap:DebtSecuritiesAvailableForSaleMaturityRollingWithinOneYearWeightedAverageYield", "Fact": 2.69, "Period": "As of 2021-03-31"}, "Labels": {}, "References": {}, "Calculation": {}}, "Fact_20673740": {"Attributes": {"Format": "numdotdecimal", "Sign": "Positive", "Measure": "Unit_USD", "Scale": "6", "Tag": "us-gaap:AvailableForSaleSecuritiesDebtMaturitiesRollingYearTwoThroughFiveAmortizedCostBasis", "Fact": 3.0, "Period": "As of 2021-03-31"}, "Labels": {}, "References": {}, "Calculation": {}}, "Fact_20673741": {"Attributes": {"Format": "numdotdecimal", "Sign": "Positive", "Measure": "Unit_USD", "Scale": "6", "Tag": "us-gaap:AvailableForSaleSecuritiesDebtMaturitiesRollingYearTwoThroughFiveFairValue", "Fact": 4.0, "Period": "As of 2021-03-31"}, "Labels": {}, "References": {}, "Calculation": {}}, "Fact_20673742": {"Attributes": {"Tag": "usb:AvailableForSaleSecuritiesMaturingAfterOneYearThroughFiveYearsWeightedAverageMaturities", "Fact": "2.9", "Period": "2021-01-01 to 2021-01-01"}, "Labels": {}, "References": {}, "Calculation": {}}, "Fact_20673743": {"Attributes": {"Format": "numdotdecimal", "Sign": "Positive", "Measure": "Unit_pure", "Scale": "-2", "Tag": "us-gaap:DebtSecuritiesAvailableForSaleMaturityRollingAfterOneThroughFiveYearsWeightedAverageYield", "Fact": 1.74, "Period": "As of 2021-03-31"}, "Labels": {}, "References": {}, "Calculation": {}}, "Fact_20673744": {"Attributes": {"Format": "numdotdecimal", "Sign": "Positive", "Measure": "Unit_USD", "Scale": "6", "Tag": "us-gaap:AvailableForSaleSecuritiesDebtMaturitiesRollingYearSixThroughTenAmortizedCostBasis", "Fact": 194.0, "Period": "As of 2021-03-31"}, "Labels": {}, "References": {}, "Calculation": {}}, "Fact_20673745": {"Attributes": {"Format": "numdotdecimal", "Sign": "Positive", "Measure": "Unit_USD", "Scale": "6", "Tag": "us-gaap:AvailableForSaleSecuritiesDebtMaturitiesRollingYearSixThroughTenFairValue", "Fact": 197.0, "Period": "As of 2021-03-31"}, "Labels": {}, "References": {}, "Calculation": {}}, "Fact_20673746": {"Attributes": {"Tag": "usb:AvailableForSaleSecuritiesMaturingAfterFiveYearsThroughTenYearsWeightedAverageMaturities", "Fact": "6.0", "Period": "2021-01-01 to 2021-01-01"}, "Labels": {}, "References": {}, "Calculation": {}}, "Fact_20673747": {"Attributes": {"Format": "numdotdecimal", "Sign": "Positive", "Measure": "Unit_pure", "Scale": "-2", "Tag": "us-gaap:DebtSecuritiesAvailableForSaleMaturityRollingAfterFiveThroughTenYearsWeightedAverageYield", "Fact": 1.08, "Period": "As of 2021-03-31"}, "Labels": {}, "References": {}, "Calculation": {}}, "Fact_20673749": {"Attributes": {"Format": "numdotdecimal", "Sign": "Positive", "Measure": "Unit_USD", "Scale": "6", "Tag": "us-gaap:AvailableForSaleSecuritiesDebtMaturitiesRollingAfterYearTenFairValue", "Fact": 1.0, "Period": "As of 2021-03-31"}, "Labels": {}, "References": {}, "Calculation": {}}, "Fact_20673750": {"Attributes": {"Tag": "usb:AvailableForSaleSecuritiesMaturingAfterTenYearsWeightedAverageMaturities", "Fact": "13.6", "Period": "2021-01-01 to 2021-01-01"}, "Labels": {}, "References": {}, "Calculation": {}}, "Fact_20673751": {"Attributes": {"Format": "numdotdecimal", "Sign": "Positive", "Measure": "Unit_pure", "Scale": "-2", "Tag": "us-gaap:DebtSecuritiesAvailableForSaleMaturityRollingAfter10YearsWeightedAverageYield", "Fact": 2.41, "Period": "As of 2021-03-31"}, "Labels": {}, "References": {}, "Calculation": {}}, "Fact_20673752": {"Attributes": {"Format": "numdotdecimal", "Sign": "Positive", "Measure": "Unit_USD", "Scale": "6", "Tag": "us-gaap:AvailableForSaleDebtSecuritiesAmortizedCostBasis", "Fact": 197.0, "Period": "As of 2021-03-31"}, "Labels": {}, "References": {}, "Calculation": {}}, "Fact_20673753": {"Attributes": {"Format": "numdotdecimal", "Sign": "Positive", "Measure": "Unit_USD", "Scale": "6", "Tag": "us-gaap:AvailableForSaleSecuritiesDebtSecurities", "Fact": 202.0, "Period": "As of 2021-03-31"}, "Labels": {}, "References": {}, "Calculation": {}}, "Fact_20673754": {"Attributes": {"Tag": "usb:AvailableForSaleSecuritiesWeightedAverageMaturities", "Fact": "5.9", "Period": "2021-01-01 to 2021-01-01"}, "Labels": {}, "References": {}, "Calculation": {}}, "Fact_20673755": {"Attributes": {"Format": "numdotdecimal", "Sign": "Positive", "Measure": "Unit_pure", "Scale": "-2", "Tag": "usb:DebtSecuritiesAvailableForSaleWeightedAverageYield", "Fact": 1.09, "Period": "As of 2021-03-31"}, "Labels": {}, "References": {}, "Calculation": {}}, "Fact_20673756": {"Attributes": {"Format": "numdotdecimal", "Sign": "Positive", "Measure": "Unit_USD", "Scale": "6", "Tag": "us-gaap:AvailableForSaleSecuritiesDebtMaturitiesNextRollingTwelveMonthsAmortizedCostBasis", "Fact": 178.0, "Period": "As of 2021-03-31"}, "Labels": {}, "References": {}, "Calculation": {}}, "Fact_20673757": {"Attributes": {"Format": "numdotdecimal", "Sign": "Positive", "Measure": "Unit_USD", "Scale": "6", "Tag": "us-gaap:AvailableForSaleSecuritiesDebtMaturitiesNextRollingTwelveMonthsFairValue", "Fact": 182.0, "Period": "As of 2021-03-31"}, "Labels": {}, "References": {}, "Calculation": {}}, "Fact_20673758": {"Attributes": {"Tag": "usb:AvailableForSaleSecuritiesMaturingInOneYearOrLessWeightedAverageMaturities", "Fact": ".7", "Period": "2021-01-01 to 2021-01-01"}, "Labels": {}, "References": {}, "Calculation": {}}, "Fact_20673759": {"Attributes": {"Format": "numdotdecimal", "Sign": "Positive", "Measure": "Unit_pure", "Scale": "-2", "Tag": "us-gaap:DebtSecuritiesAvailableForSaleMaturityRollingWithinOneYearWeightedAverageYield", "Fact": 4.21, "Period": "As of 2021-03-31"}, "Labels": {}, "References": {}, "Calculation": {}}, "Fact_20673760": {"Attributes": {"Format": "numdotdecimal", "Sign": "Positive", "Measure": "Unit_USD", "Scale": "6", "Tag": "us-gaap:AvailableForSaleSecuritiesDebtMaturitiesRollingYearTwoThroughFiveAmortizedCostBasis", "Fact": 1451.0, "Period": "As of 2021-03-31"}, "Labels": {}, "References": {}, "Calculation": {}}, "Fact_20673761": {"Attributes": {"Format": "numdotdecimal", "Sign": "Positive", "Measure": "Unit_USD", "Scale": "6", "Tag": "us-gaap:AvailableForSaleSecuritiesDebtMaturitiesRollingYearTwoThroughFiveFairValue", "Fact": 1539.0, "Period": "As of 2021-03-31"}, "Labels": {}, "References": {}, "Calculation": {}}, "Fact_20673762": {"Attributes": {"Tag": "usb:AvailableForSaleSecuritiesMaturingAfterOneYearThroughFiveYearsWeightedAverageMaturities", "Fact": "3.5", "Period": "2021-01-01 to 2021-01-01"}, "Labels": {}, "References": {}, "Calculation": {}}, "Fact_20673763": {"Attributes": {"Format": "numdotdecimal", "Sign": "Positive", "Measure": "Unit_pure", "Scale": "-2", "Tag": "us-gaap:DebtSecuritiesAvailableForSaleMaturityRollingAfterOneThroughFiveYearsWeightedAverageYield", "Fact": 4.39, "Period": "As of 2021-03-31"}, "Labels": {}, "References": {}, "Calculation": {}}, "Fact_20673764": {"Attributes": {"Format": "numdotdecimal", "Sign": "Positive", "Measure": "Unit_USD", "Scale": "6", "Tag": "us-gaap:AvailableForSaleSecuritiesDebtMaturitiesRollingYearSixThroughTenAmortizedCostBasis", "Fact": 6624.0, "Period": "As of 2021-03-31"}, "Labels": {}, "References": {}, "Calculation": {}}, "Fact_20673765": {"Attributes": {"Format": "numdotdecimal", "Sign": "Positive", "Measure": "Unit_USD", "Scale": "6", "Tag": "us-gaap:AvailableForSaleSecuritiesDebtMaturitiesRollingYearSixThroughTenFairValue", "Fact": 7066.0, "Period": "As of 2021-03-31"}, "Labels": {}, "References": {}, "Calculation": {}}, "Fact_20673766": {"Attributes": {"Tag": "usb:AvailableForSaleSecuritiesMaturingAfterFiveYearsThroughTenYearsWeightedAverageMaturities", "Fact": "6.9", "Period": "2021-01-01 to 2021-01-01"}, "Labels": {}, "References": {}, "Calculation": {}}, "Fact_20673767": {"Attributes": {"Format": "numdotdecimal", "Sign": "Positive", "Measure": "Unit_pure", "Scale": "-2", "Tag": "us-gaap:DebtSecuritiesAvailableForSaleMaturityRollingAfterFiveThroughTenYearsWeightedAverageYield", "Fact": 3.86, "Period": "As of 2021-03-31"}, "Labels": {}, "References": {}, "Calculation": {}}, "Fact_20673768": {"Attributes": {"Format": "numdotdecimal", "Sign": "Positive", "Measure": "Unit_USD", "Scale": "6", "Tag": "us-gaap:AvailableForSaleSecuritiesDebtMaturitiesRollingAfterYearTenAmortizedCostBasis", "Fact": 434.0, "Period": "As of 2021-03-31"}, "Labels": {}, "References": {}, "Calculation": {}}, "Fact_20673769": {"Attributes": {"Format": "numdotdecimal", "Sign": "Positive", "Measure": "Unit_USD", "Scale": "6", "Tag": "us-gaap:AvailableForSaleSecuritiesDebtMaturitiesRollingAfterYearTenFairValue", "Fact": 428.0, "Period": "As of 2021-03-31"}, "Labels": {}, "References": {}, "Calculation": {}}, "Fact_20673770": {"Attributes": {"Tag": "usb:AvailableForSaleSecuritiesMaturingAfterTenYearsWeightedAverageMaturities", "Fact": "17.4", "Period": "2021-01-01 to 2021-01-01"}, "Labels": {}, "References": {}, "Calculation": {}}, "Fact_20673771": {"Attributes": {"Format": "numdotdecimal", "Sign": "Positive", "Measure": "Unit_pure", "Scale": "-2", "Tag": "us-gaap:DebtSecuritiesAvailableForSaleMaturityRollingAfter10YearsWeightedAverageYield", "Fact": 2.57, "Period": "As of 2021-03-31"}, "Labels": {}, "References": {}, "Calculation": {}}, "Fact_20673772": {"Attributes": {"Format": "numdotdecimal", "Sign": "Positive", "Measure": "Unit_USD", "Scale": "6", "Tag": "us-gaap:AvailableForSaleDebtSecuritiesAmortizedCostBasis", "Fact": 8687.0, "Period": "As of 2021-03-31"}, "Labels": {}, "References": {}, "Calculation": {}}, "Fact_20673773": {"Attributes": {"Format": "numdotdecimal", "Sign": "Positive", "Measure": "Unit_USD", "Scale": "6", "Tag": "us-gaap:AvailableForSaleSecuritiesDebtSecurities", "Fact": 9215.0, "Period": "As of 2021-03-31"}, "Labels": {}, "References": {}, "Calculation": {}}, "Fact_20673774": {"Attributes": {"Tag": "usb:AvailableForSaleSecuritiesWeightedAverageMaturities", "Fact": "6.7", "Period": "2021-01-01 to 2021-01-01"}, "Labels": {}, "References": {}, "Calculation": {}}, "Fact_20673775": {"Attributes": {"Format": "numdotdecimal", "Sign": "Positive", "Measure": "Unit_pure", "Scale": "-2", "Tag": "usb:DebtSecuritiesAvailableForSaleWeightedAverageYield", "Fact": 3.89, "Period": "As of 2021-03-31"}, "Labels": {}, "References": {}, "Calculation": {}}, "Fact_20673779": {"Attributes": {"Format": "numdotdecimal", "Sign": "Positive", "Measure": "Unit_pure", "Scale": "-2", "Tag": "us-gaap:DebtSecuritiesAvailableForSaleMaturityRollingWithinOneYearWeightedAverageYield", "Fact": 2.07, "Period": "As of 2021-03-31"}, "Labels": {}, "References": {}, "Calculation": {}}, "Fact_20673795": {"Attributes": {"Format": "numdotdecimal", "Sign": "Positive", "Measure": "Unit_pure", "Scale": "-2", "Tag": "usb:DebtSecuritiesAvailableForSaleWeightedAverageYield", "Fact": 2.07, "Period": "As of 2021-03-31"}, "Labels": {}, "References": {}, "Calculation": {}}, "Fact_20673796": {"Attributes": {"Format": "numdotdecimal", "Sign": "Positive", "Measure": "Unit_USD", "Scale": "6", "Tag": "us-gaap:AvailableForSaleDebtSecuritiesAmortizedCostBasis", "Fact": 156175.0, "Period": "As of 2021-03-31"}, "Labels": {}, "References": {}, "Calculation": {}}, "Fact_20673797": {"Attributes": {"Format": "numdotdecimal", "Sign": "Positive", "Measure": "Unit_USD", "Scale": "6", "Tag": "us-gaap:AvailableForSaleSecuritiesDebtSecurities", "Fact": 156003.0, "Period": "As of 2021-03-31"}, "Labels": {}, "References": {}, "Calculation": {}}, "Fact_20673798": {"Attributes": {"Tag": "usb:AvailableForSaleSecuritiesWeightedAverageMaturities", "Fact": "5.9", "Period": "2021-01-01 to 2021-01-01"}, "Labels": {}, "References": {}, "Calculation": {}}, "Fact_20673799": {"Attributes": {"Format": "numdotdecimal", "Sign": "Positive", "Measure": "Unit_pure", "Scale": "-2", "Tag": "usb:DebtSecuritiesAvailableForSaleWeightedAverageYield", "Fact": 1.55, "Period": "As of 2021-03-31"}, "Labels": {}, "References": {}, "Calculation": {}}, "Fact_20675284": {"Attributes": {"Format": "numdotdecimal", "Sign": "Positive", "Measure": "Unit_USD", "Scale": "6", "Tag": "usb:IssuanceCostsOfCalledPreferredStock", "Fact": 5.0, "Period": "2021-01-01 to 2021-01-01"}, "Labels": {}, "References": {}, "Calculation": {}}}