<?xml version="1.0" encoding="UTF-8" ?><root><hidden21137592 type="dict"><Attributes type="dict"><Tag type="str">dei:EntityRegistrantName</Tag><Fact type="list"><item type="str">U</item><item type="str">S</item><item type="str"> </item><item type="str">B</item><item type="str">A</item><item type="str">N</item><item type="str">C</item><item type="str">O</item><item type="str">R</item><item type="str">P</item><item type="str"> </item><item type="str">\</item><item type="str">D</item><item type="str">E</item><item type="str">\</item></Fact><Period type="str">2021-01-01 to 2021-01-01</Period></Attributes><Labels type="dict"></Labels><References type="dict"></References><Calculation type="dict"></Calculation></hidden21137592><hidden20830567 type="dict"><Attributes type="dict"><Tag type="str">dei:EntityCurrentReportingStatus</Tag><Fact type="list"><item type="str">Y</item><item type="str">e</item><item type="str">s</item></Fact><Period type="str">2021-01-01 to 2021-01-01</Period></Attributes><Labels type="dict"></Labels><References type="dict"></References><Calculation type="dict"></Calculation></hidden20830567><hidden21117428 type="dict"><Attributes type="dict"><Sign type="str">Positive</Sign><Measure type="str">Unit_USD_per_Share</Measure><Tag type="str">us-gaap:EarningsPerShareBasic</Tag><Fact type="float">0.72</Fact><Period type="str">2020-01-01 to 2020-01-01</Period></Attributes><Labels type="dict"></Labels><References type="dict"></References><Calculation type="dict"></Calculation></hidden21117428><hidden20830663 type="dict"><Attributes type="dict"><Sign type="str">Positive</Sign><Measure type="str">Unit_pure</Measure><Tag type="str">usb:LoansAndLeasesReceivableNetOfDeferredIncomePercentage</Tag><Fact type="float">0.001</Fact><Period type="str">2020-01-01 to 2020-01-01</Period></Attributes><Labels type="dict"></Labels><References type="dict"></References><Calculation type="dict"></Calculation></hidden20830663><hidden20830664 type="dict"><Attributes type="dict"><Sign type="str">Positive</Sign><Measure type="str">Unit_pure</Measure><Tag type="str">usb:LoansAndLeasesReceivableNetOfDeferredIncomePercentage</Tag><Fact type="float">0.009</Fact><Period type="str">2020-01-01 to 2020-01-01</Period></Attributes><Labels type="dict"></Labels><References type="dict"></References><Calculation type="dict"></Calculation></hidden20830664><hidden20830665 type="dict"><Attributes type="dict"><Sign type="str">Positive</Sign><Measure type="str">Unit_pure</Measure><Tag type="str">usb:LoansAndLeasesReceivableNetOfDeferredIncomePercentage</Tag><Fact type="float">0.009</Fact><Period type="str">2021-01-01 to 2021-01-01</Period></Attributes><Labels type="dict"></Labels><References type="dict"></References><Calculation type="dict"></Calculation></hidden20830665><hidden20680615 type="dict"><Attributes type="dict"><Sign type="str">Positive</Sign><Measure type="str">Unit_USD_per_Share</Measure><Tag type="str">us-gaap:EarningsPerShareBasic</Tag><Fact type="float">0.72</Fact><Period type="str">2020-01-01 to 2020-01-01</Period></Attributes><Labels type="dict"></Labels><References type="dict"></References><Calculation type="dict"></Calculation></hidden20680615><hidden20680616 type="dict"><Attributes type="dict"><Sign type="str">Positive</Sign><Measure type="str">Unit_USD_per_Share</Measure><Tag type="str">us-gaap:EarningsPerShareDiluted</Tag><Fact type="float">0.72</Fact><Period type="str">2020-01-01 to 2020-01-01</Period></Attributes><Labels type="dict"></Labels><References type="dict"></References><Calculation type="dict"></Calculation></hidden20680616><hidden20680693 type="dict"><Attributes type="dict"><Sign type="str">Positive</Sign><Measure type="str">Unit_USD_per_Share</Measure><Tag type="str">us-gaap:CommonStockDividendsPerShareDeclared</Tag><Fact type="float">0.42</Fact><Period type="str">2020-01-01 to 2020-01-01</Period></Attributes><Labels type="dict"></Labels><References type="dict"></References><Calculation type="dict"></Calculation></hidden20680693><hidden20680694 type="dict"><Attributes type="dict"><Sign type="str">Positive</Sign><Measure type="str">Unit_USD_per_Share</Measure><Tag type="str">us-gaap:CommonStockDividendsPerShareDeclared</Tag><Fact type="float">0.42</Fact><Period type="str">2021-01-01 to 2021-01-01</Period></Attributes><Labels type="dict"></Labels><References type="dict"></References><Calculation type="dict"></Calculation></hidden20680694><hidden20830555 type="dict"><Attributes type="dict"><Tag type="str">dei:EntityInteractiveDataCurrent</Tag><Fact type="list"><item type="str">Y</item><item type="str">e</item><item type="str">s</item></Fact><Period type="str">2021-01-01 to 2021-01-01</Period></Attributes><Labels type="dict"></Labels><References type="dict"></References><Calculation type="dict"></Calculation></hidden20830555><hidden21117430 type="dict"><Attributes type="dict"><Sign type="str">Positive</Sign><Measure type="str">Unit_USD_per_Share</Measure><Tag type="str">us-gaap:EarningsPerShareDiluted</Tag><Fact type="float">0.72</Fact><Period type="str">2020-01-01 to 2020-01-01</Period></Attributes><Labels type="dict"></Labels><References type="dict"></References><Calculation type="dict"></Calculation></hidden21117430><Fact_20673315 type="dict"><Attributes type="dict"><Format type="str">numdotdecimal</Format><Sign type="str">Positive</Sign><Measure type="str">Unit_USD</Measure><Scale type="str">6</Scale><Tag type="str">us-gaap:AvailableForSaleSecuritiesDebtSecurities</Tag><Fact type="float">156003.0</Fact><Period type="str">As of 2021-03-31</Period></Attributes><Labels type="dict"></Labels><References type="dict"></References><Calculation type="dict"></Calculation></Fact_20673315><Fact_20673408 type="dict"><Attributes type="dict"><Format type="str">numdotdecimal</Format><Sign type="str">Positive</Sign><Measure type="str">Unit_USD</Measure><Scale type="str">6</Scale><Tag type="str">us-gaap:AvailableForSaleSecuritiesDebtSecurities</Tag><Fact type="float">136840.0</Fact><Period type="str">As of 2020-12-31</Period></Attributes><Labels type="dict"></Labels><References type="dict"></References><Calculation type="dict"></Calculation></Fact_20673408><Fact_20673351 type="dict"><Attributes type="dict"><Format type="str">numdotdecimal</Format><Sign type="str">Positive</Sign><Measure type="str">Unit_USD</Measure><Scale type="str">6</Scale><Tag type="str">us-gaap:OtherAssets</Tag><Fact type="float">40041.0</Fact><Period type="str">As of 2021-03-31</Period></Attributes><Labels type="dict"></Labels><References type="dict"></References><Calculation type="dict"></Calculation></Fact_20673351><Fact_20673350 type="dict"><Attributes type="dict"><Format type="str">numdotdecimal</Format><Sign type="str">Positive</Sign><Measure type="str">Unit_USD</Measure><Scale type="str">6</Scale><Tag type="str">us-gaap:OtherAssets</Tag><Fact type="float">39081.0</Fact><Period type="str">As of 2020-12-31</Period></Attributes><Labels type="dict"></Labels><References type="dict"></References><Calculation type="dict"></Calculation></Fact_20673350><Fact_20673345 type="dict"><Attributes type="dict"><Format type="str">numdotdecimal</Format><Sign type="str">Positive</Sign><Measure type="str">Unit_USD</Measure><Scale type="str">6</Scale><Tag type="str">us-gaap:InterestBearingDepositLiabilities</Tag><Fact type="float">307007.0</Fact><Period type="str">As of 2021-03-31</Period></Attributes><Labels type="dict"></Labels><References type="dict"></References><Calculation type="dict"></Calculation></Fact_20673345><Fact_20673344 type="dict"><Attributes type="dict"><Format type="str">numdotdecimal</Format><Sign type="str">Positive</Sign><Measure type="str">Unit_USD</Measure><Scale type="str">6</Scale><Tag type="str">us-gaap:InterestBearingDepositLiabilities</Tag><Fact type="float">311681.0</Fact><Period type="str">As of 2020-12-31</Period></Attributes><Labels type="dict"></Labels><References type="dict"></References><Calculation type="dict"></Calculation></Fact_20673344><Fact_20673535 type="dict"><Attributes type="dict"><Format type="str">numdotdecimal</Format><Sign type="str">Negative</Sign><Measure type="str">Unit_USD</Measure><Scale type="str">6</Scale><Tag type="str">us-gaap:StockholdersEquityIncludingPortionAttributableToNoncontrollingInterest</Tag><Fact type="float">1099.0</Fact><Period type="str">As of 2019-12-31</Period></Attributes><Labels type="dict"></Labels><References type="dict"></References><Calculation type="dict"></Calculation></Fact_20673535><Fact_20673534 type="dict"><Attributes type="dict"><Format type="str">numdotdecimal</Format><Sign type="str">Negative</Sign><Measure type="str">Unit_USD</Measure><Scale type="str">6</Scale><Tag type="str">us-gaap:StockholdersEquityIncludingPortionAttributableToNoncontrollingInterest</Tag><Fact type="float">1099.0</Fact><Period type="str">As of 2019-12-31</Period></Attributes><Labels type="dict"></Labels><References type="dict"></References><Calculation type="dict"></Calculation></Fact_20673534><Fact_20673533 type="dict"><Attributes type="dict"><Format type="str">numdotdecimal</Format><Sign type="str">Negative</Sign><Measure type="str">Unit_USD</Measure><Scale type="str">6</Scale><Tag type="str">us-gaap:StockholdersEquityIncludingPortionAttributableToNoncontrollingInterest</Tag><Fact type="float">1099.0</Fact><Period type="str">As of 2019-12-31</Period></Attributes><Labels type="dict"></Labels><References type="dict"></References><Calculation type="dict"></Calculation></Fact_20673533><Fact_20673432 type="dict"><Attributes type="dict"><Format type="str">numdotdecimal</Format><Sign type="str">Positive</Sign><Measure type="str">Unit_USD</Measure><Scale type="str">6</Scale><Tag type="str">us-gaap:DividendsPreferredStock</Tag><Fact type="float">78.0</Fact><Period type="str">2020-01-01 to 2020-01-01</Period></Attributes><Labels type="dict"></Labels><References type="dict"></References><Calculation type="dict"></Calculation></Fact_20673432><Fact_20673431 type="dict"><Attributes type="dict"><Format type="str">numdotdecimal</Format><Sign type="str">Positive</Sign><Measure type="str">Unit_USD</Measure><Scale type="str">6</Scale><Tag type="str">us-gaap:DividendsPreferredStock</Tag><Fact type="float">78.0</Fact><Period type="str">2020-01-01 to 2020-01-01</Period></Attributes><Labels type="dict"></Labels><References type="dict"></References><Calculation type="dict"></Calculation></Fact_20673431><Fact_20673430 type="dict"><Attributes type="dict"><Format type="str">numdotdecimal</Format><Sign type="str">Positive</Sign><Measure type="str">Unit_USD</Measure><Scale type="str">6</Scale><Tag type="str">us-gaap:DividendsPreferredStock</Tag><Fact type="float">78.0</Fact><Period type="str">2020-01-01 to 2020-01-01</Period></Attributes><Labels type="dict"></Labels><References type="dict"></References><Calculation type="dict"></Calculation></Fact_20673430><Fact_20673525 type="dict"><Attributes type="dict"><Format type="str">numdotdecimal</Format><Sign type="str">Positive</Sign><Measure type="str">Unit_USD</Measure><Scale type="str">6</Scale><Tag type="str">us-gaap:DividendsPreferredStock</Tag><Fact type="float">90.0</Fact><Period type="str">2021-01-01 to 2021-01-01</Period></Attributes><Labels type="dict"></Labels><References type="dict"></References><Calculation type="dict"></Calculation></Fact_20673525><Fact_20673526 type="dict"><Attributes type="dict"><Format type="str">numdotdecimal</Format><Sign type="str">Positive</Sign><Measure type="str">Unit_USD</Measure><Scale type="str">6</Scale><Tag type="str">us-gaap:DividendsPreferredStock</Tag><Fact type="float">90.0</Fact><Period type="str">2021-01-01 to 2021-01-01</Period></Attributes><Labels type="dict"></Labels><References type="dict"></References><Calculation type="dict"></Calculation></Fact_20673526><Fact_20673527 type="dict"><Attributes type="dict"><Format type="str">numdotdecimal</Format><Sign type="str">Positive</Sign><Measure type="str">Unit_USD</Measure><Scale type="str">6</Scale><Tag type="str">us-gaap:DividendsPreferredStock</Tag><Fact type="float">90.0</Fact><Period type="str">2021-01-01 to 2021-01-01</Period></Attributes><Labels type="dict"></Labels><References type="dict"></References><Calculation type="dict"></Calculation></Fact_20673527><Fact_20673699 type="dict"><Attributes type="dict"><Format type="str">numdotdecimal</Format><Sign type="str">Positive</Sign><Measure type="str">Unit_pure</Measure><Scale type="str">-2</Scale><Tag type="str">us-gaap:DebtSecuritiesAvailableForSaleMaturityRollingWithinOneYearWeightedAverageYield</Tag><Fact type="float">1.54</Fact><Period type="str">As of 2021-03-31</Period></Attributes><Labels type="dict"></Labels><References type="dict"></References><Calculation type="dict"></Calculation></Fact_20673699><Fact_20673703 type="dict"><Attributes type="dict"><Format type="str">numdotdecimal</Format><Sign type="str">Positive</Sign><Measure type="str">Unit_pure</Measure><Scale type="str">-2</Scale><Tag type="str">us-gaap:DebtSecuritiesAvailableForSaleMaturityRollingAfterOneThroughFiveYearsWeightedAverageYield</Tag><Fact type="float">1.15</Fact><Period type="str">As of 2021-03-31</Period></Attributes><Labels type="dict"></Labels><References type="dict"></References><Calculation type="dict"></Calculation></Fact_20673703><Fact_20673707 type="dict"><Attributes type="dict"><Format type="str">numdotdecimal</Format><Sign type="str">Positive</Sign><Measure type="str">Unit_pure</Measure><Scale type="str">-2</Scale><Tag type="str">us-gaap:DebtSecuritiesAvailableForSaleMaturityRollingAfterFiveThroughTenYearsWeightedAverageYield</Tag><Fact type="float">1.33</Fact><Period type="str">As of 2021-03-31</Period></Attributes><Labels type="dict"></Labels><References type="dict"></References><Calculation type="dict"></Calculation></Fact_20673707><Fact_20673711 type="dict"><Attributes type="dict"><Format type="str">numdotdecimal</Format><Sign type="str">Positive</Sign><Measure type="str">Unit_pure</Measure><Scale type="str">-2</Scale><Tag type="str">us-gaap:DebtSecuritiesAvailableForSaleMaturityRollingAfter10YearsWeightedAverageYield</Tag><Fact type="float">1.78</Fact><Period type="str">As of 2021-03-31</Period></Attributes><Labels type="dict"></Labels><References type="dict"></References><Calculation type="dict"></Calculation></Fact_20673711><Fact_20673715 type="dict"><Attributes type="dict"><Format type="str">numdotdecimal</Format><Sign type="str">Positive</Sign><Measure type="str">Unit_pure</Measure><Scale type="str">-2</Scale><Tag type="str">usb:DebtSecuritiesAvailableForSaleWeightedAverageYield</Tag><Fact type="float">1.31</Fact><Period type="str">As of 2021-03-31</Period></Attributes><Labels type="dict"></Labels><References type="dict"></References><Calculation type="dict"></Calculation></Fact_20673715><Fact_20673716 type="dict"><Attributes type="dict"><Format type="str">numdotdecimal</Format><Sign type="str">Positive</Sign><Measure type="str">Unit_USD</Measure><Scale type="str">6</Scale><Tag type="str">us-gaap:AvailableForSaleSecuritiesDebtMaturitiesNextRollingTwelveMonthsAmortizedCostBasis</Tag><Fact type="float">110.0</Fact><Period type="str">As of 2021-03-31</Period></Attributes><Labels type="dict"></Labels><References type="dict"></References><Calculation type="dict"></Calculation></Fact_20673716><Fact_20673717 type="dict"><Attributes type="dict"><Format type="str">numdotdecimal</Format><Sign type="str">Positive</Sign><Measure type="str">Unit_USD</Measure><Scale type="str">6</Scale><Tag type="str">us-gaap:AvailableForSaleSecuritiesDebtMaturitiesNextRollingTwelveMonthsFairValue</Tag><Fact type="float">112.0</Fact><Period type="str">As of 2021-03-31</Period></Attributes><Labels type="dict"></Labels><References type="dict"></References><Calculation type="dict"></Calculation></Fact_20673717><Fact_20673718 type="dict"><Attributes type="dict"><Tag type="str">usb:AvailableForSaleSecuritiesMaturingInOneYearOrLessWeightedAverageMaturities</Tag><Fact type="list"><item type="str">.</item><item type="str">6</item></Fact><Period type="str">2021-01-01 to 2021-01-01</Period></Attributes><Labels type="dict"></Labels><References type="dict"></References><Calculation type="dict"></Calculation></Fact_20673718><Fact_20673719 type="dict"><Attributes type="dict"><Format type="str">numdotdecimal</Format><Sign type="str">Positive</Sign><Measure type="str">Unit_pure</Measure><Scale type="str">-2</Scale><Tag type="str">us-gaap:DebtSecuritiesAvailableForSaleMaturityRollingWithinOneYearWeightedAverageYield</Tag><Fact type="float">2.07</Fact><Period type="str">As of 2021-03-31</Period></Attributes><Labels type="dict"></Labels><References type="dict"></References><Calculation type="dict"></Calculation></Fact_20673719><Fact_20673720 type="dict"><Attributes type="dict"><Format type="str">numdotdecimal</Format><Sign type="str">Positive</Sign><Measure type="str">Unit_USD</Measure><Scale type="str">6</Scale><Tag type="str">us-gaap:AvailableForSaleSecuritiesDebtMaturitiesRollingYearTwoThroughFiveAmortizedCostBasis</Tag><Fact type="float">47936.0</Fact><Period type="str">As of 2021-03-31</Period></Attributes><Labels type="dict"></Labels><References type="dict"></References><Calculation type="dict"></Calculation></Fact_20673720><Fact_20673721 type="dict"><Attributes type="dict"><Format type="str">numdotdecimal</Format><Sign type="str">Positive</Sign><Measure type="str">Unit_USD</Measure><Scale type="str">6</Scale><Tag type="str">us-gaap:AvailableForSaleSecuritiesDebtMaturitiesRollingYearTwoThroughFiveFairValue</Tag><Fact type="float">49021.0</Fact><Period type="str">As of 2021-03-31</Period></Attributes><Labels type="dict"></Labels><References type="dict"></References><Calculation type="dict"></Calculation></Fact_20673721><Fact_20673722 type="dict"><Attributes type="dict"><Tag type="str">usb:AvailableForSaleSecuritiesMaturingAfterOneYearThroughFiveYearsWeightedAverageMaturities</Tag><Fact type="list"><item type="str">3</item><item type="str">.</item><item type="str">6</item></Fact><Period type="str">2021-01-01 to 2021-01-01</Period></Attributes><Labels type="dict"></Labels><References type="dict"></References><Calculation type="dict"></Calculation></Fact_20673722><Fact_20673723 type="dict"><Attributes type="dict"><Format type="str">numdotdecimal</Format><Sign type="str">Positive</Sign><Measure type="str">Unit_pure</Measure><Scale type="str">-2</Scale><Tag type="str">us-gaap:DebtSecuritiesAvailableForSaleMaturityRollingAfterOneThroughFiveYearsWeightedAverageYield</Tag><Fact type="float">1.4</Fact><Period type="str">As of 2021-03-31</Period></Attributes><Labels type="dict"></Labels><References type="dict"></References><Calculation type="dict"></Calculation></Fact_20673723><Fact_20673724 type="dict"><Attributes type="dict"><Format type="str">numdotdecimal</Format><Sign type="str">Positive</Sign><Measure type="str">Unit_USD</Measure><Scale type="str">6</Scale><Tag type="str">us-gaap:AvailableForSaleSecuritiesDebtMaturitiesRollingYearSixThroughTenAmortizedCostBasis</Tag><Fact type="float">74785.0</Fact><Period type="str">As of 2021-03-31</Period></Attributes><Labels type="dict"></Labels><References type="dict"></References><Calculation type="dict"></Calculation></Fact_20673724><Fact_20673725 type="dict"><Attributes type="dict"><Format type="str">numdotdecimal</Format><Sign type="str">Positive</Sign><Measure type="str">Unit_USD</Measure><Scale type="str">6</Scale><Tag type="str">us-gaap:AvailableForSaleSecuritiesDebtMaturitiesRollingYearSixThroughTenFairValue</Tag><Fact type="float">73077.0</Fact><Period type="str">As of 2021-03-31</Period></Attributes><Labels type="dict"></Labels><References type="dict"></References><Calculation type="dict"></Calculation></Fact_20673725><Fact_20673726 type="dict"><Attributes type="dict"><Tag type="str">usb:AvailableForSaleSecuritiesMaturingAfterFiveYearsThroughTenYearsWeightedAverageMaturities</Tag><Fact type="list"><item type="str">7</item><item type="str">.</item><item type="str">8</item></Fact><Period type="str">2021-01-01 to 2021-01-01</Period></Attributes><Labels type="dict"></Labels><References type="dict"></References><Calculation type="dict"></Calculation></Fact_20673726><Fact_20673727 type="dict"><Attributes type="dict"><Format type="str">numdotdecimal</Format><Sign type="str">Positive</Sign><Measure type="str">Unit_pure</Measure><Scale type="str">-2</Scale><Tag type="str">us-gaap:DebtSecuritiesAvailableForSaleMaturityRollingAfterFiveThroughTenYearsWeightedAverageYield</Tag><Fact type="float">1.46</Fact><Period type="str">As of 2021-03-31</Period></Attributes><Labels type="dict"></Labels><References type="dict"></References><Calculation type="dict"></Calculation></Fact_20673727><Fact_20673728 type="dict"><Attributes type="dict"><Format type="str">numdotdecimal</Format><Sign type="str">Positive</Sign><Measure type="str">Unit_USD</Measure><Scale type="str">6</Scale><Tag type="str">us-gaap:AvailableForSaleSecuritiesDebtMaturitiesRollingAfterYearTenAmortizedCostBasis</Tag><Fact type="float">52.0</Fact><Period type="str">As of 2021-03-31</Period></Attributes><Labels type="dict"></Labels><References type="dict"></References><Calculation type="dict"></Calculation></Fact_20673728><Fact_20673729 type="dict"><Attributes type="dict"><Format type="str">numdotdecimal</Format><Sign type="str">Positive</Sign><Measure type="str">Unit_USD</Measure><Scale type="str">6</Scale><Tag type="str">us-gaap:AvailableForSaleSecuritiesDebtMaturitiesRollingAfterYearTenFairValue</Tag><Fact type="float">52.0</Fact><Period type="str">As of 2021-03-31</Period></Attributes><Labels type="dict"></Labels><References type="dict"></References><Calculation type="dict"></Calculation></Fact_20673729><Fact_20673730 type="dict"><Attributes type="dict"><Tag type="str">usb:AvailableForSaleSecuritiesMaturingAfterTenYearsWeightedAverageMaturities</Tag><Fact type="list"><item type="str">1</item><item type="str">1</item><item type="str">.</item><item type="str">9</item></Fact><Period type="str">2021-01-01 to 2021-01-01</Period></Attributes><Labels type="dict"></Labels><References type="dict"></References><Calculation type="dict"></Calculation></Fact_20673730><Fact_20673731 type="dict"><Attributes type="dict"><Format type="str">numdotdecimal</Format><Sign type="str">Positive</Sign><Measure type="str">Unit_pure</Measure><Scale type="str">-2</Scale><Tag type="str">us-gaap:DebtSecuritiesAvailableForSaleMaturityRollingAfter10YearsWeightedAverageYield</Tag><Fact type="float">1.13</Fact><Period type="str">As of 2021-03-31</Period></Attributes><Labels type="dict"></Labels><References type="dict"></References><Calculation type="dict"></Calculation></Fact_20673731><Fact_20673732 type="dict"><Attributes type="dict"><Format type="str">numdotdecimal</Format><Sign type="str">Positive</Sign><Measure type="str">Unit_USD</Measure><Scale type="str">6</Scale><Tag type="str">us-gaap:AvailableForSaleDebtSecuritiesAmortizedCostBasis</Tag><Fact type="float">122883.0</Fact><Period type="str">As of 2021-03-31</Period></Attributes><Labels type="dict"></Labels><References type="dict"></References><Calculation type="dict"></Calculation></Fact_20673732><Fact_20673733 type="dict"><Attributes type="dict"><Format type="str">numdotdecimal</Format><Sign type="str">Positive</Sign><Measure type="str">Unit_USD</Measure><Scale type="str">6</Scale><Tag type="str">us-gaap:AvailableForSaleSecuritiesDebtSecurities</Tag><Fact type="float">122262.0</Fact><Period type="str">As of 2021-03-31</Period></Attributes><Labels type="dict"></Labels><References type="dict"></References><Calculation type="dict"></Calculation></Fact_20673733><Fact_20673734 type="dict"><Attributes type="dict"><Tag type="str">usb:AvailableForSaleSecuritiesWeightedAverageMaturities</Tag><Fact type="list"><item type="str">6</item><item type="str">.</item><item type="str">1</item></Fact><Period type="str">2021-01-01 to 2021-01-01</Period></Attributes><Labels type="dict"></Labels><References type="dict"></References><Calculation type="dict"></Calculation></Fact_20673734><Fact_20673735 type="dict"><Attributes type="dict"><Format type="str">numdotdecimal</Format><Sign type="str">Positive</Sign><Measure type="str">Unit_pure</Measure><Scale type="str">-2</Scale><Tag type="str">usb:DebtSecuritiesAvailableForSaleWeightedAverageYield</Tag><Fact type="float">1.44</Fact><Period type="str">As of 2021-03-31</Period></Attributes><Labels type="dict"></Labels><References type="dict"></References><Calculation type="dict"></Calculation></Fact_20673735><Fact_20673738 type="dict"><Attributes type="dict"><Tag type="str">usb:AvailableForSaleSecuritiesMaturingInOneYearOrLessWeightedAverageMaturities</Tag><Fact type="list"><item type="str">.</item><item type="str">9</item></Fact><Period type="str">2021-01-01 to 2021-01-01</Period></Attributes><Labels type="dict"></Labels><References type="dict"></References><Calculation type="dict"></Calculation></Fact_20673738><Fact_20673739 type="dict"><Attributes type="dict"><Format type="str">numdotdecimal</Format><Sign type="str">Positive</Sign><Measure type="str">Unit_pure</Measure><Scale type="str">-2</Scale><Tag type="str">us-gaap:DebtSecuritiesAvailableForSaleMaturityRollingWithinOneYearWeightedAverageYield</Tag><Fact type="float">2.69</Fact><Period type="str">As of 2021-03-31</Period></Attributes><Labels type="dict"></Labels><References type="dict"></References><Calculation type="dict"></Calculation></Fact_20673739><Fact_20673740 type="dict"><Attributes type="dict"><Format type="str">numdotdecimal</Format><Sign type="str">Positive</Sign><Measure type="str">Unit_USD</Measure><Scale type="str">6</Scale><Tag type="str">us-gaap:AvailableForSaleSecuritiesDebtMaturitiesRollingYearTwoThroughFiveAmortizedCostBasis</Tag><Fact type="float">3.0</Fact><Period type="str">As of 2021-03-31</Period></Attributes><Labels type="dict"></Labels><References type="dict"></References><Calculation type="dict"></Calculation></Fact_20673740><Fact_20673741 type="dict"><Attributes type="dict"><Format type="str">numdotdecimal</Format><Sign type="str">Positive</Sign><Measure type="str">Unit_USD</Measure><Scale type="str">6</Scale><Tag type="str">us-gaap:AvailableForSaleSecuritiesDebtMaturitiesRollingYearTwoThroughFiveFairValue</Tag><Fact type="float">4.0</Fact><Period type="str">As of 2021-03-31</Period></Attributes><Labels type="dict"></Labels><References type="dict"></References><Calculation type="dict"></Calculation></Fact_20673741><Fact_20673742 type="dict"><Attributes type="dict"><Tag type="str">usb:AvailableForSaleSecuritiesMaturingAfterOneYearThroughFiveYearsWeightedAverageMaturities</Tag><Fact type="list"><item type="str">2</item><item type="str">.</item><item type="str">9</item></Fact><Period type="str">2021-01-01 to 2021-01-01</Period></Attributes><Labels type="dict"></Labels><References type="dict"></References><Calculation type="dict"></Calculation></Fact_20673742><Fact_20673743 type="dict"><Attributes type="dict"><Format type="str">numdotdecimal</Format><Sign type="str">Positive</Sign><Measure type="str">Unit_pure</Measure><Scale type="str">-2</Scale><Tag type="str">us-gaap:DebtSecuritiesAvailableForSaleMaturityRollingAfterOneThroughFiveYearsWeightedAverageYield</Tag><Fact type="float">1.74</Fact><Period type="str">As of 2021-03-31</Period></Attributes><Labels type="dict"></Labels><References type="dict"></References><Calculation type="dict"></Calculation></Fact_20673743><Fact_20673744 type="dict"><Attributes type="dict"><Format type="str">numdotdecimal</Format><Sign type="str">Positive</Sign><Measure type="str">Unit_USD</Measure><Scale type="str">6</Scale><Tag type="str">us-gaap:AvailableForSaleSecuritiesDebtMaturitiesRollingYearSixThroughTenAmortizedCostBasis</Tag><Fact type="float">194.0</Fact><Period type="str">As of 2021-03-31</Period></Attributes><Labels type="dict"></Labels><References type="dict"></References><Calculation type="dict"></Calculation></Fact_20673744><Fact_20673745 type="dict"><Attributes type="dict"><Format type="str">numdotdecimal</Format><Sign type="str">Positive</Sign><Measure type="str">Unit_USD</Measure><Scale type="str">6</Scale><Tag type="str">us-gaap:AvailableForSaleSecuritiesDebtMaturitiesRollingYearSixThroughTenFairValue</Tag><Fact type="float">197.0</Fact><Period type="str">As of 2021-03-31</Period></Attributes><Labels type="dict"></Labels><References type="dict"></References><Calculation type="dict"></Calculation></Fact_20673745><Fact_20673746 type="dict"><Attributes type="dict"><Tag type="str">usb:AvailableForSaleSecuritiesMaturingAfterFiveYearsThroughTenYearsWeightedAverageMaturities</Tag><Fact type="list"><item type="str">6</item><item type="str">.</item><item type="str">0</item></Fact><Period type="str">2021-01-01 to 2021-01-01</Period></Attributes><Labels type="dict"></Labels><References type="dict"></References><Calculation type="dict"></Calculation></Fact_20673746><Fact_20673747 type="dict"><Attributes type="dict"><Format type="str">numdotdecimal</Format><Sign type="str">Positive</Sign><Measure type="str">Unit_pure</Measure><Scale type="str">-2</Scale><Tag type="str">us-gaap:DebtSecuritiesAvailableForSaleMaturityRollingAfterFiveThroughTenYearsWeightedAverageYield</Tag><Fact type="float">1.08</Fact><Period type="str">As of 2021-03-31</Period></Attributes><Labels type="dict"></Labels><References type="dict"></References><Calculation type="dict"></Calculation></Fact_20673747><Fact_20673749 type="dict"><Attributes type="dict"><Format type="str">numdotdecimal</Format><Sign type="str">Positive</Sign><Measure type="str">Unit_USD</Measure><Scale type="str">6</Scale><Tag type="str">us-gaap:AvailableForSaleSecuritiesDebtMaturitiesRollingAfterYearTenFairValue</Tag><Fact type="float">1.0</Fact><Period type="str">As of 2021-03-31</Period></Attributes><Labels type="dict"></Labels><References type="dict"></References><Calculation type="dict"></Calculation></Fact_20673749><Fact_20673750 type="dict"><Attributes type="dict"><Tag type="str">usb:AvailableForSaleSecuritiesMaturingAfterTenYearsWeightedAverageMaturities</Tag><Fact type="list"><item type="str">1</item><item type="str">3</item><item type="str">.</item><item type="str">6</item></Fact><Period type="str">2021-01-01 to 2021-01-01</Period></Attributes><Labels type="dict"></Labels><References type="dict"></References><Calculation type="dict"></Calculation></Fact_20673750><Fact_20673751 type="dict"><Attributes type="dict"><Format type="str">numdotdecimal</Format><Sign type="str">Positive</Sign><Measure type="str">Unit_pure</Measure><Scale type="str">-2</Scale><Tag type="str">us-gaap:DebtSecuritiesAvailableForSaleMaturityRollingAfter10YearsWeightedAverageYield</Tag><Fact type="float">2.41</Fact><Period type="str">As of 2021-03-31</Period></Attributes><Labels type="dict"></Labels><References type="dict"></References><Calculation type="dict"></Calculation></Fact_20673751><Fact_20673752 type="dict"><Attributes type="dict"><Format type="str">numdotdecimal</Format><Sign type="str">Positive</Sign><Measure type="str">Unit_USD</Measure><Scale type="str">6</Scale><Tag type="str">us-gaap:AvailableForSaleDebtSecuritiesAmortizedCostBasis</Tag><Fact type="float">197.0</Fact><Period type="str">As of 2021-03-31</Period></Attributes><Labels type="dict"></Labels><References type="dict"></References><Calculation type="dict"></Calculation></Fact_20673752><Fact_20673753 type="dict"><Attributes type="dict"><Format type="str">numdotdecimal</Format><Sign type="str">Positive</Sign><Measure type="str">Unit_USD</Measure><Scale type="str">6</Scale><Tag type="str">us-gaap:AvailableForSaleSecuritiesDebtSecurities</Tag><Fact type="float">202.0</Fact><Period type="str">As of 2021-03-31</Period></Attributes><Labels type="dict"></Labels><References type="dict"></References><Calculation type="dict"></Calculation></Fact_20673753><Fact_20673754 type="dict"><Attributes type="dict"><Tag type="str">usb:AvailableForSaleSecuritiesWeightedAverageMaturities</Tag><Fact type="list"><item type="str">5</item><item type="str">.</item><item type="str">9</item></Fact><Period type="str">2021-01-01 to 2021-01-01</Period></Attributes><Labels type="dict"></Labels><References type="dict"></References><Calculation type="dict"></Calculation></Fact_20673754><Fact_20673755 type="dict"><Attributes type="dict"><Format type="str">numdotdecimal</Format><Sign type="str">Positive</Sign><Measure type="str">Unit_pure</Measure><Scale type="str">-2</Scale><Tag type="str">usb:DebtSecuritiesAvailableForSaleWeightedAverageYield</Tag><Fact type="float">1.09</Fact><Period type="str">As of 2021-03-31</Period></Attributes><Labels type="dict"></Labels><References type="dict"></References><Calculation type="dict"></Calculation></Fact_20673755><Fact_20673756 type="dict"><Attributes type="dict"><Format type="str">numdotdecimal</Format><Sign type="str">Positive</Sign><Measure type="str">Unit_USD</Measure><Scale type="str">6</Scale><Tag type="str">us-gaap:AvailableForSaleSecuritiesDebtMaturitiesNextRollingTwelveMonthsAmortizedCostBasis</Tag><Fact type="float">178.0</Fact><Period type="str">As of 2021-03-31</Period></Attributes><Labels type="dict"></Labels><References type="dict"></References><Calculation type="dict"></Calculation></Fact_20673756><Fact_20673757 type="dict"><Attributes type="dict"><Format type="str">numdotdecimal</Format><Sign type="str">Positive</Sign><Measure type="str">Unit_USD</Measure><Scale type="str">6</Scale><Tag type="str">us-gaap:AvailableForSaleSecuritiesDebtMaturitiesNextRollingTwelveMonthsFairValue</Tag><Fact type="float">182.0</Fact><Period type="str">As of 2021-03-31</Period></Attributes><Labels type="dict"></Labels><References type="dict"></References><Calculation type="dict"></Calculation></Fact_20673757><Fact_20673758 type="dict"><Attributes type="dict"><Tag type="str">usb:AvailableForSaleSecuritiesMaturingInOneYearOrLessWeightedAverageMaturities</Tag><Fact type="list"><item type="str">.</item><item type="str">7</item></Fact><Period type="str">2021-01-01 to 2021-01-01</Period></Attributes><Labels type="dict"></Labels><References type="dict"></References><Calculation type="dict"></Calculation></Fact_20673758><Fact_20673759 type="dict"><Attributes type="dict"><Format type="str">numdotdecimal</Format><Sign type="str">Positive</Sign><Measure type="str">Unit_pure</Measure><Scale type="str">-2</Scale><Tag type="str">us-gaap:DebtSecuritiesAvailableForSaleMaturityRollingWithinOneYearWeightedAverageYield</Tag><Fact type="float">4.21</Fact><Period type="str">As of 2021-03-31</Period></Attributes><Labels type="dict"></Labels><References type="dict"></References><Calculation type="dict"></Calculation></Fact_20673759><Fact_20673760 type="dict"><Attributes type="dict"><Format type="str">numdotdecimal</Format><Sign type="str">Positive</Sign><Measure type="str">Unit_USD</Measure><Scale type="str">6</Scale><Tag type="str">us-gaap:AvailableForSaleSecuritiesDebtMaturitiesRollingYearTwoThroughFiveAmortizedCostBasis</Tag><Fact type="float">1451.0</Fact><Period type="str">As of 2021-03-31</Period></Attributes><Labels type="dict"></Labels><References type="dict"></References><Calculation type="dict"></Calculation></Fact_20673760><Fact_20673761 type="dict"><Attributes type="dict"><Format type="str">numdotdecimal</Format><Sign type="str">Positive</Sign><Measure type="str">Unit_USD</Measure><Scale type="str">6</Scale><Tag type="str">us-gaap:AvailableForSaleSecuritiesDebtMaturitiesRollingYearTwoThroughFiveFairValue</Tag><Fact type="float">1539.0</Fact><Period type="str">As of 2021-03-31</Period></Attributes><Labels type="dict"></Labels><References type="dict"></References><Calculation type="dict"></Calculation></Fact_20673761><Fact_20673762 type="dict"><Attributes type="dict"><Tag type="str">usb:AvailableForSaleSecuritiesMaturingAfterOneYearThroughFiveYearsWeightedAverageMaturities</Tag><Fact type="list"><item type="str">3</item><item type="str">.</item><item type="str">5</item></Fact><Period type="str">2021-01-01 to 2021-01-01</Period></Attributes><Labels type="dict"></Labels><References type="dict"></References><Calculation type="dict"></Calculation></Fact_20673762><Fact_20673763 type="dict"><Attributes type="dict"><Format type="str">numdotdecimal</Format><Sign type="str">Positive</Sign><Measure type="str">Unit_pure</Measure><Scale type="str">-2</Scale><Tag type="str">us-gaap:DebtSecuritiesAvailableForSaleMaturityRollingAfterOneThroughFiveYearsWeightedAverageYield</Tag><Fact type="float">4.39</Fact><Period type="str">As of 2021-03-31</Period></Attributes><Labels type="dict"></Labels><References type="dict"></References><Calculation type="dict"></Calculation></Fact_20673763><Fact_20673764 type="dict"><Attributes type="dict"><Format type="str">numdotdecimal</Format><Sign type="str">Positive</Sign><Measure type="str">Unit_USD</Measure><Scale type="str">6</Scale><Tag type="str">us-gaap:AvailableForSaleSecuritiesDebtMaturitiesRollingYearSixThroughTenAmortizedCostBasis</Tag><Fact type="float">6624.0</Fact><Period type="str">As of 2021-03-31</Period></Attributes><Labels type="dict"></Labels><References type="dict"></References><Calculation type="dict"></Calculation></Fact_20673764><Fact_20673765 type="dict"><Attributes type="dict"><Format type="str">numdotdecimal</Format><Sign type="str">Positive</Sign><Measure type="str">Unit_USD</Measure><Scale type="str">6</Scale><Tag type="str">us-gaap:AvailableForSaleSecuritiesDebtMaturitiesRollingYearSixThroughTenFairValue</Tag><Fact type="float">7066.0</Fact><Period type="str">As of 2021-03-31</Period></Attributes><Labels type="dict"></Labels><References type="dict"></References><Calculation type="dict"></Calculation></Fact_20673765><Fact_20673766 type="dict"><Attributes type="dict"><Tag type="str">usb:AvailableForSaleSecuritiesMaturingAfterFiveYearsThroughTenYearsWeightedAverageMaturities</Tag><Fact type="list"><item type="str">6</item><item type="str">.</item><item type="str">9</item></Fact><Period type="str">2021-01-01 to 2021-01-01</Period></Attributes><Labels type="dict"></Labels><References type="dict"></References><Calculation type="dict"></Calculation></Fact_20673766><Fact_20673767 type="dict"><Attributes type="dict"><Format type="str">numdotdecimal</Format><Sign type="str">Positive</Sign><Measure type="str">Unit_pure</Measure><Scale type="str">-2</Scale><Tag type="str">us-gaap:DebtSecuritiesAvailableForSaleMaturityRollingAfterFiveThroughTenYearsWeightedAverageYield</Tag><Fact type="float">3.86</Fact><Period type="str">As of 2021-03-31</Period></Attributes><Labels type="dict"></Labels><References type="dict"></References><Calculation type="dict"></Calculation></Fact_20673767><Fact_20673768 type="dict"><Attributes type="dict"><Format type="str">numdotdecimal</Format><Sign type="str">Positive</Sign><Measure type="str">Unit_USD</Measure><Scale type="str">6</Scale><Tag type="str">us-gaap:AvailableForSaleSecuritiesDebtMaturitiesRollingAfterYearTenAmortizedCostBasis</Tag><Fact type="float">434.0</Fact><Period type="str">As of 2021-03-31</Period></Attributes><Labels type="dict"></Labels><References type="dict"></References><Calculation type="dict"></Calculation></Fact_20673768><Fact_20673769 type="dict"><Attributes type="dict"><Format type="str">numdotdecimal</Format><Sign type="str">Positive</Sign><Measure type="str">Unit_USD</Measure><Scale type="str">6</Scale><Tag type="str">us-gaap:AvailableForSaleSecuritiesDebtMaturitiesRollingAfterYearTenFairValue</Tag><Fact type="float">428.0</Fact><Period type="str">As of 2021-03-31</Period></Attributes><Labels type="dict"></Labels><References type="dict"></References><Calculation type="dict"></Calculation></Fact_20673769><Fact_20673770 type="dict"><Attributes type="dict"><Tag type="str">usb:AvailableForSaleSecuritiesMaturingAfterTenYearsWeightedAverageMaturities</Tag><Fact type="list"><item type="str">1</item><item type="str">7</item><item type="str">.</item><item type="str">4</item></Fact><Period type="str">2021-01-01 to 2021-01-01</Period></Attributes><Labels type="dict"></Labels><References type="dict"></References><Calculation type="dict"></Calculation></Fact_20673770><Fact_20673771 type="dict"><Attributes type="dict"><Format type="str">numdotdecimal</Format><Sign type="str">Positive</Sign><Measure type="str">Unit_pure</Measure><Scale type="str">-2</Scale><Tag type="str">us-gaap:DebtSecuritiesAvailableForSaleMaturityRollingAfter10YearsWeightedAverageYield</Tag><Fact type="float">2.57</Fact><Period type="str">As of 2021-03-31</Period></Attributes><Labels type="dict"></Labels><References type="dict"></References><Calculation type="dict"></Calculation></Fact_20673771><Fact_20673772 type="dict"><Attributes type="dict"><Format type="str">numdotdecimal</Format><Sign type="str">Positive</Sign><Measure type="str">Unit_USD</Measure><Scale type="str">6</Scale><Tag type="str">us-gaap:AvailableForSaleDebtSecuritiesAmortizedCostBasis</Tag><Fact type="float">8687.0</Fact><Period type="str">As of 2021-03-31</Period></Attributes><Labels type="dict"></Labels><References type="dict"></References><Calculation type="dict"></Calculation></Fact_20673772><Fact_20673773 type="dict"><Attributes type="dict"><Format type="str">numdotdecimal</Format><Sign type="str">Positive</Sign><Measure type="str">Unit_USD</Measure><Scale type="str">6</Scale><Tag type="str">us-gaap:AvailableForSaleSecuritiesDebtSecurities</Tag><Fact type="float">9215.0</Fact><Period type="str">As of 2021-03-31</Period></Attributes><Labels type="dict"></Labels><References type="dict"></References><Calculation type="dict"></Calculation></Fact_20673773><Fact_20673774 type="dict"><Attributes type="dict"><Tag type="str">usb:AvailableForSaleSecuritiesWeightedAverageMaturities</Tag><Fact type="list"><item type="str">6</item><item type="str">.</item><item type="str">7</item></Fact><Period type="str">2021-01-01 to 2021-01-01</Period></Attributes><Labels type="dict"></Labels><References type="dict"></References><Calculation type="dict"></Calculation></Fact_20673774><Fact_20673775 type="dict"><Attributes type="dict"><Format type="str">numdotdecimal</Format><Sign type="str">Positive</Sign><Measure type="str">Unit_pure</Measure><Scale type="str">-2</Scale><Tag type="str">usb:DebtSecuritiesAvailableForSaleWeightedAverageYield</Tag><Fact type="float">3.89</Fact><Period type="str">As of 2021-03-31</Period></Attributes><Labels type="dict"></Labels><References type="dict"></References><Calculation type="dict"></Calculation></Fact_20673775><Fact_20673779 type="dict"><Attributes type="dict"><Format type="str">numdotdecimal</Format><Sign type="str">Positive</Sign><Measure type="str">Unit_pure</Measure><Scale type="str">-2</Scale><Tag type="str">us-gaap:DebtSecuritiesAvailableForSaleMaturityRollingWithinOneYearWeightedAverageYield</Tag><Fact type="float">2.07</Fact><Period type="str">As of 2021-03-31</Period></Attributes><Labels type="dict"></Labels><References type="dict"></References><Calculation type="dict"></Calculation></Fact_20673779><Fact_20673795 type="dict"><Attributes type="dict"><Format type="str">numdotdecimal</Format><Sign type="str">Positive</Sign><Measure type="str">Unit_pure</Measure><Scale type="str">-2</Scale><Tag type="str">usb:DebtSecuritiesAvailableForSaleWeightedAverageYield</Tag><Fact type="float">2.07</Fact><Period type="str">As of 2021-03-31</Period></Attributes><Labels type="dict"></Labels><References type="dict"></References><Calculation type="dict"></Calculation></Fact_20673795><Fact_20673796 type="dict"><Attributes type="dict"><Format type="str">numdotdecimal</Format><Sign type="str">Positive</Sign><Measure type="str">Unit_USD</Measure><Scale type="str">6</Scale><Tag type="str">us-gaap:AvailableForSaleDebtSecuritiesAmortizedCostBasis</Tag><Fact type="float">156175.0</Fact><Period type="str">As of 2021-03-31</Period></Attributes><Labels type="dict"></Labels><References type="dict"></References><Calculation type="dict"></Calculation></Fact_20673796><Fact_20673797 type="dict"><Attributes type="dict"><Format type="str">numdotdecimal</Format><Sign type="str">Positive</Sign><Measure type="str">Unit_USD</Measure><Scale type="str">6</Scale><Tag type="str">us-gaap:AvailableForSaleSecuritiesDebtSecurities</Tag><Fact type="float">156003.0</Fact><Period type="str">As of 2021-03-31</Period></Attributes><Labels type="dict"></Labels><References type="dict"></References><Calculation type="dict"></Calculation></Fact_20673797><Fact_20673798 type="dict"><Attributes type="dict"><Tag type="str">usb:AvailableForSaleSecuritiesWeightedAverageMaturities</Tag><Fact type="list"><item type="str">5</item><item type="str">.</item><item type="str">9</item></Fact><Period type="str">2021-01-01 to 2021-01-01</Period></Attributes><Labels type="dict"></Labels><References type="dict"></References><Calculation type="dict"></Calculation></Fact_20673798><Fact_20673799 type="dict"><Attributes type="dict"><Format type="str">numdotdecimal</Format><Sign type="str">Positive</Sign><Measure type="str">Unit_pure</Measure><Scale type="str">-2</Scale><Tag type="str">usb:DebtSecuritiesAvailableForSaleWeightedAverageYield</Tag><Fact type="float">1.55</Fact><Period type="str">As of 2021-03-31</Period></Attributes><Labels type="dict"></Labels><References type="dict"></References><Calculation type="dict"></Calculation></Fact_20673799><Fact_20675284 type="dict"><Attributes type="dict"><Format type="str">numdotdecimal</Format><Sign type="str">Positive</Sign><Measure type="str">Unit_USD</Measure><Scale type="str">6</Scale><Tag type="str">usb:IssuanceCostsOfCalledPreferredStock</Tag><Fact type="float">5.0</Fact><Period type="str">2021-01-01 to 2021-01-01</Period></Attributes><Labels type="dict"></Labels><References type="dict"></References><Calculation type="dict"></Calculation></Fact_20675284></root>