{"hidden21007307": {"Attributes": {"Tag": "us-gaap:ShareBasedCompensationArrangementByShareBasedPaymentAwardAwardVestingPeriod1", "Fact": "P5Y", "Period": "2021-01-01 to 2021-01-01"}, "Labels": {}, "References": {}, "Calculation": {}}, "hidden21132510": {"Attributes": {"Tag": "us-gaap:ShareBasedCompensationArrangementByShareBasedPaymentAwardAwardVestingPeriod1", "Fact": "P5Y", "Period": "2021-01-01 to 2021-01-01"}, "Labels": {}, "References": {}, "Calculation": {}}, "hidden21007350": {"Attributes": {"Tag": "us-gaap:RevenueRemainingPerformanceObligationExpectedTimingOfSatisfactionPeriod1", "Fact": "P1Y", "Period": "As of 2021-04-03"}, "Labels": {}, "References": {}, "Calculation": {}}, "hidden21007352": {"Attributes": {"Tag": "us-gaap:RevenueRemainingPerformanceObligationExpectedTimingOfSatisfactionPeriod1", "Fact": "P2Y", "Period": "As of 2021-04-03"}, "Labels": {}, "References": {}, "Calculation": {}}, "hidden21007369": {"Attributes": {"Tag": "us-gaap:RevenueRemainingPerformanceObligationExpectedTimingOfSatisfactionPeriod1", "Fact": "P0Y", "Period": "As of 2021-04-03"}, "Labels": {}, "References": {}, "Calculation": {}}, "hidden21007367": {"Attributes": {"Tag": "us-gaap:DebtInstrumentMaturityDate", "Fact": "2026-03-31", "Period": "2021-01-01 to 2021-01-01"}, "Labels": {}, "References": {}, "Calculation": {}}, "hidden21007368": {"Attributes": {"Tag": "us-gaap:DebtInstrumentMaturityDate", "Fact": "2031-03-31", "Period": "2021-01-01 to 2021-01-01"}, "Labels": {}, "References": {}, "Calculation": {}}, "Fact_21006774": {"Attributes": {"Format": "numdotdecimal", "Sign": "Positive", "Measure": "Unit_USD", "Scale": "3", "Tag": "us-gaap:DebtInstrumentCarryingAmount", "Fact": 50000.0, "Period": "As of 2021-04-03"}, "Labels": {}, "References": {}, "Calculation": {}}, "Fact_21006775": {"Attributes": {"Format": "numdotdecimal", "Sign": "Positive", "Measure": "Unit_USD", "Scale": "3", "Tag": "us-gaap:DebtInstrumentCarryingAmount", "Fact": 50000.0, "Period": "As of 2020-12-31"}, "Labels": {}, "References": {}, "Calculation": {}}}