<?xml version="1.0" encoding="UTF-8" ?><root><hidden21007307 type="dict"><Attributes type="dict"><Tag type="str">us-gaap:ShareBasedCompensationArrangementByShareBasedPaymentAwardAwardVestingPeriod1</Tag><Fact type="list"><item type="str">P</item><item type="str">5</item><item type="str">Y</item></Fact><Period type="str">2021-01-01 to 2021-01-01</Period></Attributes><Labels type="dict"></Labels><References type="dict"></References><Calculation type="dict"></Calculation></hidden21007307><hidden21132510 type="dict"><Attributes type="dict"><Tag type="str">us-gaap:ShareBasedCompensationArrangementByShareBasedPaymentAwardAwardVestingPeriod1</Tag><Fact type="list"><item type="str">P</item><item type="str">5</item><item type="str">Y</item></Fact><Period type="str">2021-01-01 to 2021-01-01</Period></Attributes><Labels type="dict"></Labels><References type="dict"></References><Calculation type="dict"></Calculation></hidden21132510><hidden21007350 type="dict"><Attributes type="dict"><Tag type="str">us-gaap:RevenueRemainingPerformanceObligationExpectedTimingOfSatisfactionPeriod1</Tag><Fact type="list"><item type="str">P</item><item type="str">1</item><item type="str">Y</item></Fact><Period type="str">As of 2021-04-03</Period></Attributes><Labels type="dict"></Labels><References type="dict"></References><Calculation type="dict"></Calculation></hidden21007350><hidden21007352 type="dict"><Attributes type="dict"><Tag type="str">us-gaap:RevenueRemainingPerformanceObligationExpectedTimingOfSatisfactionPeriod1</Tag><Fact type="list"><item type="str">P</item><item type="str">2</item><item type="str">Y</item></Fact><Period type="str">As of 2021-04-03</Period></Attributes><Labels type="dict"></Labels><References type="dict"></References><Calculation type="dict"></Calculation></hidden21007352><hidden21007369 type="dict"><Attributes type="dict"><Tag type="str">us-gaap:RevenueRemainingPerformanceObligationExpectedTimingOfSatisfactionPeriod1</Tag><Fact type="list"><item type="str">P</item><item type="str">0</item><item type="str">Y</item></Fact><Period type="str">As of 2021-04-03</Period></Attributes><Labels type="dict"></Labels><References type="dict"></References><Calculation type="dict"></Calculation></hidden21007369><hidden21007367 type="dict"><Attributes type="dict"><Tag type="str">us-gaap:DebtInstrumentMaturityDate</Tag><Fact type="list"><item type="str">2</item><item type="str">0</item><item type="str">2</item><item type="str">6</item><item type="str">-</item><item type="str">0</item><item type="str">3</item><item type="str">-</item><item type="str">3</item><item type="str">1</item></Fact><Period type="str">2021-01-01 to 2021-01-01</Period></Attributes><Labels type="dict"></Labels><References type="dict"></References><Calculation type="dict"></Calculation></hidden21007367><hidden21007368 type="dict"><Attributes type="dict"><Tag type="str">us-gaap:DebtInstrumentMaturityDate</Tag><Fact type="list"><item type="str">2</item><item type="str">0</item><item type="str">3</item><item type="str">1</item><item type="str">-</item><item type="str">0</item><item type="str">3</item><item type="str">-</item><item type="str">3</item><item type="str">1</item></Fact><Period type="str">2021-01-01 to 2021-01-01</Period></Attributes><Labels type="dict"></Labels><References type="dict"></References><Calculation type="dict"></Calculation></hidden21007368><Fact_21006774 type="dict"><Attributes type="dict"><Format type="str">numdotdecimal</Format><Sign type="str">Positive</Sign><Measure type="str">Unit_USD</Measure><Scale type="str">3</Scale><Tag type="str">us-gaap:DebtInstrumentCarryingAmount</Tag><Fact type="float">50000.0</Fact><Period type="str">As of 2021-04-03</Period></Attributes><Labels type="dict"></Labels><References type="dict"></References><Calculation type="dict"></Calculation></Fact_21006774><Fact_21006775 type="dict"><Attributes type="dict"><Format type="str">numdotdecimal</Format><Sign type="str">Positive</Sign><Measure type="str">Unit_USD</Measure><Scale type="str">3</Scale><Tag type="str">us-gaap:DebtInstrumentCarryingAmount</Tag><Fact type="float">50000.0</Fact><Period type="str">As of 2020-12-31</Period></Attributes><Labels type="dict"></Labels><References type="dict"></References><Calculation type="dict"></Calculation></Fact_21006775></root>